Warning: Qt5 not available, using default configuration values.
  Controller IP: 192.168.1.177
  PLC IP: 192.168.1.100
  Tango Host: 192.168.1.177:10000
  ORB Timeouts: call=5000ms, connect=3000ms
MotionControllerDeviceClass::device_factory() called with 1 device(s)
  Creating device: sys/motion/3
2026-02-02T16:33:46,827575+0800 INFO (motion_controller_device.cpp:100) sys/motion/3 MotionControllerDevice::init_device() sys/motion/3
2026-02-02T16:33:46,831017+0800 INFO (motion_controller_device.cpp:192) sys/motion/3 [DEBUG] 运行模式: 真实模式 (从配置文件加载, SIM_MODE=false)
2026-02-02T16:33:46,831107+0800 INFO (motion_controller_device.cpp:193) sys/motion/3 [DEBUG] 提示: 可通过 simSwitch 命令或GUI动态切换模拟模式
2026-02-02T16:33:46,831145+0800 DEBUG (motion_controller_device.cpp:196) sys/motion/3 [SMC] smc_board_init(card_id=2, ip=192.168.1.13)
2026-02-02T16:33:46,844324+0800 DEBUG (motion_controller_device.cpp:198) sys/motion/3 [SMC] smc_board_init() returned: 0
2026-02-02T16:33:46,845060+0800 INFO (motion_controller_device.cpp:213) sys/motion/3 MotionControllerDevice::init_device() completed for sys/motion/3 [State: ON]
  Exporting device: sys/motion/3
  ✓ Device sys/motion/3 exported successfully
MotionControllerDeviceClass::device_factory() completed. Total devices: 1
MotionController Server Ready - Exported 1 device(s):
  [1] sys/motion/3
2026-02-02T16:33:48,883901+0800 DEBUG (motion_controller_device.cpp:1015) sys/motion/3 [SMC] smc_set_equiv(card_id=2, axis=6, equiv=1.25e-06 [step_angle=1.8, gear_ratio=1, subdivision=4000])
02/02/2026  16:33:48:885 src/smcxxx.c,L:6098,smc_set_equiv:ConnectNo:2,axis:6,new_equiv:0.000001,return:1008

2026-02-02T16:33:48,885241+0800 DEBUG (motion_controller_device.cpp:1019) sys/motion/3 [SMC] smc_set_equiv() returned: 1008
2026-02-02T16:33:48,886547+0800 DEBUG (motion_controller_device.cpp:1213) sys/motion/3 [SMC] smc_write_outbit(card_id=2, bitno=0, logical_value=1, hardware_value=0)
2026-02-02T16:33:48,887010+0800 DEBUG (motion_controller_device.cpp:1216) sys/motion/3 [SMC] smc_write_outbit() returned: 0
2026-02-02T16:33:48,887564+0800 DEBUG (motion_controller_device.cpp:1213) sys/motion/3 [SMC] smc_write_outbit(card_id=2, bitno=4, logical_value=1, hardware_value=0)
2026-02-02T16:33:48,887952+0800 DEBUG (motion_controller_device.cpp:1216) sys/motion/3 [SMC] smc_write_outbit() returned: 0
2026-02-02T16:33:48,889610+0800 DEBUG (motion_controller_device.cpp:1151) sys/motion/3 [SMC] smc_set_encoder_unit(card_id=2, axis=6, pos=519.358)
2026-02-02T16:33:48,890106+0800 DEBUG (motion_controller_device.cpp:1153) sys/motion/3 [SMC] smc_set_encoder_unit() returned: 0
2026-02-02T16:33:49,907786+0800 DEBUG (motion_controller_device.cpp:1213) sys/motion/3 [SMC] smc_write_outbit(card_id=2, bitno=0, logical_value=1, hardware_value=0)
2026-02-02T16:33:49,908672+0800 DEBUG (motion_controller_device.cpp:1216) sys/motion/3 [SMC] smc_write_outbit() returned: 0
2026-02-02T16:33:49,909143+0800 DEBUG (motion_controller_device.cpp:1213) sys/motion/3 [SMC] smc_write_outbit(card_id=2, bitno=3, logical_value=1, hardware_value=0)
2026-02-02T16:33:49,909585+0800 DEBUG (motion_controller_device.cpp:1216) sys/motion/3 [SMC] smc_write_outbit() returned: 0
2026-02-02T16:33:50,896012+0800 DEBUG (motion_controller_device.cpp:1213) sys/motion/3 [SMC] smc_write_outbit(card_id=2, bitno=6, logical_value=1, hardware_value=0)
2026-02-02T16:33:50,896486+0800 DEBUG (motion_controller_device.cpp:1216) sys/motion/3 [SMC] smc_write_outbit() returned: 0
2026-02-02T16:33:50,918353+0800 DEBUG (motion_controller_device.cpp:1213) sys/motion/3 [SMC] smc_write_outbit(card_id=2, bitno=6, logical_value=1, hardware_value=0)
2026-02-02T16:33:50,918999+0800 DEBUG (motion_controller_device.cpp:1216) sys/motion/3 [SMC] smc_write_outbit() returned: 0
2026-02-02T16:33:50,932849+0800 DEBUG (motion_controller_device.cpp:1213) sys/motion/3 [SMC] smc_write_outbit(card_id=2, bitno=6, logical_value=1, hardware_value=0)
2026-02-02T16:33:50,933584+0800 DEBUG (motion_controller_device.cpp:1216) sys/motion/3 [SMC] smc_write_outbit() returned: 0
2026-02-02T16:33:50,949036+0800 DEBUG (motion_controller_device.cpp:1213) sys/motion/3 [SMC] smc_write_outbit(card_id=2, bitno=6, logical_value=1, hardware_value=0)
2026-02-02T16:33:50,949619+0800 DEBUG (motion_controller_device.cpp:1216) sys/motion/3 [SMC] smc_write_outbit() returned: 0
2026-02-02T16:33:50,964317+0800 DEBUG (motion_controller_device.cpp:1213) sys/motion/3 [SMC] smc_write_outbit(card_id=2, bitno=6, logical_value=1, hardware_value=0)
2026-02-02T16:33:50,964832+0800 DEBUG (motion_controller_device.cpp:1216) sys/motion/3 [SMC] smc_write_outbit() returned: 0
2026-02-02T16:33:51,962588+0800 DEBUG (motion_controller_device.cpp:1213) sys/motion/3 [SMC] smc_write_outbit(card_id=2, bitno=2, logical_value=1, hardware_value=0)
2026-02-02T16:33:51,963296+0800 DEBUG (motion_controller_device.cpp:1216) sys/motion/3 [SMC] smc_write_outbit() returned: 0
2026-02-02T16:33:51,964905+0800 DEBUG (motion_controller_device.cpp:1213) sys/motion/3 [SMC] smc_write_outbit(card_id=2, bitno=5, logical_value=1, hardware_value=0)
2026-02-02T16:33:51,965555+0800 DEBUG (motion_controller_device.cpp:1216) sys/motion/3 [SMC] smc_write_outbit() returned: 0
2026-02-02T16:36:35,403854+0800 DEBUG (motion_controller_device.cpp:983) sys/motion/3 [SMC] smc_set_profile_unit(card_id=2, axis=0, start_vel=3000, max_vel=10000, acc_time=0.1, dec_time=0.1, stop_vel=100)
2026-02-02T16:36:35,405686+0800 DEBUG (motion_controller_device.cpp:988) sys/motion/3 [SMC] smc_set_profile_unit() returned: 0
2026-02-02T16:36:35,406953+0800 DEBUG (motion_controller_device.cpp:983) sys/motion/3 [SMC] smc_set_profile_unit(card_id=2, axis=1, start_vel=3000, max_vel=10000, acc_time=0.1, dec_time=0.1, stop_vel=100)
2026-02-02T16:36:35,408034+0800 DEBUG (motion_controller_device.cpp:988) sys/motion/3 [SMC] smc_set_profile_unit() returned: 0
2026-02-02T16:36:35,408318+0800 DEBUG (motion_controller_device.cpp:983) sys/motion/3 [SMC] smc_set_profile_unit(card_id=2, axis=2, start_vel=3000, max_vel=10000, acc_time=0.1, dec_time=0.1, stop_vel=100)
2026-02-02T16:36:35,409629+0800 DEBUG (motion_controller_device.cpp:988) sys/motion/3 [SMC] smc_set_profile_unit() returned: 0
2026-02-02T16:36:35,410173+0800 DEBUG (motion_controller_device.cpp:983) sys/motion/3 [SMC] smc_set_profile_unit(card_id=2, axis=3, start_vel=3000, max_vel=10000, acc_time=0.1, dec_time=0.1, stop_vel=100)
2026-02-02T16:36:35,411482+0800 DEBUG (motion_controller_device.cpp:988) sys/motion/3 [SMC] smc_set_profile_unit() returned: 0
2026-02-02T16:36:35,411831+0800 DEBUG (motion_controller_device.cpp:983) sys/motion/3 [SMC] smc_set_profile_unit(card_id=2, axis=4, start_vel=3000, max_vel=10000, acc_time=0.1, dec_time=0.1, stop_vel=100)
2026-02-02T16:36:35,413051+0800 DEBUG (motion_controller_device.cpp:988) sys/motion/3 [SMC] smc_set_profile_unit() returned: 0
2026-02-02T16:36:35,413634+0800 DEBUG (motion_controller_device.cpp:983) sys/motion/3 [SMC] smc_set_profile_unit(card_id=2, axis=5, start_vel=3000, max_vel=10000, acc_time=0.1, dec_time=0.1, stop_vel=100)
2026-02-02T16:36:35,414653+0800 DEBUG (motion_controller_device.cpp:988) sys/motion/3 [SMC] smc_set_profile_unit() returned: 0
2026-02-02T16:36:35,416678+0800 DEBUG (motion_controller_device.cpp:656) sys/motion/3 [SMC] Checking axis 0 enable status...
2026-02-02T16:36:35,417530+0800 DEBUG (motion_controller_device.cpp:658) sys/motion/3 [SMC] smc_read_sevon_pin() returned: 1 (0=disabled, 1=enabled)
2026-02-02T16:36:35,417664+0800 DEBUG (motion_controller_device.cpp:672) sys/motion/3 [SMC] smc_pmove_unit(card_id=2, axis=0, dist=11682, mode=relative)
2026-02-02T16:36:35,419678+0800 DEBUG (motion_controller_device.cpp:674) sys/motion/3 [SMC] smc_pmove_unit() returned: 0
2026-02-02T16:36:35,420218+0800 INFO (motion_controller_device.cpp:1482) sys/motion/3 [SMC] Checking axis 0 motion status...
2026-02-02T16:36:35,420239+0800 DEBUG (motion_controller_device.cpp:1483) sys/motion/3 [SMC] smc_check_done(card_id=2, axis=0) [always_executed_hook]
2026-02-02T16:36:35,420811+0800 DEBUG (motion_controller_device.cpp:1486) sys/motion/3 [SMC] smc_check_done() returned: 0 (0=moving, 1=stopped)
2026-02-02T16:36:35,421986+0800 DEBUG (motion_controller_device.cpp:656) sys/motion/3 [SMC] Checking axis 1 enable status...
2026-02-02T16:36:35,422489+0800 DEBUG (motion_controller_device.cpp:658) sys/motion/3 [SMC] smc_read_sevon_pin() returned: 1 (0=disabled, 1=enabled)
2026-02-02T16:36:35,422509+0800 DEBUG (motion_controller_device.cpp:672) sys/motion/3 [SMC] smc_pmove_unit(card_id=2, axis=1, dist=-11280, mode=relative)
2026-02-02T16:36:35,423256+0800 DEBUG (motion_controller_device.cpp:674) sys/motion/3 [SMC] smc_pmove_unit() returned: 0
2026-02-02T16:36:35,423510+0800 INFO (motion_controller_device.cpp:1482) sys/motion/3 [SMC] Checking axis 0 motion status...
2026-02-02T16:36:35,423526+0800 DEBUG (motion_controller_device.cpp:1483) sys/motion/3 [SMC] smc_check_done(card_id=2, axis=0) [always_executed_hook]
2026-02-02T16:36:35,424084+0800 DEBUG (motion_controller_device.cpp:1486) sys/motion/3 [SMC] smc_check_done() returned: 0 (0=moving, 1=stopped)
2026-02-02T16:36:35,424602+0800 INFO (motion_controller_device.cpp:1482) sys/motion/3 [SMC] Checking axis 1 motion status...
2026-02-02T16:36:35,424607+0800 DEBUG (motion_controller_device.cpp:1483) sys/motion/3 [SMC] smc_check_done(card_id=2, axis=1) [always_executed_hook]
2026-02-02T16:36:35,424969+0800 DEBUG (motion_controller_device.cpp:1486) sys/motion/3 [SMC] smc_check_done() returned: 0 (0=moving, 1=stopped)
2026-02-02T16:36:35,425360+0800 DEBUG (motion_controller_device.cpp:656) sys/motion/3 [SMC] Checking axis 2 enable status...
2026-02-02T16:36:35,425768+0800 DEBUG (motion_controller_device.cpp:658) sys/motion/3 [SMC] smc_read_sevon_pin() returned: 1 (0=disabled, 1=enabled)
2026-02-02T16:36:35,425787+0800 DEBUG (motion_controller_device.cpp:672) sys/motion/3 [SMC] smc_pmove_unit(card_id=2, axis=2, dist=11682, mode=relative)
2026-02-02T16:36:35,426633+0800 DEBUG (motion_controller_device.cpp:674) sys/motion/3 [SMC] smc_pmove_unit() returned: 0
2026-02-02T16:36:35,426814+0800 INFO (motion_controller_device.cpp:1482) sys/motion/3 [SMC] Checking axis 0 motion status...
2026-02-02T16:36:35,426826+0800 DEBUG (motion_controller_device.cpp:1483) sys/motion/3 [SMC] smc_check_done(card_id=2, axis=0) [always_executed_hook]
2026-02-02T16:36:35,427271+0800 DEBUG (motion_controller_device.cpp:1486) sys/motion/3 [SMC] smc_check_done() returned: 0 (0=moving, 1=stopped)
2026-02-02T16:36:35,427663+0800 INFO (motion_controller_device.cpp:1482) sys/motion/3 [SMC] Checking axis 1 motion status...
2026-02-02T16:36:35,427671+0800 DEBUG (motion_controller_device.cpp:1483) sys/motion/3 [SMC] smc_check_done(card_id=2, axis=1) [always_executed_hook]
2026-02-02T16:36:35,428031+0800 DEBUG (motion_controller_device.cpp:1486) sys/motion/3 [SMC] smc_check_done() returned: 0 (0=moving, 1=stopped)
2026-02-02T16:36:35,428363+0800 INFO (motion_controller_device.cpp:1482) sys/motion/3 [SMC] Checking axis 2 motion status...
2026-02-02T16:36:35,428370+0800 DEBUG (motion_controller_device.cpp:1483) sys/motion/3 [SMC] smc_check_done(card_id=2, axis=2) [always_executed_hook]
2026-02-02T16:36:35,428717+0800 DEBUG (motion_controller_device.cpp:1486) sys/motion/3 [SMC] smc_check_done() returned: 0 (0=moving, 1=stopped)
2026-02-02T16:36:35,429382+0800 DEBUG (motion_controller_device.cpp:656) sys/motion/3 [SMC] Checking axis 3 enable status...
2026-02-02T16:36:35,430032+0800 DEBUG (motion_controller_device.cpp:658) sys/motion/3 [SMC] smc_read_sevon_pin() returned: 1 (0=disabled, 1=enabled)
2026-02-02T16:36:35,430059+0800 DEBUG (motion_controller_device.cpp:672) sys/motion/3 [SMC] smc_pmove_unit(card_id=2, axis=3, dist=-11280, mode=relative)
2026-02-02T16:36:35,430883+0800 DEBUG (motion_controller_device.cpp:674) sys/motion/3 [SMC] smc_pmove_unit() returned: 0
2026-02-02T16:36:35,431154+0800 INFO (motion_controller_device.cpp:1482) sys/motion/3 [SMC] Checking axis 0 motion status...
2026-02-02T16:36:35,431172+0800 DEBUG (motion_controller_device.cpp:1483) sys/motion/3 [SMC] smc_check_done(card_id=2, axis=0) [always_executed_hook]
2026-02-02T16:36:35,431537+0800 DEBUG (motion_controller_device.cpp:1486) sys/motion/3 [SMC] smc_check_done() returned: 0 (0=moving, 1=stopped)
2026-02-02T16:36:35,432108+0800 INFO (motion_controller_device.cpp:1482) sys/motion/3 [SMC] Checking axis 1 motion status...
2026-02-02T16:36:35,432122+0800 DEBUG (motion_controller_device.cpp:1483) sys/motion/3 [SMC] smc_check_done(card_id=2, axis=1) [always_executed_hook]
2026-02-02T16:36:35,432576+0800 DEBUG (motion_controller_device.cpp:1486) sys/motion/3 [SMC] smc_check_done() returned: 0 (0=moving, 1=stopped)
2026-02-02T16:36:35,433096+0800 INFO (motion_controller_device.cpp:1482) sys/motion/3 [SMC] Checking axis 2 motion status...
2026-02-02T16:36:35,433114+0800 DEBUG (motion_controller_device.cpp:1483) sys/motion/3 [SMC] smc_check_done(card_id=2, axis=2) [always_executed_hook]
2026-02-02T16:36:35,433567+0800 DEBUG (motion_controller_device.cpp:1486) sys/motion/3 [SMC] smc_check_done() returned: 0 (0=moving, 1=stopped)
2026-02-02T16:36:35,433940+0800 INFO (motion_controller_device.cpp:1482) sys/motion/3 [SMC] Checking axis 3 motion status...
2026-02-02T16:36:35,433951+0800 DEBUG (motion_controller_device.cpp:1483) sys/motion/3 [SMC] smc_check_done(card_id=2, axis=3) [always_executed_hook]
2026-02-02T16:36:35,434386+0800 DEBUG (motion_controller_device.cpp:1486) sys/motion/3 [SMC] smc_check_done() returned: 0 (0=moving, 1=stopped)
2026-02-02T16:36:35,435024+0800 DEBUG (motion_controller_device.cpp:656) sys/motion/3 [SMC] Checking axis 4 enable status...
2026-02-02T16:36:35,435478+0800 DEBUG (motion_controller_device.cpp:658) sys/motion/3 [SMC] smc_read_sevon_pin() returned: 1 (0=disabled, 1=enabled)
2026-02-02T16:36:35,435495+0800 DEBUG (motion_controller_device.cpp:672) sys/motion/3 [SMC] smc_pmove_unit(card_id=2, axis=4, dist=11682, mode=relative)
2026-02-02T16:36:35,436317+0800 DEBUG (motion_controller_device.cpp:674) sys/motion/3 [SMC] smc_pmove_unit() returned: 0
2026-02-02T16:36:35,436568+0800 INFO (motion_controller_device.cpp:1482) sys/motion/3 [SMC] Checking axis 0 motion status...
2026-02-02T16:36:35,436581+0800 DEBUG (motion_controller_device.cpp:1483) sys/motion/3 [SMC] smc_check_done(card_id=2, axis=0) [always_executed_hook]
2026-02-02T16:36:35,437126+0800 DEBUG (motion_controller_device.cpp:1486) sys/motion/3 [SMC] smc_check_done() returned: 0 (0=moving, 1=stopped)
2026-02-02T16:36:35,437548+0800 INFO (motion_controller_device.cpp:1482) sys/motion/3 [SMC] Checking axis 1 motion status...
2026-02-02T16:36:35,437555+0800 DEBUG (motion_controller_device.cpp:1483) sys/motion/3 [SMC] smc_check_done(card_id=2, axis=1) [always_executed_hook]
2026-02-02T16:36:35,437964+0800 DEBUG (motion_controller_device.cpp:1486) sys/motion/3 [SMC] smc_check_done() returned: 0 (0=moving, 1=stopped)
2026-02-02T16:36:35,438657+0800 INFO (motion_controller_device.cpp:1482) sys/motion/3 [SMC] Checking axis 2 motion status...
2026-02-02T16:36:35,438671+0800 DEBUG (motion_controller_device.cpp:1483) sys/motion/3 [SMC] smc_check_done(card_id=2, axis=2) [always_executed_hook]
2026-02-02T16:36:35,439322+0800 DEBUG (motion_controller_device.cpp:1486) sys/motion/3 [SMC] smc_check_done() returned: 0 (0=moving, 1=stopped)
2026-02-02T16:36:35,439908+0800 INFO (motion_controller_device.cpp:1482) sys/motion/3 [SMC] Checking axis 3 motion status...
2026-02-02T16:36:35,439922+0800 DEBUG (motion_controller_device.cpp:1483) sys/motion/3 [SMC] smc_check_done(card_id=2, axis=3) [always_executed_hook]
2026-02-02T16:36:35,440462+0800 DEBUG (motion_controller_device.cpp:1486) sys/motion/3 [SMC] smc_check_done() returned: 0 (0=moving, 1=stopped)
2026-02-02T16:36:35,440958+0800 INFO (motion_controller_device.cpp:1482) sys/motion/3 [SMC] Checking axis 4 motion status...
2026-02-02T16:36:35,440968+0800 DEBUG (motion_controller_device.cpp:1483) sys/motion/3 [SMC] smc_check_done(card_id=2, axis=4) [always_executed_hook]
2026-02-02T16:36:35,441636+0800 DEBUG (motion_controller_device.cpp:1486) sys/motion/3 [SMC] smc_check_done() returned: 0 (0=moving, 1=stopped)
2026-02-02T16:36:35,442182+0800 DEBUG (motion_controller_device.cpp:656) sys/motion/3 [SMC] Checking axis 5 enable status...
2026-02-02T16:36:35,442771+0800 DEBUG (motion_controller_device.cpp:658) sys/motion/3 [SMC] smc_read_sevon_pin() returned: 1 (0=disabled, 1=enabled)
2026-02-02T16:36:35,442791+0800 DEBUG (motion_controller_device.cpp:672) sys/motion/3 [SMC] smc_pmove_unit(card_id=2, axis=5, dist=-11280, mode=relative)
2026-02-02T16:36:35,443680+0800 DEBUG (motion_controller_device.cpp:674) sys/motion/3 [SMC] smc_pmove_unit() returned: 0
2026-02-02T16:36:35,445202+0800 INFO (motion_controller_device.cpp:1482) sys/motion/3 [SMC] Checking axis 0 motion status...
2026-02-02T16:36:35,445231+0800 DEBUG (motion_controller_device.cpp:1483) sys/motion/3 [SMC] smc_check_done(card_id=2, axis=0) [always_executed_hook]
2026-02-02T16:36:35,445823+0800 DEBUG (motion_controller_device.cpp:1486) sys/motion/3 [SMC] smc_check_done() returned: 0 (0=moving, 1=stopped)
2026-02-02T16:36:35,446294+0800 INFO (motion_controller_device.cpp:1482) sys/motion/3 [SMC] Checking axis 1 motion status...
2026-02-02T16:36:35,446312+0800 DEBUG (motion_controller_device.cpp:1483) sys/motion/3 [SMC] smc_check_done(card_id=2, axis=1) [always_executed_hook]
2026-02-02T16:36:35,446970+0800 DEBUG (motion_controller_device.cpp:1486) sys/motion/3 [SMC] smc_check_done() returned: 0 (0=moving, 1=stopped)
2026-02-02T16:36:35,447626+0800 INFO (motion_controller_device.cpp:1482) sys/motion/3 [SMC] Checking axis 2 motion status...
2026-02-02T16:36:35,447640+0800 DEBUG (motion_controller_device.cpp:1483) sys/motion/3 [SMC] smc_check_done(card_id=2, axis=2) [always_executed_hook]
2026-02-02T16:36:35,448140+0800 DEBUG (motion_controller_device.cpp:1486) sys/motion/3 [SMC] smc_check_done() returned: 0 (0=moving, 1=stopped)
2026-02-02T16:36:35,448725+0800 INFO (motion_controller_device.cpp:1482) sys/motion/3 [SMC] Checking axis 3 motion status...
2026-02-02T16:36:35,448735+0800 DEBUG (motion_controller_device.cpp:1483) sys/motion/3 [SMC] smc_check_done(card_id=2, axis=3) [always_executed_hook]
2026-02-02T16:36:35,449171+0800 DEBUG (motion_controller_device.cpp:1486) sys/motion/3 [SMC] smc_check_done() returned: 0 (0=moving, 1=stopped)
2026-02-02T16:36:35,449647+0800 INFO (motion_controller_device.cpp:1482) sys/motion/3 [SMC] Checking axis 4 motion status...
2026-02-02T16:36:35,449657+0800 DEBUG (motion_controller_device.cpp:1483) sys/motion/3 [SMC] smc_check_done(card_id=2, axis=4) [always_executed_hook]
2026-02-02T16:36:35,450146+0800 DEBUG (motion_controller_device.cpp:1486) sys/motion/3 [SMC] smc_check_done() returned: 0 (0=moving, 1=stopped)
2026-02-02T16:36:35,450530+0800 INFO (motion_controller_device.cpp:1482) sys/motion/3 [SMC] Checking axis 5 motion status...
2026-02-02T16:36:35,450538+0800 DEBUG (motion_controller_device.cpp:1483) sys/motion/3 [SMC] smc_check_done(card_id=2, axis=5) [always_executed_hook]
2026-02-02T16:36:35,451167+0800 DEBUG (motion_controller_device.cpp:1486) sys/motion/3 [SMC] smc_check_done() returned: 0 (0=moving, 1=stopped)
2026-02-02T16:36:35,452425+0800 DEBUG (motion_controller_device.cpp:1102) sys/motion/3 [SMC] smc_read_eln_pin(card_id=2, axis=0)
2026-02-02T16:36:35,452443+0800 DEBUG (motion_controller_device.cpp:1103) sys/motion/3 [SMC] smc_read_elp_pin() returned: 1
2026-02-02T16:36:35,453053+0800 DEBUG (motion_controller_device.cpp:1105) sys/motion/3 [SMC] smc_read_eln_pin(card_id=2, axis=0)
2026-02-02T16:36:35,453061+0800 DEBUG (motion_controller_device.cpp:1106) sys/motion/3 [SMC] smc_read_eln_pin() returned: 1
2026-02-02T16:36:35,453983+0800 INFO (motion_controller_device.cpp:1482) sys/motion/3 [SMC] Checking axis 0 motion status...
2026-02-02T16:36:35,454004+0800 DEBUG (motion_controller_device.cpp:1483) sys/motion/3 [SMC] smc_check_done(card_id=2, axis=0) [always_executed_hook]
2026-02-02T16:36:35,454597+0800 DEBUG (motion_controller_device.cpp:1486) sys/motion/3 [SMC] smc_check_done() returned: 0 (0=moving, 1=stopped)
2026-02-02T16:36:35,455247+0800 INFO (motion_controller_device.cpp:1482) sys/motion/3 [SMC] Checking axis 1 motion status...
2026-02-02T16:36:35,455255+0800 DEBUG (motion_controller_device.cpp:1483) sys/motion/3 [SMC] smc_check_done(card_id=2, axis=1) [always_executed_hook]
2026-02-02T16:36:35,455955+0800 DEBUG (motion_controller_device.cpp:1486) sys/motion/3 [SMC] smc_check_done() returned: 0 (0=moving, 1=stopped)
2026-02-02T16:36:35,456504+0800 INFO (motion_controller_device.cpp:1482) sys/motion/3 [SMC] Checking axis 2 motion status...
2026-02-02T16:36:35,456512+0800 DEBUG (motion_controller_device.cpp:1483) sys/motion/3 [SMC] smc_check_done(card_id=2, axis=2) [always_executed_hook]
2026-02-02T16:36:35,456977+0800 DEBUG (motion_controller_device.cpp:1486) sys/motion/3 [SMC] smc_check_done() returned: 0 (0=moving, 1=stopped)
2026-02-02T16:36:35,457433+0800 INFO (motion_controller_device.cpp:1482) sys/motion/3 [SMC] Checking axis 3 motion status...
2026-02-02T16:36:35,457440+0800 DEBUG (motion_controller_device.cpp:1483) sys/motion/3 [SMC] smc_check_done(card_id=2, axis=3) [always_executed_hook]
2026-02-02T16:36:35,457965+0800 DEBUG (motion_controller_device.cpp:1486) sys/motion/3 [SMC] smc_check_done() returned: 0 (0=moving, 1=stopped)
2026-02-02T16:36:35,458450+0800 INFO (motion_controller_device.cpp:1482) sys/motion/3 [SMC] Checking axis 4 motion status...
2026-02-02T16:36:35,458468+0800 DEBUG (motion_controller_device.cpp:1483) sys/motion/3 [SMC] smc_check_done(card_id=2, axis=4) [always_executed_hook]
2026-02-02T16:36:35,459043+0800 DEBUG (motion_controller_device.cpp:1486) sys/motion/3 [SMC] smc_check_done() returned: 0 (0=moving, 1=stopped)
2026-02-02T16:36:35,459558+0800 INFO (motion_controller_device.cpp:1482) sys/motion/3 [SMC] Checking axis 5 motion status...
2026-02-02T16:36:35,459566+0800 DEBUG (motion_controller_device.cpp:1483) sys/motion/3 [SMC] smc_check_done(card_id=2, axis=5) [always_executed_hook]
2026-02-02T16:36:35,460108+0800 DEBUG (motion_controller_device.cpp:1486) sys/motion/3 [SMC] smc_check_done() returned: 0 (0=moving, 1=stopped)
2026-02-02T16:36:35,461013+0800 DEBUG (motion_controller_device.cpp:1102) sys/motion/3 [SMC] smc_read_eln_pin(card_id=2, axis=1)
2026-02-02T16:36:35,461024+0800 DEBUG (motion_controller_device.cpp:1103) sys/motion/3 [SMC] smc_read_elp_pin() returned: 1
2026-02-02T16:36:35,461474+0800 DEBUG (motion_controller_device.cpp:1105) sys/motion/3 [SMC] smc_read_eln_pin(card_id=2, axis=1)
2026-02-02T16:36:35,461483+0800 DEBUG (motion_controller_device.cpp:1106) sys/motion/3 [SMC] smc_read_eln_pin() returned: 1
2026-02-02T16:36:35,461813+0800 INFO (motion_controller_device.cpp:1482) sys/motion/3 [SMC] Checking axis 0 motion status...
2026-02-02T16:36:35,461882+0800 DEBUG (motion_controller_device.cpp:1483) sys/motion/3 [SMC] smc_check_done(card_id=2, axis=0) [always_executed_hook]
2026-02-02T16:36:35,462529+0800 DEBUG (motion_controller_device.cpp:1486) sys/motion/3 [SMC] smc_check_done() returned: 0 (0=moving, 1=stopped)
2026-02-02T16:36:35,463090+0800 INFO (motion_controller_device.cpp:1482) sys/motion/3 [SMC] Checking axis 1 motion status...
2026-02-02T16:36:35,463154+0800 DEBUG (motion_controller_device.cpp:1483) sys/motion/3 [SMC] smc_check_done(card_id=2, axis=1) [always_executed_hook]
2026-02-02T16:36:35,463707+0800 DEBUG (motion_controller_device.cpp:1486) sys/motion/3 [SMC] smc_check_done() returned: 0 (0=moving, 1=stopped)
2026-02-02T16:36:35,464342+0800 INFO (motion_controller_device.cpp:1482) sys/motion/3 [SMC] Checking axis 2 motion status...
2026-02-02T16:36:35,464357+0800 DEBUG (motion_controller_device.cpp:1483) sys/motion/3 [SMC] smc_check_done(card_id=2, axis=2) [always_executed_hook]
2026-02-02T16:36:35,464881+0800 DEBUG (motion_controller_device.cpp:1486) sys/motion/3 [SMC] smc_check_done() returned: 0 (0=moving, 1=stopped)
2026-02-02T16:36:35,465339+0800 INFO (motion_controller_device.cpp:1482) sys/motion/3 [SMC] Checking axis 3 motion status...
2026-02-02T16:36:35,465347+0800 DEBUG (motion_controller_device.cpp:1483) sys/motion/3 [SMC] smc_check_done(card_id=2, axis=3) [always_executed_hook]
2026-02-02T16:36:35,465934+0800 DEBUG (motion_controller_device.cpp:1486) sys/motion/3 [SMC] smc_check_done() returned: 0 (0=moving, 1=stopped)
2026-02-02T16:36:35,466557+0800 INFO (motion_controller_device.cpp:1482) sys/motion/3 [SMC] Checking axis 4 motion status...
2026-02-02T16:36:35,466578+0800 DEBUG (motion_controller_device.cpp:1483) sys/motion/3 [SMC] smc_check_done(card_id=2, axis=4) [always_executed_hook]
2026-02-02T16:36:35,467203+0800 DEBUG (motion_controller_device.cpp:1486) sys/motion/3 [SMC] smc_check_done() returned: 0 (0=moving, 1=stopped)
2026-02-02T16:36:35,467758+0800 INFO (motion_controller_device.cpp:1482) sys/motion/3 [SMC] Checking axis 5 motion status...
2026-02-02T16:36:35,467768+0800 DEBUG (motion_controller_device.cpp:1483) sys/motion/3 [SMC] smc_check_done(card_id=2, axis=5) [always_executed_hook]
2026-02-02T16:36:35,468297+0800 DEBUG (motion_controller_device.cpp:1486) sys/motion/3 [SMC] smc_check_done() returned: 0 (0=moving, 1=stopped)
2026-02-02T16:36:35,469150+0800 DEBUG (motion_controller_device.cpp:1102) sys/motion/3 [SMC] smc_read_eln_pin(card_id=2, axis=2)
2026-02-02T16:36:35,469159+0800 DEBUG (motion_controller_device.cpp:1103) sys/motion/3 [SMC] smc_read_elp_pin() returned: 1
2026-02-02T16:36:35,469754+0800 DEBUG (motion_controller_device.cpp:1105) sys/motion/3 [SMC] smc_read_eln_pin(card_id=2, axis=2)
2026-02-02T16:36:35,469762+0800 DEBUG (motion_controller_device.cpp:1106) sys/motion/3 [SMC] smc_read_eln_pin() returned: 1
2026-02-02T16:36:35,470032+0800 INFO (motion_controller_device.cpp:1482) sys/motion/3 [SMC] Checking axis 0 motion status...
2026-02-02T16:36:35,470039+0800 DEBUG (motion_controller_device.cpp:1483) sys/motion/3 [SMC] smc_check_done(card_id=2, axis=0) [always_executed_hook]
2026-02-02T16:36:35,470727+0800 DEBUG (motion_controller_device.cpp:1486) sys/motion/3 [SMC] smc_check_done() returned: 0 (0=moving, 1=stopped)
2026-02-02T16:36:35,471300+0800 INFO (motion_controller_device.cpp:1482) sys/motion/3 [SMC] Checking axis 1 motion status...
2026-02-02T16:36:35,471319+0800 DEBUG (motion_controller_device.cpp:1483) sys/motion/3 [SMC] smc_check_done(card_id=2, axis=1) [always_executed_hook]
2026-02-02T16:36:35,471863+0800 DEBUG (motion_controller_device.cpp:1486) sys/motion/3 [SMC] smc_check_done() returned: 0 (0=moving, 1=stopped)
2026-02-02T16:36:35,472493+0800 INFO (motion_controller_device.cpp:1482) sys/motion/3 [SMC] Checking axis 2 motion status...
2026-02-02T16:36:35,472505+0800 DEBUG (motion_controller_device.cpp:1483) sys/motion/3 [SMC] smc_check_done(card_id=2, axis=2) [always_executed_hook]
2026-02-02T16:36:35,472962+0800 DEBUG (motion_controller_device.cpp:1486) sys/motion/3 [SMC] smc_check_done() returned: 0 (0=moving, 1=stopped)
2026-02-02T16:36:35,473403+0800 INFO (motion_controller_device.cpp:1482) sys/motion/3 [SMC] Checking axis 3 motion status...
2026-02-02T16:36:35,473415+0800 DEBUG (motion_controller_device.cpp:1483) sys/motion/3 [SMC] smc_check_done(card_id=2, axis=3) [always_executed_hook]
2026-02-02T16:36:35,474057+0800 DEBUG (motion_controller_device.cpp:1486) sys/motion/3 [SMC] smc_check_done() returned: 0 (0=moving, 1=stopped)
2026-02-02T16:36:35,474817+0800 INFO (motion_controller_device.cpp:1482) sys/motion/3 [SMC] Checking axis 4 motion status...
2026-02-02T16:36:35,474839+0800 DEBUG (motion_controller_device.cpp:1483) sys/motion/3 [SMC] smc_check_done(card_id=2, axis=4) [always_executed_hook]
2026-02-02T16:36:35,475293+0800 DEBUG (motion_controller_device.cpp:1486) sys/motion/3 [SMC] smc_check_done() returned: 0 (0=moving, 1=stopped)
2026-02-02T16:36:35,475742+0800 INFO (motion_controller_device.cpp:1482) sys/motion/3 [SMC] Checking axis 5 motion status...
2026-02-02T16:36:35,475750+0800 DEBUG (motion_controller_device.cpp:1483) sys/motion/3 [SMC] smc_check_done(card_id=2, axis=5) [always_executed_hook]
2026-02-02T16:36:35,476173+0800 DEBUG (motion_controller_device.cpp:1486) sys/motion/3 [SMC] smc_check_done() returned: 0 (0=moving, 1=stopped)
2026-02-02T16:36:35,477023+0800 DEBUG (motion_controller_device.cpp:1102) sys/motion/3 [SMC] smc_read_eln_pin(card_id=2, axis=3)
2026-02-02T16:36:35,477031+0800 DEBUG (motion_controller_device.cpp:1103) sys/motion/3 [SMC] smc_read_elp_pin() returned: 1
2026-02-02T16:36:35,477510+0800 DEBUG (motion_controller_device.cpp:1105) sys/motion/3 [SMC] smc_read_eln_pin(card_id=2, axis=3)
2026-02-02T16:36:35,477522+0800 DEBUG (motion_controller_device.cpp:1106) sys/motion/3 [SMC] smc_read_eln_pin() returned: 1
2026-02-02T16:36:35,477736+0800 INFO (motion_controller_device.cpp:1482) sys/motion/3 [SMC] Checking axis 0 motion status...
2026-02-02T16:36:35,477743+0800 DEBUG (motion_controller_device.cpp:1483) sys/motion/3 [SMC] smc_check_done(card_id=2, axis=0) [always_executed_hook]
2026-02-02T16:36:35,478157+0800 DEBUG (motion_controller_device.cpp:1486) sys/motion/3 [SMC] smc_check_done() returned: 0 (0=moving, 1=stopped)
2026-02-02T16:36:35,478799+0800 INFO (motion_controller_device.cpp:1482) sys/motion/3 [SMC] Checking axis 1 motion status...
2026-02-02T16:36:35,478808+0800 DEBUG (motion_controller_device.cpp:1483) sys/motion/3 [SMC] smc_check_done(card_id=2, axis=1) [always_executed_hook]
2026-02-02T16:36:35,479561+0800 DEBUG (motion_controller_device.cpp:1486) sys/motion/3 [SMC] smc_check_done() returned: 0 (0=moving, 1=stopped)
2026-02-02T16:36:35,480357+0800 INFO (motion_controller_device.cpp:1482) sys/motion/3 [SMC] Checking axis 2 motion status...
2026-02-02T16:36:35,480401+0800 DEBUG (motion_controller_device.cpp:1483) sys/motion/3 [SMC] smc_check_done(card_id=2, axis=2) [always_executed_hook]
2026-02-02T16:36:35,481049+0800 DEBUG (motion_controller_device.cpp:1486) sys/motion/3 [SMC] smc_check_done() returned: 0 (0=moving, 1=stopped)
2026-02-02T16:36:35,481680+0800 INFO (motion_controller_device.cpp:1482) sys/motion/3 [SMC] Checking axis 3 motion status...
2026-02-02T16:36:35,481687+0800 DEBUG (motion_controller_device.cpp:1483) sys/motion/3 [SMC] smc_check_done(card_id=2, axis=3) [always_executed_hook]
2026-02-02T16:36:35,482193+0800 DEBUG (motion_controller_device.cpp:1486) sys/motion/3 [SMC] smc_check_done() returned: 0 (0=moving, 1=stopped)
2026-02-02T16:36:35,482803+0800 INFO (motion_controller_device.cpp:1482) sys/motion/3 [SMC] Checking axis 4 motion status...
2026-02-02T16:36:35,482823+0800 DEBUG (motion_controller_device.cpp:1483) sys/motion/3 [SMC] smc_check_done(card_id=2, axis=4) [always_executed_hook]
2026-02-02T16:36:35,483535+0800 DEBUG (motion_controller_device.cpp:1486) sys/motion/3 [SMC] smc_check_done() returned: 0 (0=moving, 1=stopped)
2026-02-02T16:36:35,484118+0800 INFO (motion_controller_device.cpp:1482) sys/motion/3 [SMC] Checking axis 5 motion status...
2026-02-02T16:36:35,484126+0800 DEBUG (motion_controller_device.cpp:1483) sys/motion/3 [SMC] smc_check_done(card_id=2, axis=5) [always_executed_hook]
2026-02-02T16:36:35,484639+0800 DEBUG (motion_controller_device.cpp:1486) sys/motion/3 [SMC] smc_check_done() returned: 0 (0=moving, 1=stopped)
2026-02-02T16:36:35,485888+0800 DEBUG (motion_controller_device.cpp:1102) sys/motion/3 [SMC] smc_read_eln_pin(card_id=2, axis=4)
2026-02-02T16:36:35,485911+0800 DEBUG (motion_controller_device.cpp:1103) sys/motion/3 [SMC] smc_read_elp_pin() returned: 1
2026-02-02T16:36:35,486353+0800 DEBUG (motion_controller_device.cpp:1105) sys/motion/3 [SMC] smc_read_eln_pin(card_id=2, axis=4)
2026-02-02T16:36:35,486361+0800 DEBUG (motion_controller_device.cpp:1106) sys/motion/3 [SMC] smc_read_eln_pin() returned: 1
2026-02-02T16:36:35,486613+0800 INFO (motion_controller_device.cpp:1482) sys/motion/3 [SMC] Checking axis 0 motion status...
2026-02-02T16:36:35,486625+0800 DEBUG (motion_controller_device.cpp:1483) sys/motion/3 [SMC] smc_check_done(card_id=2, axis=0) [always_executed_hook]
2026-02-02T16:36:35,487002+0800 DEBUG (motion_controller_device.cpp:1486) sys/motion/3 [SMC] smc_check_done() returned: 0 (0=moving, 1=stopped)
2026-02-02T16:36:35,487566+0800 INFO (motion_controller_device.cpp:1482) sys/motion/3 [SMC] Checking axis 1 motion status...
2026-02-02T16:36:35,487573+0800 DEBUG (motion_controller_device.cpp:1483) sys/motion/3 [SMC] smc_check_done(card_id=2, axis=1) [always_executed_hook]
2026-02-02T16:36:35,487952+0800 DEBUG (motion_controller_device.cpp:1486) sys/motion/3 [SMC] smc_check_done() returned: 0 (0=moving, 1=stopped)
2026-02-02T16:36:35,488475+0800 INFO (motion_controller_device.cpp:1482) sys/motion/3 [SMC] Checking axis 2 motion status...
2026-02-02T16:36:35,488486+0800 DEBUG (motion_controller_device.cpp:1483) sys/motion/3 [SMC] smc_check_done(card_id=2, axis=2) [always_executed_hook]
2026-02-02T16:36:35,489141+0800 DEBUG (motion_controller_device.cpp:1486) sys/motion/3 [SMC] smc_check_done() returned: 0 (0=moving, 1=stopped)
2026-02-02T16:36:35,489612+0800 INFO (motion_controller_device.cpp:1482) sys/motion/3 [SMC] Checking axis 3 motion status...
2026-02-02T16:36:35,489621+0800 DEBUG (motion_controller_device.cpp:1483) sys/motion/3 [SMC] smc_check_done(card_id=2, axis=3) [always_executed_hook]
2026-02-02T16:36:35,490096+0800 DEBUG (motion_controller_device.cpp:1486) sys/motion/3 [SMC] smc_check_done() returned: 0 (0=moving, 1=stopped)
2026-02-02T16:36:35,490716+0800 INFO (motion_controller_device.cpp:1482) sys/motion/3 [SMC] Checking axis 4 motion status...
2026-02-02T16:36:35,490732+0800 DEBUG (motion_controller_device.cpp:1483) sys/motion/3 [SMC] smc_check_done(card_id=2, axis=4) [always_executed_hook]
2026-02-02T16:36:35,491175+0800 DEBUG (motion_controller_device.cpp:1486) sys/motion/3 [SMC] smc_check_done() returned: 0 (0=moving, 1=stopped)
2026-02-02T16:36:35,491792+0800 INFO (motion_controller_device.cpp:1482) sys/motion/3 [SMC] Checking axis 5 motion status...
2026-02-02T16:36:35,491800+0800 DEBUG (motion_controller_device.cpp:1483) sys/motion/3 [SMC] smc_check_done(card_id=2, axis=5) [always_executed_hook]
2026-02-02T16:36:35,492160+0800 DEBUG (motion_controller_device.cpp:1486) sys/motion/3 [SMC] smc_check_done() returned: 0 (0=moving, 1=stopped)
2026-02-02T16:36:35,492980+0800 DEBUG (motion_controller_device.cpp:1102) sys/motion/3 [SMC] smc_read_eln_pin(card_id=2, axis=5)
2026-02-02T16:36:35,492991+0800 DEBUG (motion_controller_device.cpp:1103) sys/motion/3 [SMC] smc_read_elp_pin() returned: 1
2026-02-02T16:36:35,493375+0800 DEBUG (motion_controller_device.cpp:1105) sys/motion/3 [SMC] smc_read_eln_pin(card_id=2, axis=5)
2026-02-02T16:36:35,493385+0800 DEBUG (motion_controller_device.cpp:1106) sys/motion/3 [SMC] smc_read_eln_pin() returned: 1
2026-02-02T16:36:35,493516+0800 INFO (motion_controller_device.cpp:1482) sys/motion/3 [SMC] Checking axis 0 motion status...
2026-02-02T16:36:35,493523+0800 DEBUG (motion_controller_device.cpp:1483) sys/motion/3 [SMC] smc_check_done(card_id=2, axis=0) [always_executed_hook]
2026-02-02T16:36:35,493903+0800 DEBUG (motion_controller_device.cpp:1486) sys/motion/3 [SMC] smc_check_done() returned: 0 (0=moving, 1=stopped)
2026-02-02T16:36:35,494359+0800 INFO (motion_controller_device.cpp:1482) sys/motion/3 [SMC] Checking axis 1 motion status...
2026-02-02T16:36:35,494365+0800 DEBUG (motion_controller_device.cpp:1483) sys/motion/3 [SMC] smc_check_done(card_id=2, axis=1) [always_executed_hook]
2026-02-02T16:36:35,494718+0800 DEBUG (motion_controller_device.cpp:1486) sys/motion/3 [SMC] smc_check_done() returned: 0 (0=moving, 1=stopped)
2026-02-02T16:36:35,495137+0800 INFO (motion_controller_device.cpp:1482) sys/motion/3 [SMC] Checking axis 2 motion status...
2026-02-02T16:36:35,495146+0800 DEBUG (motion_controller_device.cpp:1483) sys/motion/3 [SMC] smc_check_done(card_id=2, axis=2) [always_executed_hook]
2026-02-02T16:36:35,495517+0800 DEBUG (motion_controller_device.cpp:1486) sys/motion/3 [SMC] smc_check_done() returned: 0 (0=moving, 1=stopped)
2026-02-02T16:36:35,496135+0800 INFO (motion_controller_device.cpp:1482) sys/motion/3 [SMC] Checking axis 3 motion status...
2026-02-02T16:36:35,496205+0800 DEBUG (motion_controller_device.cpp:1483) sys/motion/3 [SMC] smc_check_done(card_id=2, axis=3) [always_executed_hook]
2026-02-02T16:36:35,496765+0800 DEBUG (motion_controller_device.cpp:1486) sys/motion/3 [SMC] smc_check_done() returned: 0 (0=moving, 1=stopped)
2026-02-02T16:36:35,497308+0800 INFO (motion_controller_device.cpp:1482) sys/motion/3 [SMC] Checking axis 4 motion status...
2026-02-02T16:36:35,497318+0800 DEBUG (motion_controller_device.cpp:1483) sys/motion/3 [SMC] smc_check_done(card_id=2, axis=4) [always_executed_hook]
2026-02-02T16:36:35,497705+0800 DEBUG (motion_controller_device.cpp:1486) sys/motion/3 [SMC] smc_check_done() returned: 0 (0=moving, 1=stopped)
2026-02-02T16:36:35,498213+0800 INFO (motion_controller_device.cpp:1482) sys/motion/3 [SMC] Checking axis 5 motion status...
2026-02-02T16:36:35,498221+0800 DEBUG (motion_controller_device.cpp:1483) sys/motion/3 [SMC] smc_check_done(card_id=2, axis=5) [always_executed_hook]
2026-02-02T16:36:35,498594+0800 DEBUG (motion_controller_device.cpp:1486) sys/motion/3 [SMC] smc_check_done() returned: 0 (0=moving, 1=stopped)
2026-02-02T16:36:36,001384+0800 INFO (motion_controller_device.cpp:1482) sys/motion/3 [SMC] Checking axis 0 motion status...
2026-02-02T16:36:36,001560+0800 DEBUG (motion_controller_device.cpp:1483) sys/motion/3 [SMC] smc_check_done(card_id=2, axis=0) [always_executed_hook]
2026-02-02T16:36:36,002289+0800 DEBUG (motion_controller_device.cpp:1486) sys/motion/3 [SMC] smc_check_done() returned: 0 (0=moving, 1=stopped)
2026-02-02T16:36:36,002695+0800 INFO (motion_controller_device.cpp:1482) sys/motion/3 [SMC] Checking axis 1 motion status...
2026-02-02T16:36:36,002707+0800 DEBUG (motion_controller_device.cpp:1483) sys/motion/3 [SMC] smc_check_done(card_id=2, axis=1) [always_executed_hook]
2026-02-02T16:36:36,003109+0800 DEBUG (motion_controller_device.cpp:1486) sys/motion/3 [SMC] smc_check_done() returned: 0 (0=moving, 1=stopped)
2026-02-02T16:36:36,003463+0800 INFO (motion_controller_device.cpp:1482) sys/motion/3 [SMC] Checking axis 2 motion status...
2026-02-02T16:36:36,003473+0800 DEBUG (motion_controller_device.cpp:1483) sys/motion/3 [SMC] smc_check_done(card_id=2, axis=2) [always_executed_hook]
2026-02-02T16:36:36,003930+0800 DEBUG (motion_controller_device.cpp:1486) sys/motion/3 [SMC] smc_check_done() returned: 0 (0=moving, 1=stopped)
2026-02-02T16:36:36,004308+0800 INFO (motion_controller_device.cpp:1482) sys/motion/3 [SMC] Checking axis 3 motion status...
2026-02-02T16:36:36,004317+0800 DEBUG (motion_controller_device.cpp:1483) sys/motion/3 [SMC] smc_check_done(card_id=2, axis=3) [always_executed_hook]
2026-02-02T16:36:36,004807+0800 DEBUG (motion_controller_device.cpp:1486) sys/motion/3 [SMC] smc_check_done() returned: 0 (0=moving, 1=stopped)
2026-02-02T16:36:36,005211+0800 INFO (motion_controller_device.cpp:1482) sys/motion/3 [SMC] Checking axis 4 motion status...
2026-02-02T16:36:36,005232+0800 DEBUG (motion_controller_device.cpp:1483) sys/motion/3 [SMC] smc_check_done(card_id=2, axis=4) [always_executed_hook]
2026-02-02T16:36:36,005612+0800 DEBUG (motion_controller_device.cpp:1486) sys/motion/3 [SMC] smc_check_done() returned: 0 (0=moving, 1=stopped)
2026-02-02T16:36:36,006058+0800 INFO (motion_controller_device.cpp:1482) sys/motion/3 [SMC] Checking axis 5 motion status...
2026-02-02T16:36:36,006078+0800 DEBUG (motion_controller_device.cpp:1483) sys/motion/3 [SMC] smc_check_done(card_id=2, axis=5) [always_executed_hook]
2026-02-02T16:36:36,006512+0800 DEBUG (motion_controller_device.cpp:1486) sys/motion/3 [SMC] smc_check_done() returned: 0 (0=moving, 1=stopped)
2026-02-02T16:36:36,007407+0800 DEBUG (motion_controller_device.cpp:1102) sys/motion/3 [SMC] smc_read_eln_pin(card_id=2, axis=0)
2026-02-02T16:36:36,007423+0800 DEBUG (motion_controller_device.cpp:1103) sys/motion/3 [SMC] smc_read_elp_pin() returned: 1
2026-02-02T16:36:36,007804+0800 DEBUG (motion_controller_device.cpp:1105) sys/motion/3 [SMC] smc_read_eln_pin(card_id=2, axis=0)
2026-02-02T16:36:36,007814+0800 DEBUG (motion_controller_device.cpp:1106) sys/motion/3 [SMC] smc_read_eln_pin() returned: 1
2026-02-02T16:36:36,008109+0800 INFO (motion_controller_device.cpp:1482) sys/motion/3 [SMC] Checking axis 0 motion status...
2026-02-02T16:36:36,008139+0800 DEBUG (motion_controller_device.cpp:1483) sys/motion/3 [SMC] smc_check_done(card_id=2, axis=0) [always_executed_hook]
2026-02-02T16:36:36,008535+0800 DEBUG (motion_controller_device.cpp:1486) sys/motion/3 [SMC] smc_check_done() returned: 0 (0=moving, 1=stopped)
2026-02-02T16:36:36,008931+0800 INFO (motion_controller_device.cpp:1482) sys/motion/3 [SMC] Checking axis 1 motion status...
2026-02-02T16:36:36,008952+0800 DEBUG (motion_controller_device.cpp:1483) sys/motion/3 [SMC] smc_check_done(card_id=2, axis=1) [always_executed_hook]
2026-02-02T16:36:36,009432+0800 DEBUG (motion_controller_device.cpp:1486) sys/motion/3 [SMC] smc_check_done() returned: 0 (0=moving, 1=stopped)
2026-02-02T16:36:36,009851+0800 INFO (motion_controller_device.cpp:1482) sys/motion/3 [SMC] Checking axis 2 motion status...
2026-02-02T16:36:36,009864+0800 DEBUG (motion_controller_device.cpp:1483) sys/motion/3 [SMC] smc_check_done(card_id=2, axis=2) [always_executed_hook]
2026-02-02T16:36:36,010257+0800 DEBUG (motion_controller_device.cpp:1486) sys/motion/3 [SMC] smc_check_done() returned: 0 (0=moving, 1=stopped)
2026-02-02T16:36:36,010593+0800 INFO (motion_controller_device.cpp:1482) sys/motion/3 [SMC] Checking axis 3 motion status...
2026-02-02T16:36:36,010603+0800 DEBUG (motion_controller_device.cpp:1483) sys/motion/3 [SMC] smc_check_done(card_id=2, axis=3) [always_executed_hook]
2026-02-02T16:36:36,011075+0800 DEBUG (motion_controller_device.cpp:1486) sys/motion/3 [SMC] smc_check_done() returned: 0 (0=moving, 1=stopped)
2026-02-02T16:36:36,011558+0800 INFO (motion_controller_device.cpp:1482) sys/motion/3 [SMC] Checking axis 4 motion status...
2026-02-02T16:36:36,011568+0800 DEBUG (motion_controller_device.cpp:1483) sys/motion/3 [SMC] smc_check_done(card_id=2, axis=4) [always_executed_hook]
2026-02-02T16:36:36,011962+0800 DEBUG (motion_controller_device.cpp:1486) sys/motion/3 [SMC] smc_check_done() returned: 0 (0=moving, 1=stopped)
2026-02-02T16:36:36,012385+0800 INFO (motion_controller_device.cpp:1482) sys/motion/3 [SMC] Checking axis 5 motion status...
2026-02-02T16:36:36,012394+0800 DEBUG (motion_controller_device.cpp:1483) sys/motion/3 [SMC] smc_check_done(card_id=2, axis=5) [always_executed_hook]
2026-02-02T16:36:36,012779+0800 DEBUG (motion_controller_device.cpp:1486) sys/motion/3 [SMC] smc_check_done() returned: 0 (0=moving, 1=stopped)
2026-02-02T16:36:36,013553+0800 DEBUG (motion_controller_device.cpp:1102) sys/motion/3 [SMC] smc_read_eln_pin(card_id=2, axis=1)
2026-02-02T16:36:36,013564+0800 DEBUG (motion_controller_device.cpp:1103) sys/motion/3 [SMC] smc_read_elp_pin() returned: 1
2026-02-02T16:36:36,013952+0800 DEBUG (motion_controller_device.cpp:1105) sys/motion/3 [SMC] smc_read_eln_pin(card_id=2, axis=1)
2026-02-02T16:36:36,013958+0800 DEBUG (motion_controller_device.cpp:1106) sys/motion/3 [SMC] smc_read_eln_pin() returned: 1
2026-02-02T16:36:36,014174+0800 INFO (motion_controller_device.cpp:1482) sys/motion/3 [SMC] Checking axis 0 motion status...
2026-02-02T16:36:36,014185+0800 DEBUG (motion_controller_device.cpp:1483) sys/motion/3 [SMC] smc_check_done(card_id=2, axis=0) [always_executed_hook]
2026-02-02T16:36:36,014610+0800 DEBUG (motion_controller_device.cpp:1486) sys/motion/3 [SMC] smc_check_done() returned: 0 (0=moving, 1=stopped)
2026-02-02T16:36:36,015160+0800 INFO (motion_controller_device.cpp:1482) sys/motion/3 [SMC] Checking axis 1 motion status...
2026-02-02T16:36:36,015178+0800 DEBUG (motion_controller_device.cpp:1483) sys/motion/3 [SMC] smc_check_done(card_id=2, axis=1) [always_executed_hook]
2026-02-02T16:36:36,015717+0800 DEBUG (motion_controller_device.cpp:1486) sys/motion/3 [SMC] smc_check_done() returned: 0 (0=moving, 1=stopped)
2026-02-02T16:36:36,016236+0800 INFO (motion_controller_device.cpp:1482) sys/motion/3 [SMC] Checking axis 2 motion status...
2026-02-02T16:36:36,016247+0800 DEBUG (motion_controller_device.cpp:1483) sys/motion/3 [SMC] smc_check_done(card_id=2, axis=2) [always_executed_hook]
2026-02-02T16:36:36,016722+0800 DEBUG (motion_controller_device.cpp:1486) sys/motion/3 [SMC] smc_check_done() returned: 0 (0=moving, 1=stopped)
2026-02-02T16:36:36,017202+0800 INFO (motion_controller_device.cpp:1482) sys/motion/3 [SMC] Checking axis 3 motion status...
2026-02-02T16:36:36,017212+0800 DEBUG (motion_controller_device.cpp:1483) sys/motion/3 [SMC] smc_check_done(card_id=2, axis=3) [always_executed_hook]
2026-02-02T16:36:36,017797+0800 DEBUG (motion_controller_device.cpp:1486) sys/motion/3 [SMC] smc_check_done() returned: 0 (0=moving, 1=stopped)
2026-02-02T16:36:36,018622+0800 INFO (motion_controller_device.cpp:1482) sys/motion/3 [SMC] Checking axis 4 motion status...
2026-02-02T16:36:36,018684+0800 DEBUG (motion_controller_device.cpp:1483) sys/motion/3 [SMC] smc_check_done(card_id=2, axis=4) [always_executed_hook]
2026-02-02T16:36:36,019282+0800 DEBUG (motion_controller_device.cpp:1486) sys/motion/3 [SMC] smc_check_done() returned: 0 (0=moving, 1=stopped)
2026-02-02T16:36:36,019889+0800 INFO (motion_controller_device.cpp:1482) sys/motion/3 [SMC] Checking axis 5 motion status...
2026-02-02T16:36:36,019898+0800 DEBUG (motion_controller_device.cpp:1483) sys/motion/3 [SMC] smc_check_done(card_id=2, axis=5) [always_executed_hook]
2026-02-02T16:36:36,020427+0800 DEBUG (motion_controller_device.cpp:1486) sys/motion/3 [SMC] smc_check_done() returned: 0 (0=moving, 1=stopped)
2026-02-02T16:36:36,021920+0800 DEBUG (motion_controller_device.cpp:1102) sys/motion/3 [SMC] smc_read_eln_pin(card_id=2, axis=2)
2026-02-02T16:36:36,021985+0800 DEBUG (motion_controller_device.cpp:1103) sys/motion/3 [SMC] smc_read_elp_pin() returned: 1
2026-02-02T16:36:36,022523+0800 DEBUG (motion_controller_device.cpp:1105) sys/motion/3 [SMC] smc_read_eln_pin(card_id=2, axis=2)
2026-02-02T16:36:36,022538+0800 DEBUG (motion_controller_device.cpp:1106) sys/motion/3 [SMC] smc_read_eln_pin() returned: 1
2026-02-02T16:36:36,022831+0800 INFO (motion_controller_device.cpp:1482) sys/motion/3 [SMC] Checking axis 0 motion status...
2026-02-02T16:36:36,022849+0800 DEBUG (motion_controller_device.cpp:1483) sys/motion/3 [SMC] smc_check_done(card_id=2, axis=0) [always_executed_hook]
2026-02-02T16:36:36,023386+0800 DEBUG (motion_controller_device.cpp:1486) sys/motion/3 [SMC] smc_check_done() returned: 0 (0=moving, 1=stopped)
2026-02-02T16:36:36,023902+0800 INFO (motion_controller_device.cpp:1482) sys/motion/3 [SMC] Checking axis 1 motion status...
2026-02-02T16:36:36,023920+0800 DEBUG (motion_controller_device.cpp:1483) sys/motion/3 [SMC] smc_check_done(card_id=2, axis=1) [always_executed_hook]
2026-02-02T16:36:36,024604+0800 DEBUG (motion_controller_device.cpp:1486) sys/motion/3 [SMC] smc_check_done() returned: 0 (0=moving, 1=stopped)
2026-02-02T16:36:36,025193+0800 INFO (motion_controller_device.cpp:1482) sys/motion/3 [SMC] Checking axis 2 motion status...
2026-02-02T16:36:36,025313+0800 DEBUG (motion_controller_device.cpp:1483) sys/motion/3 [SMC] smc_check_done(card_id=2, axis=2) [always_executed_hook]
2026-02-02T16:36:36,026007+0800 DEBUG (motion_controller_device.cpp:1486) sys/motion/3 [SMC] smc_check_done() returned: 0 (0=moving, 1=stopped)
2026-02-02T16:36:36,026583+0800 INFO (motion_controller_device.cpp:1482) sys/motion/3 [SMC] Checking axis 3 motion status...
2026-02-02T16:36:36,026598+0800 DEBUG (motion_controller_device.cpp:1483) sys/motion/3 [SMC] smc_check_done(card_id=2, axis=3) [always_executed_hook]
2026-02-02T16:36:36,027184+0800 DEBUG (motion_controller_device.cpp:1486) sys/motion/3 [SMC] smc_check_done() returned: 0 (0=moving, 1=stopped)
2026-02-02T16:36:36,027657+0800 INFO (motion_controller_device.cpp:1482) sys/motion/3 [SMC] Checking axis 4 motion status...
2026-02-02T16:36:36,027667+0800 DEBUG (motion_controller_device.cpp:1483) sys/motion/3 [SMC] smc_check_done(card_id=2, axis=4) [always_executed_hook]
2026-02-02T16:36:36,028018+0800 DEBUG (motion_controller_device.cpp:1486) sys/motion/3 [SMC] smc_check_done() returned: 0 (0=moving, 1=stopped)
2026-02-02T16:36:36,028423+0800 INFO (motion_controller_device.cpp:1482) sys/motion/3 [SMC] Checking axis 5 motion status...
2026-02-02T16:36:36,028428+0800 DEBUG (motion_controller_device.cpp:1483) sys/motion/3 [SMC] smc_check_done(card_id=2, axis=5) [always_executed_hook]
2026-02-02T16:36:36,028799+0800 DEBUG (motion_controller_device.cpp:1486) sys/motion/3 [SMC] smc_check_done() returned: 0 (0=moving, 1=stopped)
2026-02-02T16:36:36,029882+0800 DEBUG (motion_controller_device.cpp:1102) sys/motion/3 [SMC] smc_read_eln_pin(card_id=2, axis=3)
2026-02-02T16:36:36,029906+0800 DEBUG (motion_controller_device.cpp:1103) sys/motion/3 [SMC] smc_read_elp_pin() returned: 1
2026-02-02T16:36:36,030393+0800 DEBUG (motion_controller_device.cpp:1105) sys/motion/3 [SMC] smc_read_eln_pin(card_id=2, axis=3)
2026-02-02T16:36:36,030408+0800 DEBUG (motion_controller_device.cpp:1106) sys/motion/3 [SMC] smc_read_eln_pin() returned: 1
2026-02-02T16:36:36,030664+0800 INFO (motion_controller_device.cpp:1482) sys/motion/3 [SMC] Checking axis 0 motion status...
2026-02-02T16:36:36,030674+0800 DEBUG (motion_controller_device.cpp:1483) sys/motion/3 [SMC] smc_check_done(card_id=2, axis=0) [always_executed_hook]
2026-02-02T16:36:36,031043+0800 DEBUG (motion_controller_device.cpp:1486) sys/motion/3 [SMC] smc_check_done() returned: 0 (0=moving, 1=stopped)
2026-02-02T16:36:36,031608+0800 INFO (motion_controller_device.cpp:1482) sys/motion/3 [SMC] Checking axis 1 motion status...
2026-02-02T16:36:36,031625+0800 DEBUG (motion_controller_device.cpp:1483) sys/motion/3 [SMC] smc_check_done(card_id=2, axis=1) [always_executed_hook]
2026-02-02T16:36:36,032353+0800 DEBUG (motion_controller_device.cpp:1486) sys/motion/3 [SMC] smc_check_done() returned: 0 (0=moving, 1=stopped)
2026-02-02T16:36:36,032898+0800 INFO (motion_controller_device.cpp:1482) sys/motion/3 [SMC] Checking axis 2 motion status...
2026-02-02T16:36:36,032923+0800 DEBUG (motion_controller_device.cpp:1483) sys/motion/3 [SMC] smc_check_done(card_id=2, axis=2) [always_executed_hook]
2026-02-02T16:36:36,033400+0800 DEBUG (motion_controller_device.cpp:1486) sys/motion/3 [SMC] smc_check_done() returned: 0 (0=moving, 1=stopped)
2026-02-02T16:36:36,033880+0800 INFO (motion_controller_device.cpp:1482) sys/motion/3 [SMC] Checking axis 3 motion status...
2026-02-02T16:36:36,033890+0800 DEBUG (motion_controller_device.cpp:1483) sys/motion/3 [SMC] smc_check_done(card_id=2, axis=3) [always_executed_hook]
2026-02-02T16:36:36,034422+0800 DEBUG (motion_controller_device.cpp:1486) sys/motion/3 [SMC] smc_check_done() returned: 0 (0=moving, 1=stopped)
2026-02-02T16:36:36,034945+0800 INFO (motion_controller_device.cpp:1482) sys/motion/3 [SMC] Checking axis 4 motion status...
2026-02-02T16:36:36,034963+0800 DEBUG (motion_controller_device.cpp:1483) sys/motion/3 [SMC] smc_check_done(card_id=2, axis=4) [always_executed_hook]
2026-02-02T16:36:36,035462+0800 DEBUG (motion_controller_device.cpp:1486) sys/motion/3 [SMC] smc_check_done() returned: 0 (0=moving, 1=stopped)
2026-02-02T16:36:36,035892+0800 INFO (motion_controller_device.cpp:1482) sys/motion/3 [SMC] Checking axis 5 motion status...
2026-02-02T16:36:36,035901+0800 DEBUG (motion_controller_device.cpp:1483) sys/motion/3 [SMC] smc_check_done(card_id=2, axis=5) [always_executed_hook]
2026-02-02T16:36:36,036314+0800 DEBUG (motion_controller_device.cpp:1486) sys/motion/3 [SMC] smc_check_done() returned: 0 (0=moving, 1=stopped)
2026-02-02T16:36:36,037130+0800 DEBUG (motion_controller_device.cpp:1102) sys/motion/3 [SMC] smc_read_eln_pin(card_id=2, axis=4)
2026-02-02T16:36:36,037141+0800 DEBUG (motion_controller_device.cpp:1103) sys/motion/3 [SMC] smc_read_elp_pin() returned: 1
2026-02-02T16:36:36,037524+0800 DEBUG (motion_controller_device.cpp:1105) sys/motion/3 [SMC] smc_read_eln_pin(card_id=2, axis=4)
2026-02-02T16:36:36,037536+0800 DEBUG (motion_controller_device.cpp:1106) sys/motion/3 [SMC] smc_read_eln_pin() returned: 1
2026-02-02T16:36:36,037828+0800 INFO (motion_controller_device.cpp:1482) sys/motion/3 [SMC] Checking axis 0 motion status...
2026-02-02T16:36:36,037878+0800 DEBUG (motion_controller_device.cpp:1483) sys/motion/3 [SMC] smc_check_done(card_id=2, axis=0) [always_executed_hook]
2026-02-02T16:36:36,038450+0800 DEBUG (motion_controller_device.cpp:1486) sys/motion/3 [SMC] smc_check_done() returned: 0 (0=moving, 1=stopped)
2026-02-02T16:36:36,038977+0800 INFO (motion_controller_device.cpp:1482) sys/motion/3 [SMC] Checking axis 1 motion status...
2026-02-02T16:36:36,038989+0800 DEBUG (motion_controller_device.cpp:1483) sys/motion/3 [SMC] smc_check_done(card_id=2, axis=1) [always_executed_hook]
2026-02-02T16:36:36,039547+0800 DEBUG (motion_controller_device.cpp:1486) sys/motion/3 [SMC] smc_check_done() returned: 0 (0=moving, 1=stopped)
2026-02-02T16:36:36,040039+0800 INFO (motion_controller_device.cpp:1482) sys/motion/3 [SMC] Checking axis 2 motion status...
2026-02-02T16:36:36,040048+0800 DEBUG (motion_controller_device.cpp:1483) sys/motion/3 [SMC] smc_check_done(card_id=2, axis=2) [always_executed_hook]
2026-02-02T16:36:36,040434+0800 DEBUG (motion_controller_device.cpp:1486) sys/motion/3 [SMC] smc_check_done() returned: 0 (0=moving, 1=stopped)
2026-02-02T16:36:36,040876+0800 INFO (motion_controller_device.cpp:1482) sys/motion/3 [SMC] Checking axis 3 motion status...
2026-02-02T16:36:36,040886+0800 DEBUG (motion_controller_device.cpp:1483) sys/motion/3 [SMC] smc_check_done(card_id=2, axis=3) [always_executed_hook]
2026-02-02T16:36:36,041449+0800 DEBUG (motion_controller_device.cpp:1486) sys/motion/3 [SMC] smc_check_done() returned: 0 (0=moving, 1=stopped)
2026-02-02T16:36:36,041826+0800 INFO (motion_controller_device.cpp:1482) sys/motion/3 [SMC] Checking axis 4 motion status...
2026-02-02T16:36:36,041838+0800 DEBUG (motion_controller_device.cpp:1483) sys/motion/3 [SMC] smc_check_done(card_id=2, axis=4) [always_executed_hook]
2026-02-02T16:36:36,042498+0800 DEBUG (motion_controller_device.cpp:1486) sys/motion/3 [SMC] smc_check_done() returned: 0 (0=moving, 1=stopped)
2026-02-02T16:36:36,042973+0800 INFO (motion_controller_device.cpp:1482) sys/motion/3 [SMC] Checking axis 5 motion status...
2026-02-02T16:36:36,042983+0800 DEBUG (motion_controller_device.cpp:1483) sys/motion/3 [SMC] smc_check_done(card_id=2, axis=5) [always_executed_hook]
2026-02-02T16:36:36,043404+0800 DEBUG (motion_controller_device.cpp:1486) sys/motion/3 [SMC] smc_check_done() returned: 0 (0=moving, 1=stopped)
2026-02-02T16:36:36,044379+0800 DEBUG (motion_controller_device.cpp:1102) sys/motion/3 [SMC] smc_read_eln_pin(card_id=2, axis=5)
2026-02-02T16:36:36,044390+0800 DEBUG (motion_controller_device.cpp:1103) sys/motion/3 [SMC] smc_read_elp_pin() returned: 1
2026-02-02T16:36:36,044835+0800 DEBUG (motion_controller_device.cpp:1105) sys/motion/3 [SMC] smc_read_eln_pin(card_id=2, axis=5)
2026-02-02T16:36:36,044907+0800 DEBUG (motion_controller_device.cpp:1106) sys/motion/3 [SMC] smc_read_eln_pin() returned: 1
2026-02-02T16:36:36,045124+0800 INFO (motion_controller_device.cpp:1482) sys/motion/3 [SMC] Checking axis 0 motion status...
2026-02-02T16:36:36,045136+0800 DEBUG (motion_controller_device.cpp:1483) sys/motion/3 [SMC] smc_check_done(card_id=2, axis=0) [always_executed_hook]
2026-02-02T16:36:36,045674+0800 DEBUG (motion_controller_device.cpp:1486) sys/motion/3 [SMC] smc_check_done() returned: 0 (0=moving, 1=stopped)
2026-02-02T16:36:36,046273+0800 INFO (motion_controller_device.cpp:1482) sys/motion/3 [SMC] Checking axis 1 motion status...
2026-02-02T16:36:36,046287+0800 DEBUG (motion_controller_device.cpp:1483) sys/motion/3 [SMC] smc_check_done(card_id=2, axis=1) [always_executed_hook]
2026-02-02T16:36:36,046881+0800 DEBUG (motion_controller_device.cpp:1486) sys/motion/3 [SMC] smc_check_done() returned: 0 (0=moving, 1=stopped)
2026-02-02T16:36:36,047505+0800 INFO (motion_controller_device.cpp:1482) sys/motion/3 [SMC] Checking axis 2 motion status...
2026-02-02T16:36:36,047522+0800 DEBUG (motion_controller_device.cpp:1483) sys/motion/3 [SMC] smc_check_done(card_id=2, axis=2) [always_executed_hook]
2026-02-02T16:36:36,048106+0800 DEBUG (motion_controller_device.cpp:1486) sys/motion/3 [SMC] smc_check_done() returned: 0 (0=moving, 1=stopped)
2026-02-02T16:36:36,048565+0800 INFO (motion_controller_device.cpp:1482) sys/motion/3 [SMC] Checking axis 3 motion status...
2026-02-02T16:36:36,048579+0800 DEBUG (motion_controller_device.cpp:1483) sys/motion/3 [SMC] smc_check_done(card_id=2, axis=3) [always_executed_hook]
2026-02-02T16:36:36,049039+0800 DEBUG (motion_controller_device.cpp:1486) sys/motion/3 [SMC] smc_check_done() returned: 0 (0=moving, 1=stopped)
2026-02-02T16:36:36,049648+0800 INFO (motion_controller_device.cpp:1482) sys/motion/3 [SMC] Checking axis 4 motion status...
2026-02-02T16:36:36,049664+0800 DEBUG (motion_controller_device.cpp:1483) sys/motion/3 [SMC] smc_check_done(card_id=2, axis=4) [always_executed_hook]
2026-02-02T16:36:36,050111+0800 DEBUG (motion_controller_device.cpp:1486) sys/motion/3 [SMC] smc_check_done() returned: 0 (0=moving, 1=stopped)
2026-02-02T16:36:36,050615+0800 INFO (motion_controller_device.cpp:1482) sys/motion/3 [SMC] Checking axis 5 motion status...
2026-02-02T16:36:36,050634+0800 DEBUG (motion_controller_device.cpp:1483) sys/motion/3 [SMC] smc_check_done(card_id=2, axis=5) [always_executed_hook]
2026-02-02T16:36:36,051019+0800 DEBUG (motion_controller_device.cpp:1486) sys/motion/3 [SMC] smc_check_done() returned: 0 (0=moving, 1=stopped)
2026-02-02T16:36:36,554802+0800 INFO (motion_controller_device.cpp:1482) sys/motion/3 [SMC] Checking axis 0 motion status...
2026-02-02T16:36:36,554876+0800 DEBUG (motion_controller_device.cpp:1483) sys/motion/3 [SMC] smc_check_done(card_id=2, axis=0) [always_executed_hook]
2026-02-02T16:36:36,555683+0800 DEBUG (motion_controller_device.cpp:1486) sys/motion/3 [SMC] smc_check_done() returned: 0 (0=moving, 1=stopped)
2026-02-02T16:36:36,556275+0800 INFO (motion_controller_device.cpp:1482) sys/motion/3 [SMC] Checking axis 1 motion status...
2026-02-02T16:36:36,556300+0800 DEBUG (motion_controller_device.cpp:1483) sys/motion/3 [SMC] smc_check_done(card_id=2, axis=1) [always_executed_hook]
2026-02-02T16:36:36,556873+0800 DEBUG (motion_controller_device.cpp:1486) sys/motion/3 [SMC] smc_check_done() returned: 0 (0=moving, 1=stopped)
2026-02-02T16:36:36,557454+0800 INFO (motion_controller_device.cpp:1482) sys/motion/3 [SMC] Checking axis 2 motion status...
2026-02-02T16:36:36,557466+0800 DEBUG (motion_controller_device.cpp:1483) sys/motion/3 [SMC] smc_check_done(card_id=2, axis=2) [always_executed_hook]
2026-02-02T16:36:36,558003+0800 DEBUG (motion_controller_device.cpp:1486) sys/motion/3 [SMC] smc_check_done() returned: 0 (0=moving, 1=stopped)
2026-02-02T16:36:36,558730+0800 INFO (motion_controller_device.cpp:1482) sys/motion/3 [SMC] Checking axis 3 motion status...
2026-02-02T16:36:36,558741+0800 DEBUG (motion_controller_device.cpp:1483) sys/motion/3 [SMC] smc_check_done(card_id=2, axis=3) [always_executed_hook]
2026-02-02T16:36:36,559612+0800 DEBUG (motion_controller_device.cpp:1486) sys/motion/3 [SMC] smc_check_done() returned: 0 (0=moving, 1=stopped)
2026-02-02T16:36:36,560807+0800 INFO (motion_controller_device.cpp:1482) sys/motion/3 [SMC] Checking axis 4 motion status...
2026-02-02T16:36:36,560830+0800 DEBUG (motion_controller_device.cpp:1483) sys/motion/3 [SMC] smc_check_done(card_id=2, axis=4) [always_executed_hook]
2026-02-02T16:36:36,561543+0800 DEBUG (motion_controller_device.cpp:1486) sys/motion/3 [SMC] smc_check_done() returned: 0 (0=moving, 1=stopped)
2026-02-02T16:36:36,562224+0800 INFO (motion_controller_device.cpp:1482) sys/motion/3 [SMC] Checking axis 5 motion status...
2026-02-02T16:36:36,562242+0800 DEBUG (motion_controller_device.cpp:1483) sys/motion/3 [SMC] smc_check_done(card_id=2, axis=5) [always_executed_hook]
2026-02-02T16:36:36,562841+0800 DEBUG (motion_controller_device.cpp:1486) sys/motion/3 [SMC] smc_check_done() returned: 0 (0=moving, 1=stopped)
2026-02-02T16:36:36,564105+0800 DEBUG (motion_controller_device.cpp:1102) sys/motion/3 [SMC] smc_read_eln_pin(card_id=2, axis=0)
2026-02-02T16:36:36,564128+0800 DEBUG (motion_controller_device.cpp:1103) sys/motion/3 [SMC] smc_read_elp_pin() returned: 1
2026-02-02T16:36:36,564681+0800 DEBUG (motion_controller_device.cpp:1105) sys/motion/3 [SMC] smc_read_eln_pin(card_id=2, axis=0)
2026-02-02T16:36:36,564692+0800 DEBUG (motion_controller_device.cpp:1106) sys/motion/3 [SMC] smc_read_eln_pin() returned: 1
2026-02-02T16:36:36,565016+0800 INFO (motion_controller_device.cpp:1482) sys/motion/3 [SMC] Checking axis 0 motion status...
2026-02-02T16:36:36,565024+0800 DEBUG (motion_controller_device.cpp:1483) sys/motion/3 [SMC] smc_check_done(card_id=2, axis=0) [always_executed_hook]
2026-02-02T16:36:36,565627+0800 DEBUG (motion_controller_device.cpp:1486) sys/motion/3 [SMC] smc_check_done() returned: 0 (0=moving, 1=stopped)
2026-02-02T16:36:36,566243+0800 INFO (motion_controller_device.cpp:1482) sys/motion/3 [SMC] Checking axis 1 motion status...
2026-02-02T16:36:36,566257+0800 DEBUG (motion_controller_device.cpp:1483) sys/motion/3 [SMC] smc_check_done(card_id=2, axis=1) [always_executed_hook]
2026-02-02T16:36:36,566851+0800 DEBUG (motion_controller_device.cpp:1486) sys/motion/3 [SMC] smc_check_done() returned: 0 (0=moving, 1=stopped)
2026-02-02T16:36:36,567421+0800 INFO (motion_controller_device.cpp:1482) sys/motion/3 [SMC] Checking axis 2 motion status...
2026-02-02T16:36:36,567430+0800 DEBUG (motion_controller_device.cpp:1483) sys/motion/3 [SMC] smc_check_done(card_id=2, axis=2) [always_executed_hook]
2026-02-02T16:36:36,567976+0800 DEBUG (motion_controller_device.cpp:1486) sys/motion/3 [SMC] smc_check_done() returned: 0 (0=moving, 1=stopped)
2026-02-02T16:36:36,568476+0800 INFO (motion_controller_device.cpp:1482) sys/motion/3 [SMC] Checking axis 3 motion status...
2026-02-02T16:36:36,568483+0800 DEBUG (motion_controller_device.cpp:1483) sys/motion/3 [SMC] smc_check_done(card_id=2, axis=3) [always_executed_hook]
2026-02-02T16:36:36,569023+0800 DEBUG (motion_controller_device.cpp:1486) sys/motion/3 [SMC] smc_check_done() returned: 0 (0=moving, 1=stopped)
2026-02-02T16:36:36,569482+0800 INFO (motion_controller_device.cpp:1482) sys/motion/3 [SMC] Checking axis 4 motion status...
2026-02-02T16:36:36,569493+0800 DEBUG (motion_controller_device.cpp:1483) sys/motion/3 [SMC] smc_check_done(card_id=2, axis=4) [always_executed_hook]
2026-02-02T16:36:36,569959+0800 DEBUG (motion_controller_device.cpp:1486) sys/motion/3 [SMC] smc_check_done() returned: 0 (0=moving, 1=stopped)
2026-02-02T16:36:36,570539+0800 INFO (motion_controller_device.cpp:1482) sys/motion/3 [SMC] Checking axis 5 motion status...
2026-02-02T16:36:36,570551+0800 DEBUG (motion_controller_device.cpp:1483) sys/motion/3 [SMC] smc_check_done(card_id=2, axis=5) [always_executed_hook]
2026-02-02T16:36:36,571132+0800 DEBUG (motion_controller_device.cpp:1486) sys/motion/3 [SMC] smc_check_done() returned: 0 (0=moving, 1=stopped)
2026-02-02T16:36:36,572473+0800 DEBUG (motion_controller_device.cpp:1102) sys/motion/3 [SMC] smc_read_eln_pin(card_id=2, axis=1)
2026-02-02T16:36:36,572502+0800 DEBUG (motion_controller_device.cpp:1103) sys/motion/3 [SMC] smc_read_elp_pin() returned: 1
2026-02-02T16:36:36,573184+0800 DEBUG (motion_controller_device.cpp:1105) sys/motion/3 [SMC] smc_read_eln_pin(card_id=2, axis=1)
2026-02-02T16:36:36,573204+0800 DEBUG (motion_controller_device.cpp:1106) sys/motion/3 [SMC] smc_read_eln_pin() returned: 1
2026-02-02T16:36:36,575377+0800 INFO (motion_controller_device.cpp:1482) sys/motion/3 [SMC] Checking axis 0 motion status...
2026-02-02T16:36:36,575403+0800 DEBUG (motion_controller_device.cpp:1483) sys/motion/3 [SMC] smc_check_done(card_id=2, axis=0) [always_executed_hook]
2026-02-02T16:36:36,576106+0800 DEBUG (motion_controller_device.cpp:1486) sys/motion/3 [SMC] smc_check_done() returned: 0 (0=moving, 1=stopped)
2026-02-02T16:36:36,577206+0800 INFO (motion_controller_device.cpp:1482) sys/motion/3 [SMC] Checking axis 1 motion status...
2026-02-02T16:36:36,577240+0800 DEBUG (motion_controller_device.cpp:1483) sys/motion/3 [SMC] smc_check_done(card_id=2, axis=1) [always_executed_hook]
2026-02-02T16:36:36,578343+0800 DEBUG (motion_controller_device.cpp:1486) sys/motion/3 [SMC] smc_check_done() returned: 0 (0=moving, 1=stopped)
2026-02-02T16:36:36,579048+0800 INFO (motion_controller_device.cpp:1482) sys/motion/3 [SMC] Checking axis 2 motion status...
2026-02-02T16:36:36,579071+0800 DEBUG (motion_controller_device.cpp:1483) sys/motion/3 [SMC] smc_check_done(card_id=2, axis=2) [always_executed_hook]
2026-02-02T16:36:36,579722+0800 DEBUG (motion_controller_device.cpp:1486) sys/motion/3 [SMC] smc_check_done() returned: 0 (0=moving, 1=stopped)
2026-02-02T16:36:36,580219+0800 INFO (motion_controller_device.cpp:1482) sys/motion/3 [SMC] Checking axis 3 motion status...
2026-02-02T16:36:36,580233+0800 DEBUG (motion_controller_device.cpp:1483) sys/motion/3 [SMC] smc_check_done(card_id=2, axis=3) [always_executed_hook]
2026-02-02T16:36:36,580831+0800 DEBUG (motion_controller_device.cpp:1486) sys/motion/3 [SMC] smc_check_done() returned: 0 (0=moving, 1=stopped)
2026-02-02T16:36:36,581434+0800 INFO (motion_controller_device.cpp:1482) sys/motion/3 [SMC] Checking axis 4 motion status...
2026-02-02T16:36:36,581442+0800 DEBUG (motion_controller_device.cpp:1483) sys/motion/3 [SMC] smc_check_done(card_id=2, axis=4) [always_executed_hook]
2026-02-02T16:36:36,581991+0800 DEBUG (motion_controller_device.cpp:1486) sys/motion/3 [SMC] smc_check_done() returned: 0 (0=moving, 1=stopped)
2026-02-02T16:36:36,582484+0800 INFO (motion_controller_device.cpp:1482) sys/motion/3 [SMC] Checking axis 5 motion status...
2026-02-02T16:36:36,582491+0800 DEBUG (motion_controller_device.cpp:1483) sys/motion/3 [SMC] smc_check_done(card_id=2, axis=5) [always_executed_hook]
2026-02-02T16:36:36,582988+0800 DEBUG (motion_controller_device.cpp:1486) sys/motion/3 [SMC] smc_check_done() returned: 0 (0=moving, 1=stopped)
2026-02-02T16:36:36,583967+0800 DEBUG (motion_controller_device.cpp:1102) sys/motion/3 [SMC] smc_read_eln_pin(card_id=2, axis=2)
2026-02-02T16:36:36,583978+0800 DEBUG (motion_controller_device.cpp:1103) sys/motion/3 [SMC] smc_read_elp_pin() returned: 1
2026-02-02T16:36:36,584470+0800 DEBUG (motion_controller_device.cpp:1105) sys/motion/3 [SMC] smc_read_eln_pin(card_id=2, axis=2)
2026-02-02T16:36:36,584477+0800 DEBUG (motion_controller_device.cpp:1106) sys/motion/3 [SMC] smc_read_eln_pin() returned: 1
2026-02-02T16:36:36,585023+0800 INFO (motion_controller_device.cpp:1482) sys/motion/3 [SMC] Checking axis 0 motion status...
2026-02-02T16:36:36,585105+0800 DEBUG (motion_controller_device.cpp:1483) sys/motion/3 [SMC] smc_check_done(card_id=2, axis=0) [always_executed_hook]
2026-02-02T16:36:36,585709+0800 DEBUG (motion_controller_device.cpp:1486) sys/motion/3 [SMC] smc_check_done() returned: 0 (0=moving, 1=stopped)
2026-02-02T16:36:36,586206+0800 INFO (motion_controller_device.cpp:1482) sys/motion/3 [SMC] Checking axis 1 motion status...
2026-02-02T16:36:36,586217+0800 DEBUG (motion_controller_device.cpp:1483) sys/motion/3 [SMC] smc_check_done(card_id=2, axis=1) [always_executed_hook]
2026-02-02T16:36:36,586641+0800 DEBUG (motion_controller_device.cpp:1486) sys/motion/3 [SMC] smc_check_done() returned: 0 (0=moving, 1=stopped)
2026-02-02T16:36:36,587162+0800 INFO (motion_controller_device.cpp:1482) sys/motion/3 [SMC] Checking axis 2 motion status...
2026-02-02T16:36:36,587169+0800 DEBUG (motion_controller_device.cpp:1483) sys/motion/3 [SMC] smc_check_done(card_id=2, axis=2) [always_executed_hook]
2026-02-02T16:36:36,588156+0800 DEBUG (motion_controller_device.cpp:1486) sys/motion/3 [SMC] smc_check_done() returned: 0 (0=moving, 1=stopped)
2026-02-02T16:36:36,588832+0800 INFO (motion_controller_device.cpp:1482) sys/motion/3 [SMC] Checking axis 3 motion status...
2026-02-02T16:36:36,588843+0800 DEBUG (motion_controller_device.cpp:1483) sys/motion/3 [SMC] smc_check_done(card_id=2, axis=3) [always_executed_hook]
2026-02-02T16:36:36,589373+0800 DEBUG (motion_controller_device.cpp:1486) sys/motion/3 [SMC] smc_check_done() returned: 0 (0=moving, 1=stopped)
2026-02-02T16:36:36,589928+0800 INFO (motion_controller_device.cpp:1482) sys/motion/3 [SMC] Checking axis 4 motion status...
2026-02-02T16:36:36,589934+0800 DEBUG (motion_controller_device.cpp:1483) sys/motion/3 [SMC] smc_check_done(card_id=2, axis=4) [always_executed_hook]
2026-02-02T16:36:36,590730+0800 DEBUG (motion_controller_device.cpp:1486) sys/motion/3 [SMC] smc_check_done() returned: 0 (0=moving, 1=stopped)
2026-02-02T16:36:36,591272+0800 INFO (motion_controller_device.cpp:1482) sys/motion/3 [SMC] Checking axis 5 motion status...
2026-02-02T16:36:36,591284+0800 DEBUG (motion_controller_device.cpp:1483) sys/motion/3 [SMC] smc_check_done(card_id=2, axis=5) [always_executed_hook]
2026-02-02T16:36:36,591811+0800 DEBUG (motion_controller_device.cpp:1486) sys/motion/3 [SMC] smc_check_done() returned: 0 (0=moving, 1=stopped)
2026-02-02T16:36:36,592877+0800 DEBUG (motion_controller_device.cpp:1102) sys/motion/3 [SMC] smc_read_eln_pin(card_id=2, axis=3)
2026-02-02T16:36:36,592894+0800 DEBUG (motion_controller_device.cpp:1103) sys/motion/3 [SMC] smc_read_elp_pin() returned: 1
2026-02-02T16:36:36,593345+0800 DEBUG (motion_controller_device.cpp:1105) sys/motion/3 [SMC] smc_read_eln_pin(card_id=2, axis=3)
2026-02-02T16:36:36,593351+0800 DEBUG (motion_controller_device.cpp:1106) sys/motion/3 [SMC] smc_read_eln_pin() returned: 1
2026-02-02T16:36:36,593592+0800 INFO (motion_controller_device.cpp:1482) sys/motion/3 [SMC] Checking axis 0 motion status...
2026-02-02T16:36:36,593600+0800 DEBUG (motion_controller_device.cpp:1483) sys/motion/3 [SMC] smc_check_done(card_id=2, axis=0) [always_executed_hook]
2026-02-02T16:36:36,594096+0800 DEBUG (motion_controller_device.cpp:1486) sys/motion/3 [SMC] smc_check_done() returned: 0 (0=moving, 1=stopped)
2026-02-02T16:36:36,594579+0800 INFO (motion_controller_device.cpp:1482) sys/motion/3 [SMC] Checking axis 1 motion status...
2026-02-02T16:36:36,594609+0800 DEBUG (motion_controller_device.cpp:1483) sys/motion/3 [SMC] smc_check_done(card_id=2, axis=1) [always_executed_hook]
2026-02-02T16:36:36,595150+0800 DEBUG (motion_controller_device.cpp:1486) sys/motion/3 [SMC] smc_check_done() returned: 0 (0=moving, 1=stopped)
2026-02-02T16:36:36,595766+0800 INFO (motion_controller_device.cpp:1482) sys/motion/3 [SMC] Checking axis 2 motion status...
2026-02-02T16:36:36,595785+0800 DEBUG (motion_controller_device.cpp:1483) sys/motion/3 [SMC] smc_check_done(card_id=2, axis=2) [always_executed_hook]
2026-02-02T16:36:36,596432+0800 DEBUG (motion_controller_device.cpp:1486) sys/motion/3 [SMC] smc_check_done() returned: 0 (0=moving, 1=stopped)
2026-02-02T16:36:36,597108+0800 INFO (motion_controller_device.cpp:1482) sys/motion/3 [SMC] Checking axis 3 motion status...
2026-02-02T16:36:36,597128+0800 DEBUG (motion_controller_device.cpp:1483) sys/motion/3 [SMC] smc_check_done(card_id=2, axis=3) [always_executed_hook]
2026-02-02T16:36:36,597826+0800 DEBUG (motion_controller_device.cpp:1486) sys/motion/3 [SMC] smc_check_done() returned: 0 (0=moving, 1=stopped)
2026-02-02T16:36:36,598439+0800 INFO (motion_controller_device.cpp:1482) sys/motion/3 [SMC] Checking axis 4 motion status...
2026-02-02T16:36:36,598454+0800 DEBUG (motion_controller_device.cpp:1483) sys/motion/3 [SMC] smc_check_done(card_id=2, axis=4) [always_executed_hook]
2026-02-02T16:36:36,598977+0800 DEBUG (motion_controller_device.cpp:1486) sys/motion/3 [SMC] smc_check_done() returned: 0 (0=moving, 1=stopped)
2026-02-02T16:36:36,599467+0800 INFO (motion_controller_device.cpp:1482) sys/motion/3 [SMC] Checking axis 5 motion status...
2026-02-02T16:36:36,599481+0800 DEBUG (motion_controller_device.cpp:1483) sys/motion/3 [SMC] smc_check_done(card_id=2, axis=5) [always_executed_hook]
2026-02-02T16:36:36,600004+0800 DEBUG (motion_controller_device.cpp:1486) sys/motion/3 [SMC] smc_check_done() returned: 0 (0=moving, 1=stopped)
2026-02-02T16:36:36,601136+0800 DEBUG (motion_controller_device.cpp:1102) sys/motion/3 [SMC] smc_read_eln_pin(card_id=2, axis=4)
2026-02-02T16:36:36,601156+0800 DEBUG (motion_controller_device.cpp:1103) sys/motion/3 [SMC] smc_read_elp_pin() returned: 1
2026-02-02T16:36:36,601748+0800 DEBUG (motion_controller_device.cpp:1105) sys/motion/3 [SMC] smc_read_eln_pin(card_id=2, axis=4)
2026-02-02T16:36:36,601766+0800 DEBUG (motion_controller_device.cpp:1106) sys/motion/3 [SMC] smc_read_eln_pin() returned: 1
2026-02-02T16:36:36,602251+0800 INFO (motion_controller_device.cpp:1482) sys/motion/3 [SMC] Checking axis 0 motion status...
2026-02-02T16:36:36,602341+0800 DEBUG (motion_controller_device.cpp:1483) sys/motion/3 [SMC] smc_check_done(card_id=2, axis=0) [always_executed_hook]
2026-02-02T16:36:36,603108+0800 DEBUG (motion_controller_device.cpp:1486) sys/motion/3 [SMC] smc_check_done() returned: 0 (0=moving, 1=stopped)
2026-02-02T16:36:36,603694+0800 INFO (motion_controller_device.cpp:1482) sys/motion/3 [SMC] Checking axis 1 motion status...
2026-02-02T16:36:36,603719+0800 DEBUG (motion_controller_device.cpp:1483) sys/motion/3 [SMC] smc_check_done(card_id=2, axis=1) [always_executed_hook]
2026-02-02T16:36:36,604228+0800 DEBUG (motion_controller_device.cpp:1486) sys/motion/3 [SMC] smc_check_done() returned: 0 (0=moving, 1=stopped)
2026-02-02T16:36:36,604942+0800 INFO (motion_controller_device.cpp:1482) sys/motion/3 [SMC] Checking axis 2 motion status...
2026-02-02T16:36:36,604955+0800 DEBUG (motion_controller_device.cpp:1483) sys/motion/3 [SMC] smc_check_done(card_id=2, axis=2) [always_executed_hook]
2026-02-02T16:36:36,605450+0800 DEBUG (motion_controller_device.cpp:1486) sys/motion/3 [SMC] smc_check_done() returned: 0 (0=moving, 1=stopped)
2026-02-02T16:36:36,606041+0800 INFO (motion_controller_device.cpp:1482) sys/motion/3 [SMC] Checking axis 3 motion status...
2026-02-02T16:36:36,606051+0800 DEBUG (motion_controller_device.cpp:1483) sys/motion/3 [SMC] smc_check_done(card_id=2, axis=3) [always_executed_hook]
2026-02-02T16:36:36,606488+0800 DEBUG (motion_controller_device.cpp:1486) sys/motion/3 [SMC] smc_check_done() returned: 0 (0=moving, 1=stopped)
2026-02-02T16:36:36,607614+0800 INFO (motion_controller_device.cpp:1482) sys/motion/3 [SMC] Checking axis 4 motion status...
2026-02-02T16:36:36,607623+0800 DEBUG (motion_controller_device.cpp:1483) sys/motion/3 [SMC] smc_check_done(card_id=2, axis=4) [always_executed_hook]
2026-02-02T16:36:36,608349+0800 DEBUG (motion_controller_device.cpp:1486) sys/motion/3 [SMC] smc_check_done() returned: 0 (0=moving, 1=stopped)
2026-02-02T16:36:36,608872+0800 INFO (motion_controller_device.cpp:1482) sys/motion/3 [SMC] Checking axis 5 motion status...
2026-02-02T16:36:36,608892+0800 DEBUG (motion_controller_device.cpp:1483) sys/motion/3 [SMC] smc_check_done(card_id=2, axis=5) [always_executed_hook]
2026-02-02T16:36:36,609326+0800 DEBUG (motion_controller_device.cpp:1486) sys/motion/3 [SMC] smc_check_done() returned: 0 (0=moving, 1=stopped)
2026-02-02T16:36:36,610093+0800 DEBUG (motion_controller_device.cpp:1102) sys/motion/3 [SMC] smc_read_eln_pin(card_id=2, axis=5)
2026-02-02T16:36:36,610100+0800 DEBUG (motion_controller_device.cpp:1103) sys/motion/3 [SMC] smc_read_elp_pin() returned: 1
2026-02-02T16:36:36,610842+0800 DEBUG (motion_controller_device.cpp:1105) sys/motion/3 [SMC] smc_read_eln_pin(card_id=2, axis=5)
2026-02-02T16:36:36,610849+0800 DEBUG (motion_controller_device.cpp:1106) sys/motion/3 [SMC] smc_read_eln_pin() returned: 1
2026-02-02T16:36:36,611152+0800 INFO (motion_controller_device.cpp:1482) sys/motion/3 [SMC] Checking axis 0 motion status...
2026-02-02T16:36:36,611166+0800 DEBUG (motion_controller_device.cpp:1483) sys/motion/3 [SMC] smc_check_done(card_id=2, axis=0) [always_executed_hook]
2026-02-02T16:36:36,611671+0800 DEBUG (motion_controller_device.cpp:1486) sys/motion/3 [SMC] smc_check_done() returned: 0 (0=moving, 1=stopped)
2026-02-02T16:36:36,612103+0800 INFO (motion_controller_device.cpp:1482) sys/motion/3 [SMC] Checking axis 1 motion status...
2026-02-02T16:36:36,612109+0800 DEBUG (motion_controller_device.cpp:1483) sys/motion/3 [SMC] smc_check_done(card_id=2, axis=1) [always_executed_hook]
2026-02-02T16:36:36,612705+0800 DEBUG (motion_controller_device.cpp:1486) sys/motion/3 [SMC] smc_check_done() returned: 0 (0=moving, 1=stopped)
2026-02-02T16:36:36,613129+0800 INFO (motion_controller_device.cpp:1482) sys/motion/3 [SMC] Checking axis 2 motion status...
2026-02-02T16:36:36,613137+0800 DEBUG (motion_controller_device.cpp:1483) sys/motion/3 [SMC] smc_check_done(card_id=2, axis=2) [always_executed_hook]
2026-02-02T16:36:36,613616+0800 DEBUG (motion_controller_device.cpp:1486) sys/motion/3 [SMC] smc_check_done() returned: 0 (0=moving, 1=stopped)
2026-02-02T16:36:36,614090+0800 INFO (motion_controller_device.cpp:1482) sys/motion/3 [SMC] Checking axis 3 motion status...
2026-02-02T16:36:36,614096+0800 DEBUG (motion_controller_device.cpp:1483) sys/motion/3 [SMC] smc_check_done(card_id=2, axis=3) [always_executed_hook]
2026-02-02T16:36:36,614525+0800 DEBUG (motion_controller_device.cpp:1486) sys/motion/3 [SMC] smc_check_done() returned: 0 (0=moving, 1=stopped)
2026-02-02T16:36:36,615194+0800 INFO (motion_controller_device.cpp:1482) sys/motion/3 [SMC] Checking axis 4 motion status...
2026-02-02T16:36:36,615200+0800 DEBUG (motion_controller_device.cpp:1483) sys/motion/3 [SMC] smc_check_done(card_id=2, axis=4) [always_executed_hook]
2026-02-02T16:36:36,615695+0800 DEBUG (motion_controller_device.cpp:1486) sys/motion/3 [SMC] smc_check_done() returned: 0 (0=moving, 1=stopped)
2026-02-02T16:36:36,616131+0800 INFO (motion_controller_device.cpp:1482) sys/motion/3 [SMC] Checking axis 5 motion status...
2026-02-02T16:36:36,616137+0800 DEBUG (motion_controller_device.cpp:1483) sys/motion/3 [SMC] smc_check_done(card_id=2, axis=5) [always_executed_hook]
2026-02-02T16:36:36,616623+0800 DEBUG (motion_controller_device.cpp:1486) sys/motion/3 [SMC] smc_check_done() returned: 0 (0=moving, 1=stopped)
2026-02-02T16:36:37,118725+0800 INFO (motion_controller_device.cpp:1482) sys/motion/3 [SMC] Checking axis 0 motion status...
2026-02-02T16:36:37,118787+0800 DEBUG (motion_controller_device.cpp:1483) sys/motion/3 [SMC] smc_check_done(card_id=2, axis=0) [always_executed_hook]
2026-02-02T16:36:37,119441+0800 DEBUG (motion_controller_device.cpp:1486) sys/motion/3 [SMC] smc_check_done() returned: 1 (0=moving, 1=stopped)
2026-02-02T16:36:37,119975+0800 INFO (motion_controller_device.cpp:1482) sys/motion/3 [SMC] Checking axis 1 motion status...
2026-02-02T16:36:37,119992+0800 DEBUG (motion_controller_device.cpp:1483) sys/motion/3 [SMC] smc_check_done(card_id=2, axis=1) [always_executed_hook]
2026-02-02T16:36:37,120718+0800 DEBUG (motion_controller_device.cpp:1486) sys/motion/3 [SMC] smc_check_done() returned: 1 (0=moving, 1=stopped)
2026-02-02T16:36:37,120735+0800 INFO (motion_controller_device.cpp:1482) sys/motion/3 [SMC] Checking axis 2 motion status...
2026-02-02T16:36:37,120740+0800 DEBUG (motion_controller_device.cpp:1483) sys/motion/3 [SMC] smc_check_done(card_id=2, axis=2) [always_executed_hook]
2026-02-02T16:36:37,121269+0800 DEBUG (motion_controller_device.cpp:1486) sys/motion/3 [SMC] smc_check_done() returned: 1 (0=moving, 1=stopped)
2026-02-02T16:36:37,121282+0800 INFO (motion_controller_device.cpp:1482) sys/motion/3 [SMC] Checking axis 3 motion status...
2026-02-02T16:36:37,121286+0800 DEBUG (motion_controller_device.cpp:1483) sys/motion/3 [SMC] smc_check_done(card_id=2, axis=3) [always_executed_hook]
2026-02-02T16:36:37,121800+0800 DEBUG (motion_controller_device.cpp:1486) sys/motion/3 [SMC] smc_check_done() returned: 1 (0=moving, 1=stopped)
2026-02-02T16:36:37,121806+0800 INFO (motion_controller_device.cpp:1482) sys/motion/3 [SMC] Checking axis 4 motion status...
2026-02-02T16:36:37,121810+0800 DEBUG (motion_controller_device.cpp:1483) sys/motion/3 [SMC] smc_check_done(card_id=2, axis=4) [always_executed_hook]
2026-02-02T16:36:37,122410+0800 DEBUG (motion_controller_device.cpp:1486) sys/motion/3 [SMC] smc_check_done() returned: 1 (0=moving, 1=stopped)
2026-02-02T16:36:37,122422+0800 INFO (motion_controller_device.cpp:1482) sys/motion/3 [SMC] Checking axis 5 motion status...
2026-02-02T16:36:37,122426+0800 DEBUG (motion_controller_device.cpp:1483) sys/motion/3 [SMC] smc_check_done(card_id=2, axis=5) [always_executed_hook]
2026-02-02T16:36:37,122920+0800 DEBUG (motion_controller_device.cpp:1486) sys/motion/3 [SMC] smc_check_done() returned: 1 (0=moving, 1=stopped)
2026-02-02T16:36:37,123497+0800 DEBUG (motion_controller_device.cpp:1102) sys/motion/3 [SMC] smc_read_eln_pin(card_id=2, axis=0)
2026-02-02T16:36:37,123507+0800 DEBUG (motion_controller_device.cpp:1103) sys/motion/3 [SMC] smc_read_elp_pin() returned: 1
2026-02-02T16:36:37,123987+0800 DEBUG (motion_controller_device.cpp:1105) sys/motion/3 [SMC] smc_read_eln_pin(card_id=2, axis=0)
2026-02-02T16:36:37,123996+0800 DEBUG (motion_controller_device.cpp:1106) sys/motion/3 [SMC] smc_read_eln_pin() returned: 1
2026-02-02T16:36:37,124596+0800 DEBUG (motion_controller_device.cpp:1102) sys/motion/3 [SMC] smc_read_eln_pin(card_id=2, axis=1)
2026-02-02T16:36:37,124627+0800 DEBUG (motion_controller_device.cpp:1103) sys/motion/3 [SMC] smc_read_elp_pin() returned: 1
2026-02-02T16:36:37,125106+0800 DEBUG (motion_controller_device.cpp:1105) sys/motion/3 [SMC] smc_read_eln_pin(card_id=2, axis=1)
2026-02-02T16:36:37,125119+0800 DEBUG (motion_controller_device.cpp:1106) sys/motion/3 [SMC] smc_read_eln_pin() returned: 1
2026-02-02T16:36:37,125609+0800 DEBUG (motion_controller_device.cpp:1102) sys/motion/3 [SMC] smc_read_eln_pin(card_id=2, axis=2)
2026-02-02T16:36:37,125624+0800 DEBUG (motion_controller_device.cpp:1103) sys/motion/3 [SMC] smc_read_elp_pin() returned: 1
2026-02-02T16:36:37,126127+0800 DEBUG (motion_controller_device.cpp:1105) sys/motion/3 [SMC] smc_read_eln_pin(card_id=2, axis=2)
2026-02-02T16:36:37,126149+0800 DEBUG (motion_controller_device.cpp:1106) sys/motion/3 [SMC] smc_read_eln_pin() returned: 1
2026-02-02T16:36:37,127115+0800 DEBUG (motion_controller_device.cpp:1102) sys/motion/3 [SMC] smc_read_eln_pin(card_id=2, axis=3)
2026-02-02T16:36:37,127138+0800 DEBUG (motion_controller_device.cpp:1103) sys/motion/3 [SMC] smc_read_elp_pin() returned: 1
2026-02-02T16:36:37,127726+0800 DEBUG (motion_controller_device.cpp:1105) sys/motion/3 [SMC] smc_read_eln_pin(card_id=2, axis=3)
2026-02-02T16:36:37,127743+0800 DEBUG (motion_controller_device.cpp:1106) sys/motion/3 [SMC] smc_read_eln_pin() returned: 1
2026-02-02T16:36:37,128522+0800 DEBUG (motion_controller_device.cpp:1102) sys/motion/3 [SMC] smc_read_eln_pin(card_id=2, axis=4)
2026-02-02T16:36:37,128552+0800 DEBUG (motion_controller_device.cpp:1103) sys/motion/3 [SMC] smc_read_elp_pin() returned: 1
2026-02-02T16:36:37,129056+0800 DEBUG (motion_controller_device.cpp:1105) sys/motion/3 [SMC] smc_read_eln_pin(card_id=2, axis=4)
2026-02-02T16:36:37,129076+0800 DEBUG (motion_controller_device.cpp:1106) sys/motion/3 [SMC] smc_read_eln_pin() returned: 1
2026-02-02T16:36:37,129593+0800 DEBUG (motion_controller_device.cpp:1102) sys/motion/3 [SMC] smc_read_eln_pin(card_id=2, axis=5)
2026-02-02T16:36:37,129616+0800 DEBUG (motion_controller_device.cpp:1103) sys/motion/3 [SMC] smc_read_elp_pin() returned: 1
2026-02-02T16:36:37,129993+0800 DEBUG (motion_controller_device.cpp:1105) sys/motion/3 [SMC] smc_read_eln_pin(card_id=2, axis=5)
2026-02-02T16:36:37,130005+0800 DEBUG (motion_controller_device.cpp:1106) sys/motion/3 [SMC] smc_read_eln_pin() returned: 1
2026-02-02T16:39:01,386981+0800 DEBUG (motion_controller_device.cpp:983) sys/motion/3 [SMC] smc_set_profile_unit(card_id=2, axis=0, start_vel=3000, max_vel=10000, acc_time=0.1, dec_time=0.1, stop_vel=100)
2026-02-02T16:39:01,388478+0800 DEBUG (motion_controller_device.cpp:988) sys/motion/3 [SMC] smc_set_profile_unit() returned: 0
2026-02-02T16:39:01,390973+0800 DEBUG (motion_controller_device.cpp:983) sys/motion/3 [SMC] smc_set_profile_unit(card_id=2, axis=1, start_vel=3000, max_vel=10000, acc_time=0.1, dec_time=0.1, stop_vel=100)
2026-02-02T16:39:01,392238+0800 DEBUG (motion_controller_device.cpp:988) sys/motion/3 [SMC] smc_set_profile_unit() returned: 0
2026-02-02T16:39:01,392931+0800 DEBUG (motion_controller_device.cpp:983) sys/motion/3 [SMC] smc_set_profile_unit(card_id=2, axis=2, start_vel=3000, max_vel=10000, acc_time=0.1, dec_time=0.1, stop_vel=100)
2026-02-02T16:39:01,393950+0800 DEBUG (motion_controller_device.cpp:988) sys/motion/3 [SMC] smc_set_profile_unit() returned: 0
2026-02-02T16:39:01,394318+0800 DEBUG (motion_controller_device.cpp:983) sys/motion/3 [SMC] smc_set_profile_unit(card_id=2, axis=3, start_vel=3000, max_vel=10000, acc_time=0.1, dec_time=0.1, stop_vel=100)
2026-02-02T16:39:01,395082+0800 DEBUG (motion_controller_device.cpp:988) sys/motion/3 [SMC] smc_set_profile_unit() returned: 0
2026-02-02T16:39:01,395355+0800 DEBUG (motion_controller_device.cpp:983) sys/motion/3 [SMC] smc_set_profile_unit(card_id=2, axis=4, start_vel=3000, max_vel=10000, acc_time=0.1, dec_time=0.1, stop_vel=100)
2026-02-02T16:39:01,396080+0800 DEBUG (motion_controller_device.cpp:988) sys/motion/3 [SMC] smc_set_profile_unit() returned: 0
2026-02-02T16:39:01,396515+0800 DEBUG (motion_controller_device.cpp:983) sys/motion/3 [SMC] smc_set_profile_unit(card_id=2, axis=5, start_vel=3000, max_vel=10000, acc_time=0.1, dec_time=0.1, stop_vel=100)
2026-02-02T16:39:01,397355+0800 DEBUG (motion_controller_device.cpp:988) sys/motion/3 [SMC] smc_set_profile_unit() returned: 0
2026-02-02T16:39:01,397913+0800 DEBUG (motion_controller_device.cpp:656) sys/motion/3 [SMC] Checking axis 0 enable status...
2026-02-02T16:39:01,398404+0800 DEBUG (motion_controller_device.cpp:658) sys/motion/3 [SMC] smc_read_sevon_pin() returned: 1 (0=disabled, 1=enabled)
2026-02-02T16:39:01,398429+0800 DEBUG (motion_controller_device.cpp:672) sys/motion/3 [SMC] smc_pmove_unit(card_id=2, axis=0, dist=-11682, mode=relative)
2026-02-02T16:39:01,399440+0800 DEBUG (motion_controller_device.cpp:674) sys/motion/3 [SMC] smc_pmove_unit() returned: 0
2026-02-02T16:39:01,399785+0800 INFO (motion_controller_device.cpp:1482) sys/motion/3 [SMC] Checking axis 0 motion status...
2026-02-02T16:39:01,399797+0800 DEBUG (motion_controller_device.cpp:1483) sys/motion/3 [SMC] smc_check_done(card_id=2, axis=0) [always_executed_hook]
2026-02-02T16:39:01,400292+0800 DEBUG (motion_controller_device.cpp:1486) sys/motion/3 [SMC] smc_check_done() returned: 0 (0=moving, 1=stopped)
2026-02-02T16:39:01,400861+0800 DEBUG (motion_controller_device.cpp:656) sys/motion/3 [SMC] Checking axis 1 enable status...
2026-02-02T16:39:01,401652+0800 DEBUG (motion_controller_device.cpp:658) sys/motion/3 [SMC] smc_read_sevon_pin() returned: 1 (0=disabled, 1=enabled)
2026-02-02T16:39:01,401757+0800 DEBUG (motion_controller_device.cpp:672) sys/motion/3 [SMC] smc_pmove_unit(card_id=2, axis=1, dist=11280, mode=relative)
2026-02-02T16:39:01,403067+0800 DEBUG (motion_controller_device.cpp:674) sys/motion/3 [SMC] smc_pmove_unit() returned: 0
2026-02-02T16:39:01,403362+0800 INFO (motion_controller_device.cpp:1482) sys/motion/3 [SMC] Checking axis 0 motion status...
2026-02-02T16:39:01,403382+0800 DEBUG (motion_controller_device.cpp:1483) sys/motion/3 [SMC] smc_check_done(card_id=2, axis=0) [always_executed_hook]
2026-02-02T16:39:01,403866+0800 DEBUG (motion_controller_device.cpp:1486) sys/motion/3 [SMC] smc_check_done() returned: 0 (0=moving, 1=stopped)
2026-02-02T16:39:01,404308+0800 INFO (motion_controller_device.cpp:1482) sys/motion/3 [SMC] Checking axis 1 motion status...
2026-02-02T16:39:01,404320+0800 DEBUG (motion_controller_device.cpp:1483) sys/motion/3 [SMC] smc_check_done(card_id=2, axis=1) [always_executed_hook]
2026-02-02T16:39:01,404866+0800 DEBUG (motion_controller_device.cpp:1486) sys/motion/3 [SMC] smc_check_done() returned: 0 (0=moving, 1=stopped)
2026-02-02T16:39:01,405630+0800 DEBUG (motion_controller_device.cpp:656) sys/motion/3 [SMC] Checking axis 2 enable status...
2026-02-02T16:39:01,406232+0800 DEBUG (motion_controller_device.cpp:658) sys/motion/3 [SMC] smc_read_sevon_pin() returned: 1 (0=disabled, 1=enabled)
2026-02-02T16:39:01,406264+0800 DEBUG (motion_controller_device.cpp:672) sys/motion/3 [SMC] smc_pmove_unit(card_id=2, axis=2, dist=-11682, mode=relative)
2026-02-02T16:39:01,407145+0800 DEBUG (motion_controller_device.cpp:674) sys/motion/3 [SMC] smc_pmove_unit() returned: 0
2026-02-02T16:39:01,407393+0800 INFO (motion_controller_device.cpp:1482) sys/motion/3 [SMC] Checking axis 0 motion status...
2026-02-02T16:39:01,407409+0800 DEBUG (motion_controller_device.cpp:1483) sys/motion/3 [SMC] smc_check_done(card_id=2, axis=0) [always_executed_hook]
2026-02-02T16:39:01,407873+0800 DEBUG (motion_controller_device.cpp:1486) sys/motion/3 [SMC] smc_check_done() returned: 0 (0=moving, 1=stopped)
2026-02-02T16:39:01,408232+0800 INFO (motion_controller_device.cpp:1482) sys/motion/3 [SMC] Checking axis 1 motion status...
2026-02-02T16:39:01,408240+0800 DEBUG (motion_controller_device.cpp:1483) sys/motion/3 [SMC] smc_check_done(card_id=2, axis=1) [always_executed_hook]
2026-02-02T16:39:01,408630+0800 DEBUG (motion_controller_device.cpp:1486) sys/motion/3 [SMC] smc_check_done() returned: 0 (0=moving, 1=stopped)
2026-02-02T16:39:01,409103+0800 INFO (motion_controller_device.cpp:1482) sys/motion/3 [SMC] Checking axis 2 motion status...
2026-02-02T16:39:01,409117+0800 DEBUG (motion_controller_device.cpp:1483) sys/motion/3 [SMC] smc_check_done(card_id=2, axis=2) [always_executed_hook]
2026-02-02T16:39:01,409545+0800 DEBUG (motion_controller_device.cpp:1486) sys/motion/3 [SMC] smc_check_done() returned: 0 (0=moving, 1=stopped)
2026-02-02T16:39:01,409949+0800 DEBUG (motion_controller_device.cpp:656) sys/motion/3 [SMC] Checking axis 3 enable status...
2026-02-02T16:39:01,410309+0800 DEBUG (motion_controller_device.cpp:658) sys/motion/3 [SMC] smc_read_sevon_pin() returned: 1 (0=disabled, 1=enabled)
2026-02-02T16:39:01,410323+0800 DEBUG (motion_controller_device.cpp:672) sys/motion/3 [SMC] smc_pmove_unit(card_id=2, axis=3, dist=11280, mode=relative)
2026-02-02T16:39:01,411248+0800 DEBUG (motion_controller_device.cpp:674) sys/motion/3 [SMC] smc_pmove_unit() returned: 0
2026-02-02T16:39:01,411538+0800 INFO (motion_controller_device.cpp:1482) sys/motion/3 [SMC] Checking axis 0 motion status...
2026-02-02T16:39:01,411550+0800 DEBUG (motion_controller_device.cpp:1483) sys/motion/3 [SMC] smc_check_done(card_id=2, axis=0) [always_executed_hook]
2026-02-02T16:39:01,412195+0800 DEBUG (motion_controller_device.cpp:1486) sys/motion/3 [SMC] smc_check_done() returned: 0 (0=moving, 1=stopped)
2026-02-02T16:39:01,412782+0800 INFO (motion_controller_device.cpp:1482) sys/motion/3 [SMC] Checking axis 1 motion status...
2026-02-02T16:39:01,412795+0800 DEBUG (motion_controller_device.cpp:1483) sys/motion/3 [SMC] smc_check_done(card_id=2, axis=1) [always_executed_hook]
2026-02-02T16:39:01,413359+0800 DEBUG (motion_controller_device.cpp:1486) sys/motion/3 [SMC] smc_check_done() returned: 0 (0=moving, 1=stopped)
2026-02-02T16:39:01,413970+0800 INFO (motion_controller_device.cpp:1482) sys/motion/3 [SMC] Checking axis 2 motion status...
2026-02-02T16:39:01,414111+0800 DEBUG (motion_controller_device.cpp:1483) sys/motion/3 [SMC] smc_check_done(card_id=2, axis=2) [always_executed_hook]
2026-02-02T16:39:01,414644+0800 DEBUG (motion_controller_device.cpp:1486) sys/motion/3 [SMC] smc_check_done() returned: 0 (0=moving, 1=stopped)
2026-02-02T16:39:01,415106+0800 INFO (motion_controller_device.cpp:1482) sys/motion/3 [SMC] Checking axis 3 motion status...
2026-02-02T16:39:01,415120+0800 DEBUG (motion_controller_device.cpp:1483) sys/motion/3 [SMC] smc_check_done(card_id=2, axis=3) [always_executed_hook]
2026-02-02T16:39:01,415560+0800 DEBUG (motion_controller_device.cpp:1486) sys/motion/3 [SMC] smc_check_done() returned: 0 (0=moving, 1=stopped)
2026-02-02T16:39:01,416072+0800 DEBUG (motion_controller_device.cpp:656) sys/motion/3 [SMC] Checking axis 4 enable status...
2026-02-02T16:39:01,416510+0800 DEBUG (motion_controller_device.cpp:658) sys/motion/3 [SMC] smc_read_sevon_pin() returned: 1 (0=disabled, 1=enabled)
2026-02-02T16:39:01,416531+0800 DEBUG (motion_controller_device.cpp:672) sys/motion/3 [SMC] smc_pmove_unit(card_id=2, axis=4, dist=-11682, mode=relative)
2026-02-02T16:39:01,417719+0800 DEBUG (motion_controller_device.cpp:674) sys/motion/3 [SMC] smc_pmove_unit() returned: 0
2026-02-02T16:39:01,418385+0800 INFO (motion_controller_device.cpp:1482) sys/motion/3 [SMC] Checking axis 0 motion status...
2026-02-02T16:39:01,418413+0800 DEBUG (motion_controller_device.cpp:1483) sys/motion/3 [SMC] smc_check_done(card_id=2, axis=0) [always_executed_hook]
2026-02-02T16:39:01,419029+0800 DEBUG (motion_controller_device.cpp:1486) sys/motion/3 [SMC] smc_check_done() returned: 0 (0=moving, 1=stopped)
2026-02-02T16:39:01,419512+0800 INFO (motion_controller_device.cpp:1482) sys/motion/3 [SMC] Checking axis 1 motion status...
2026-02-02T16:39:01,419524+0800 DEBUG (motion_controller_device.cpp:1483) sys/motion/3 [SMC] smc_check_done(card_id=2, axis=1) [always_executed_hook]
2026-02-02T16:39:01,420039+0800 DEBUG (motion_controller_device.cpp:1486) sys/motion/3 [SMC] smc_check_done() returned: 0 (0=moving, 1=stopped)
2026-02-02T16:39:01,420465+0800 INFO (motion_controller_device.cpp:1482) sys/motion/3 [SMC] Checking axis 2 motion status...
2026-02-02T16:39:01,420478+0800 DEBUG (motion_controller_device.cpp:1483) sys/motion/3 [SMC] smc_check_done(card_id=2, axis=2) [always_executed_hook]
2026-02-02T16:39:01,420967+0800 DEBUG (motion_controller_device.cpp:1486) sys/motion/3 [SMC] smc_check_done() returned: 0 (0=moving, 1=stopped)
2026-02-02T16:39:01,421378+0800 INFO (motion_controller_device.cpp:1482) sys/motion/3 [SMC] Checking axis 3 motion status...
2026-02-02T16:39:01,421391+0800 DEBUG (motion_controller_device.cpp:1483) sys/motion/3 [SMC] smc_check_done(card_id=2, axis=3) [always_executed_hook]
2026-02-02T16:39:01,421737+0800 DEBUG (motion_controller_device.cpp:1486) sys/motion/3 [SMC] smc_check_done() returned: 0 (0=moving, 1=stopped)
2026-02-02T16:39:01,422186+0800 INFO (motion_controller_device.cpp:1482) sys/motion/3 [SMC] Checking axis 4 motion status...
2026-02-02T16:39:01,422192+0800 DEBUG (motion_controller_device.cpp:1483) sys/motion/3 [SMC] smc_check_done(card_id=2, axis=4) [always_executed_hook]
2026-02-02T16:39:01,422538+0800 DEBUG (motion_controller_device.cpp:1486) sys/motion/3 [SMC] smc_check_done() returned: 0 (0=moving, 1=stopped)
2026-02-02T16:39:01,422946+0800 DEBUG (motion_controller_device.cpp:656) sys/motion/3 [SMC] Checking axis 5 enable status...
2026-02-02T16:39:01,423349+0800 DEBUG (motion_controller_device.cpp:658) sys/motion/3 [SMC] smc_read_sevon_pin() returned: 1 (0=disabled, 1=enabled)
2026-02-02T16:39:01,423373+0800 DEBUG (motion_controller_device.cpp:672) sys/motion/3 [SMC] smc_pmove_unit(card_id=2, axis=5, dist=11280, mode=relative)
2026-02-02T16:39:01,424420+0800 DEBUG (motion_controller_device.cpp:674) sys/motion/3 [SMC] smc_pmove_unit() returned: 0
2026-02-02T16:39:01,425220+0800 INFO (motion_controller_device.cpp:1482) sys/motion/3 [SMC] Checking axis 0 motion status...
2026-02-02T16:39:01,425233+0800 DEBUG (motion_controller_device.cpp:1483) sys/motion/3 [SMC] smc_check_done(card_id=2, axis=0) [always_executed_hook]
2026-02-02T16:39:01,425609+0800 DEBUG (motion_controller_device.cpp:1486) sys/motion/3 [SMC] smc_check_done() returned: 0 (0=moving, 1=stopped)
2026-02-02T16:39:01,426272+0800 INFO (motion_controller_device.cpp:1482) sys/motion/3 [SMC] Checking axis 1 motion status...
2026-02-02T16:39:01,426319+0800 DEBUG (motion_controller_device.cpp:1483) sys/motion/3 [SMC] smc_check_done(card_id=2, axis=1) [always_executed_hook]
2026-02-02T16:39:01,426848+0800 DEBUG (motion_controller_device.cpp:1486) sys/motion/3 [SMC] smc_check_done() returned: 0 (0=moving, 1=stopped)
2026-02-02T16:39:01,427272+0800 INFO (motion_controller_device.cpp:1482) sys/motion/3 [SMC] Checking axis 2 motion status...
2026-02-02T16:39:01,427284+0800 DEBUG (motion_controller_device.cpp:1483) sys/motion/3 [SMC] smc_check_done(card_id=2, axis=2) [always_executed_hook]
2026-02-02T16:39:01,427650+0800 DEBUG (motion_controller_device.cpp:1486) sys/motion/3 [SMC] smc_check_done() returned: 0 (0=moving, 1=stopped)
2026-02-02T16:39:01,428092+0800 INFO (motion_controller_device.cpp:1482) sys/motion/3 [SMC] Checking axis 3 motion status...
2026-02-02T16:39:01,428103+0800 DEBUG (motion_controller_device.cpp:1483) sys/motion/3 [SMC] smc_check_done(card_id=2, axis=3) [always_executed_hook]
2026-02-02T16:39:01,428502+0800 DEBUG (motion_controller_device.cpp:1486) sys/motion/3 [SMC] smc_check_done() returned: 0 (0=moving, 1=stopped)
2026-02-02T16:39:01,428863+0800 INFO (motion_controller_device.cpp:1482) sys/motion/3 [SMC] Checking axis 4 motion status...
2026-02-02T16:39:01,428878+0800 DEBUG (motion_controller_device.cpp:1483) sys/motion/3 [SMC] smc_check_done(card_id=2, axis=4) [always_executed_hook]
2026-02-02T16:39:01,429243+0800 DEBUG (motion_controller_device.cpp:1486) sys/motion/3 [SMC] smc_check_done() returned: 0 (0=moving, 1=stopped)
2026-02-02T16:39:01,429657+0800 INFO (motion_controller_device.cpp:1482) sys/motion/3 [SMC] Checking axis 5 motion status...
2026-02-02T16:39:01,429686+0800 DEBUG (motion_controller_device.cpp:1483) sys/motion/3 [SMC] smc_check_done(card_id=2, axis=5) [always_executed_hook]
2026-02-02T16:39:01,430183+0800 DEBUG (motion_controller_device.cpp:1486) sys/motion/3 [SMC] smc_check_done() returned: 0 (0=moving, 1=stopped)
2026-02-02T16:39:01,431068+0800 DEBUG (motion_controller_device.cpp:1102) sys/motion/3 [SMC] smc_read_eln_pin(card_id=2, axis=0)
2026-02-02T16:39:01,431087+0800 DEBUG (motion_controller_device.cpp:1103) sys/motion/3 [SMC] smc_read_elp_pin() returned: 1
2026-02-02T16:39:01,431557+0800 DEBUG (motion_controller_device.cpp:1105) sys/motion/3 [SMC] smc_read_eln_pin(card_id=2, axis=0)
2026-02-02T16:39:01,431643+0800 DEBUG (motion_controller_device.cpp:1106) sys/motion/3 [SMC] smc_read_eln_pin() returned: 1
2026-02-02T16:39:01,431968+0800 INFO (motion_controller_device.cpp:1482) sys/motion/3 [SMC] Checking axis 0 motion status...
2026-02-02T16:39:01,431979+0800 DEBUG (motion_controller_device.cpp:1483) sys/motion/3 [SMC] smc_check_done(card_id=2, axis=0) [always_executed_hook]
2026-02-02T16:39:01,432450+0800 DEBUG (motion_controller_device.cpp:1486) sys/motion/3 [SMC] smc_check_done() returned: 0 (0=moving, 1=stopped)
2026-02-02T16:39:01,432907+0800 INFO (motion_controller_device.cpp:1482) sys/motion/3 [SMC] Checking axis 1 motion status...
2026-02-02T16:39:01,432920+0800 DEBUG (motion_controller_device.cpp:1483) sys/motion/3 [SMC] smc_check_done(card_id=2, axis=1) [always_executed_hook]
2026-02-02T16:39:01,433427+0800 DEBUG (motion_controller_device.cpp:1486) sys/motion/3 [SMC] smc_check_done() returned: 0 (0=moving, 1=stopped)
2026-02-02T16:39:01,433944+0800 INFO (motion_controller_device.cpp:1482) sys/motion/3 [SMC] Checking axis 2 motion status...
2026-02-02T16:39:01,433961+0800 DEBUG (motion_controller_device.cpp:1483) sys/motion/3 [SMC] smc_check_done(card_id=2, axis=2) [always_executed_hook]
2026-02-02T16:39:01,434364+0800 DEBUG (motion_controller_device.cpp:1486) sys/motion/3 [SMC] smc_check_done() returned: 0 (0=moving, 1=stopped)
2026-02-02T16:39:01,434922+0800 INFO (motion_controller_device.cpp:1482) sys/motion/3 [SMC] Checking axis 3 motion status...
2026-02-02T16:39:01,434935+0800 DEBUG (motion_controller_device.cpp:1483) sys/motion/3 [SMC] smc_check_done(card_id=2, axis=3) [always_executed_hook]
2026-02-02T16:39:01,435251+0800 DEBUG (motion_controller_device.cpp:1486) sys/motion/3 [SMC] smc_check_done() returned: 0 (0=moving, 1=stopped)
2026-02-02T16:39:01,435639+0800 INFO (motion_controller_device.cpp:1482) sys/motion/3 [SMC] Checking axis 4 motion status...
2026-02-02T16:39:01,435645+0800 DEBUG (motion_controller_device.cpp:1483) sys/motion/3 [SMC] smc_check_done(card_id=2, axis=4) [always_executed_hook]
2026-02-02T16:39:01,436059+0800 DEBUG (motion_controller_device.cpp:1486) sys/motion/3 [SMC] smc_check_done() returned: 0 (0=moving, 1=stopped)
2026-02-02T16:39:01,436599+0800 INFO (motion_controller_device.cpp:1482) sys/motion/3 [SMC] Checking axis 5 motion status...
2026-02-02T16:39:01,436618+0800 DEBUG (motion_controller_device.cpp:1483) sys/motion/3 [SMC] smc_check_done(card_id=2, axis=5) [always_executed_hook]
2026-02-02T16:39:01,437139+0800 DEBUG (motion_controller_device.cpp:1486) sys/motion/3 [SMC] smc_check_done() returned: 0 (0=moving, 1=stopped)
2026-02-02T16:39:01,437974+0800 DEBUG (motion_controller_device.cpp:1102) sys/motion/3 [SMC] smc_read_eln_pin(card_id=2, axis=1)
2026-02-02T16:39:01,437986+0800 DEBUG (motion_controller_device.cpp:1103) sys/motion/3 [SMC] smc_read_elp_pin() returned: 1
2026-02-02T16:39:01,438315+0800 DEBUG (motion_controller_device.cpp:1105) sys/motion/3 [SMC] smc_read_eln_pin(card_id=2, axis=1)
2026-02-02T16:39:01,438325+0800 DEBUG (motion_controller_device.cpp:1106) sys/motion/3 [SMC] smc_read_eln_pin() returned: 1
2026-02-02T16:39:01,438569+0800 INFO (motion_controller_device.cpp:1482) sys/motion/3 [SMC] Checking axis 0 motion status...
2026-02-02T16:39:01,438581+0800 DEBUG (motion_controller_device.cpp:1483) sys/motion/3 [SMC] smc_check_done(card_id=2, axis=0) [always_executed_hook]
2026-02-02T16:39:01,439158+0800 DEBUG (motion_controller_device.cpp:1486) sys/motion/3 [SMC] smc_check_done() returned: 0 (0=moving, 1=stopped)
2026-02-02T16:39:01,439755+0800 INFO (motion_controller_device.cpp:1482) sys/motion/3 [SMC] Checking axis 1 motion status...
2026-02-02T16:39:01,439768+0800 DEBUG (motion_controller_device.cpp:1483) sys/motion/3 [SMC] smc_check_done(card_id=2, axis=1) [always_executed_hook]
2026-02-02T16:39:01,440122+0800 DEBUG (motion_controller_device.cpp:1486) sys/motion/3 [SMC] smc_check_done() returned: 0 (0=moving, 1=stopped)
2026-02-02T16:39:01,440506+0800 INFO (motion_controller_device.cpp:1482) sys/motion/3 [SMC] Checking axis 2 motion status...
2026-02-02T16:39:01,440511+0800 DEBUG (motion_controller_device.cpp:1483) sys/motion/3 [SMC] smc_check_done(card_id=2, axis=2) [always_executed_hook]
2026-02-02T16:39:01,441025+0800 DEBUG (motion_controller_device.cpp:1486) sys/motion/3 [SMC] smc_check_done() returned: 0 (0=moving, 1=stopped)
2026-02-02T16:39:01,441623+0800 INFO (motion_controller_device.cpp:1482) sys/motion/3 [SMC] Checking axis 3 motion status...
2026-02-02T16:39:01,441637+0800 DEBUG (motion_controller_device.cpp:1483) sys/motion/3 [SMC] smc_check_done(card_id=2, axis=3) [always_executed_hook]
2026-02-02T16:39:01,442177+0800 DEBUG (motion_controller_device.cpp:1486) sys/motion/3 [SMC] smc_check_done() returned: 0 (0=moving, 1=stopped)
2026-02-02T16:39:01,442571+0800 INFO (motion_controller_device.cpp:1482) sys/motion/3 [SMC] Checking axis 4 motion status...
2026-02-02T16:39:01,442582+0800 DEBUG (motion_controller_device.cpp:1483) sys/motion/3 [SMC] smc_check_done(card_id=2, axis=4) [always_executed_hook]
2026-02-02T16:39:01,443155+0800 DEBUG (motion_controller_device.cpp:1486) sys/motion/3 [SMC] smc_check_done() returned: 0 (0=moving, 1=stopped)
2026-02-02T16:39:01,443698+0800 INFO (motion_controller_device.cpp:1482) sys/motion/3 [SMC] Checking axis 5 motion status...
2026-02-02T16:39:01,443710+0800 DEBUG (motion_controller_device.cpp:1483) sys/motion/3 [SMC] smc_check_done(card_id=2, axis=5) [always_executed_hook]
2026-02-02T16:39:01,444206+0800 DEBUG (motion_controller_device.cpp:1486) sys/motion/3 [SMC] smc_check_done() returned: 0 (0=moving, 1=stopped)
2026-02-02T16:39:01,445078+0800 DEBUG (motion_controller_device.cpp:1102) sys/motion/3 [SMC] smc_read_eln_pin(card_id=2, axis=2)
2026-02-02T16:39:01,445100+0800 DEBUG (motion_controller_device.cpp:1103) sys/motion/3 [SMC] smc_read_elp_pin() returned: 1
2026-02-02T16:39:01,445468+0800 DEBUG (motion_controller_device.cpp:1105) sys/motion/3 [SMC] smc_read_eln_pin(card_id=2, axis=2)
2026-02-02T16:39:01,445478+0800 DEBUG (motion_controller_device.cpp:1106) sys/motion/3 [SMC] smc_read_eln_pin() returned: 1
2026-02-02T16:39:01,445659+0800 INFO (motion_controller_device.cpp:1482) sys/motion/3 [SMC] Checking axis 0 motion status...
2026-02-02T16:39:01,445679+0800 DEBUG (motion_controller_device.cpp:1483) sys/motion/3 [SMC] smc_check_done(card_id=2, axis=0) [always_executed_hook]
2026-02-02T16:39:01,446097+0800 DEBUG (motion_controller_device.cpp:1486) sys/motion/3 [SMC] smc_check_done() returned: 0 (0=moving, 1=stopped)
2026-02-02T16:39:01,446556+0800 INFO (motion_controller_device.cpp:1482) sys/motion/3 [SMC] Checking axis 1 motion status...
2026-02-02T16:39:01,446566+0800 DEBUG (motion_controller_device.cpp:1483) sys/motion/3 [SMC] smc_check_done(card_id=2, axis=1) [always_executed_hook]
2026-02-02T16:39:01,447061+0800 DEBUG (motion_controller_device.cpp:1486) sys/motion/3 [SMC] smc_check_done() returned: 0 (0=moving, 1=stopped)
2026-02-02T16:39:01,447401+0800 INFO (motion_controller_device.cpp:1482) sys/motion/3 [SMC] Checking axis 2 motion status...
2026-02-02T16:39:01,447411+0800 DEBUG (motion_controller_device.cpp:1483) sys/motion/3 [SMC] smc_check_done(card_id=2, axis=2) [always_executed_hook]
2026-02-02T16:39:01,447873+0800 DEBUG (motion_controller_device.cpp:1486) sys/motion/3 [SMC] smc_check_done() returned: 0 (0=moving, 1=stopped)
2026-02-02T16:39:01,448282+0800 INFO (motion_controller_device.cpp:1482) sys/motion/3 [SMC] Checking axis 3 motion status...
2026-02-02T16:39:01,448292+0800 DEBUG (motion_controller_device.cpp:1483) sys/motion/3 [SMC] smc_check_done(card_id=2, axis=3) [always_executed_hook]
2026-02-02T16:39:01,448648+0800 DEBUG (motion_controller_device.cpp:1486) sys/motion/3 [SMC] smc_check_done() returned: 0 (0=moving, 1=stopped)
2026-02-02T16:39:01,449067+0800 INFO (motion_controller_device.cpp:1482) sys/motion/3 [SMC] Checking axis 4 motion status...
2026-02-02T16:39:01,449077+0800 DEBUG (motion_controller_device.cpp:1483) sys/motion/3 [SMC] smc_check_done(card_id=2, axis=4) [always_executed_hook]
2026-02-02T16:39:01,449469+0800 DEBUG (motion_controller_device.cpp:1486) sys/motion/3 [SMC] smc_check_done() returned: 0 (0=moving, 1=stopped)
2026-02-02T16:39:01,450182+0800 INFO (motion_controller_device.cpp:1482) sys/motion/3 [SMC] Checking axis 5 motion status...
2026-02-02T16:39:01,450202+0800 DEBUG (motion_controller_device.cpp:1483) sys/motion/3 [SMC] smc_check_done(card_id=2, axis=5) [always_executed_hook]
2026-02-02T16:39:01,450742+0800 DEBUG (motion_controller_device.cpp:1486) sys/motion/3 [SMC] smc_check_done() returned: 0 (0=moving, 1=stopped)
2026-02-02T16:39:01,451717+0800 DEBUG (motion_controller_device.cpp:1102) sys/motion/3 [SMC] smc_read_eln_pin(card_id=2, axis=3)
2026-02-02T16:39:01,451776+0800 DEBUG (motion_controller_device.cpp:1103) sys/motion/3 [SMC] smc_read_elp_pin() returned: 1
2026-02-02T16:39:01,452328+0800 DEBUG (motion_controller_device.cpp:1105) sys/motion/3 [SMC] smc_read_eln_pin(card_id=2, axis=3)
2026-02-02T16:39:01,452349+0800 DEBUG (motion_controller_device.cpp:1106) sys/motion/3 [SMC] smc_read_eln_pin() returned: 1
2026-02-02T16:39:01,452717+0800 INFO (motion_controller_device.cpp:1482) sys/motion/3 [SMC] Checking axis 0 motion status...
2026-02-02T16:39:01,452729+0800 DEBUG (motion_controller_device.cpp:1483) sys/motion/3 [SMC] smc_check_done(card_id=2, axis=0) [always_executed_hook]
2026-02-02T16:39:01,453330+0800 DEBUG (motion_controller_device.cpp:1486) sys/motion/3 [SMC] smc_check_done() returned: 0 (0=moving, 1=stopped)
2026-02-02T16:39:01,453921+0800 INFO (motion_controller_device.cpp:1482) sys/motion/3 [SMC] Checking axis 1 motion status...
2026-02-02T16:39:01,453939+0800 DEBUG (motion_controller_device.cpp:1483) sys/motion/3 [SMC] smc_check_done(card_id=2, axis=1) [always_executed_hook]
2026-02-02T16:39:01,454466+0800 DEBUG (motion_controller_device.cpp:1486) sys/motion/3 [SMC] smc_check_done() returned: 0 (0=moving, 1=stopped)
2026-02-02T16:39:01,455023+0800 INFO (motion_controller_device.cpp:1482) sys/motion/3 [SMC] Checking axis 2 motion status...
2026-02-02T16:39:01,455037+0800 DEBUG (motion_controller_device.cpp:1483) sys/motion/3 [SMC] smc_check_done(card_id=2, axis=2) [always_executed_hook]
2026-02-02T16:39:01,455701+0800 DEBUG (motion_controller_device.cpp:1486) sys/motion/3 [SMC] smc_check_done() returned: 0 (0=moving, 1=stopped)
2026-02-02T16:39:01,456789+0800 INFO (motion_controller_device.cpp:1482) sys/motion/3 [SMC] Checking axis 3 motion status...
2026-02-02T16:39:01,456802+0800 DEBUG (motion_controller_device.cpp:1483) sys/motion/3 [SMC] smc_check_done(card_id=2, axis=3) [always_executed_hook]
2026-02-02T16:39:01,457424+0800 DEBUG (motion_controller_device.cpp:1486) sys/motion/3 [SMC] smc_check_done() returned: 0 (0=moving, 1=stopped)
2026-02-02T16:39:01,457837+0800 INFO (motion_controller_device.cpp:1482) sys/motion/3 [SMC] Checking axis 4 motion status...
2026-02-02T16:39:01,457847+0800 DEBUG (motion_controller_device.cpp:1483) sys/motion/3 [SMC] smc_check_done(card_id=2, axis=4) [always_executed_hook]
2026-02-02T16:39:01,458617+0800 DEBUG (motion_controller_device.cpp:1486) sys/motion/3 [SMC] smc_check_done() returned: 0 (0=moving, 1=stopped)
2026-02-02T16:39:01,459307+0800 INFO (motion_controller_device.cpp:1482) sys/motion/3 [SMC] Checking axis 5 motion status...
2026-02-02T16:39:01,459318+0800 DEBUG (motion_controller_device.cpp:1483) sys/motion/3 [SMC] smc_check_done(card_id=2, axis=5) [always_executed_hook]
2026-02-02T16:39:01,459875+0800 DEBUG (motion_controller_device.cpp:1486) sys/motion/3 [SMC] smc_check_done() returned: 0 (0=moving, 1=stopped)
2026-02-02T16:39:01,460980+0800 DEBUG (motion_controller_device.cpp:1102) sys/motion/3 [SMC] smc_read_eln_pin(card_id=2, axis=4)
2026-02-02T16:39:01,460995+0800 DEBUG (motion_controller_device.cpp:1103) sys/motion/3 [SMC] smc_read_elp_pin() returned: 1
2026-02-02T16:39:01,461489+0800 DEBUG (motion_controller_device.cpp:1105) sys/motion/3 [SMC] smc_read_eln_pin(card_id=2, axis=4)
2026-02-02T16:39:01,461498+0800 DEBUG (motion_controller_device.cpp:1106) sys/motion/3 [SMC] smc_read_eln_pin() returned: 1
2026-02-02T16:39:01,461792+0800 INFO (motion_controller_device.cpp:1482) sys/motion/3 [SMC] Checking axis 0 motion status...
2026-02-02T16:39:01,461802+0800 DEBUG (motion_controller_device.cpp:1483) sys/motion/3 [SMC] smc_check_done(card_id=2, axis=0) [always_executed_hook]
2026-02-02T16:39:01,462324+0800 DEBUG (motion_controller_device.cpp:1486) sys/motion/3 [SMC] smc_check_done() returned: 0 (0=moving, 1=stopped)
2026-02-02T16:39:01,462995+0800 INFO (motion_controller_device.cpp:1482) sys/motion/3 [SMC] Checking axis 1 motion status...
2026-02-02T16:39:01,463013+0800 DEBUG (motion_controller_device.cpp:1483) sys/motion/3 [SMC] smc_check_done(card_id=2, axis=1) [always_executed_hook]
2026-02-02T16:39:01,463523+0800 DEBUG (motion_controller_device.cpp:1486) sys/motion/3 [SMC] smc_check_done() returned: 0 (0=moving, 1=stopped)
2026-02-02T16:39:01,463999+0800 INFO (motion_controller_device.cpp:1482) sys/motion/3 [SMC] Checking axis 2 motion status...
2026-02-02T16:39:01,464011+0800 DEBUG (motion_controller_device.cpp:1483) sys/motion/3 [SMC] smc_check_done(card_id=2, axis=2) [always_executed_hook]
2026-02-02T16:39:01,464521+0800 DEBUG (motion_controller_device.cpp:1486) sys/motion/3 [SMC] smc_check_done() returned: 0 (0=moving, 1=stopped)
2026-02-02T16:39:01,465253+0800 INFO (motion_controller_device.cpp:1482) sys/motion/3 [SMC] Checking axis 3 motion status...
2026-02-02T16:39:01,465349+0800 DEBUG (motion_controller_device.cpp:1483) sys/motion/3 [SMC] smc_check_done(card_id=2, axis=3) [always_executed_hook]
2026-02-02T16:39:01,465830+0800 DEBUG (motion_controller_device.cpp:1486) sys/motion/3 [SMC] smc_check_done() returned: 0 (0=moving, 1=stopped)
2026-02-02T16:39:01,466386+0800 INFO (motion_controller_device.cpp:1482) sys/motion/3 [SMC] Checking axis 4 motion status...
2026-02-02T16:39:01,466396+0800 DEBUG (motion_controller_device.cpp:1483) sys/motion/3 [SMC] smc_check_done(card_id=2, axis=4) [always_executed_hook]
2026-02-02T16:39:01,466975+0800 DEBUG (motion_controller_device.cpp:1486) sys/motion/3 [SMC] smc_check_done() returned: 0 (0=moving, 1=stopped)
2026-02-02T16:39:01,467479+0800 INFO (motion_controller_device.cpp:1482) sys/motion/3 [SMC] Checking axis 5 motion status...
2026-02-02T16:39:01,467492+0800 DEBUG (motion_controller_device.cpp:1483) sys/motion/3 [SMC] smc_check_done(card_id=2, axis=5) [always_executed_hook]
2026-02-02T16:39:01,468059+0800 DEBUG (motion_controller_device.cpp:1486) sys/motion/3 [SMC] smc_check_done() returned: 0 (0=moving, 1=stopped)
2026-02-02T16:39:01,469241+0800 DEBUG (motion_controller_device.cpp:1102) sys/motion/3 [SMC] smc_read_eln_pin(card_id=2, axis=5)
2026-02-02T16:39:01,469352+0800 DEBUG (motion_controller_device.cpp:1103) sys/motion/3 [SMC] smc_read_elp_pin() returned: 1
2026-02-02T16:39:01,470043+0800 DEBUG (motion_controller_device.cpp:1105) sys/motion/3 [SMC] smc_read_eln_pin(card_id=2, axis=5)
2026-02-02T16:39:01,470069+0800 DEBUG (motion_controller_device.cpp:1106) sys/motion/3 [SMC] smc_read_eln_pin() returned: 1
2026-02-02T16:39:01,470268+0800 INFO (motion_controller_device.cpp:1482) sys/motion/3 [SMC] Checking axis 0 motion status...
2026-02-02T16:39:01,470282+0800 DEBUG (motion_controller_device.cpp:1483) sys/motion/3 [SMC] smc_check_done(card_id=2, axis=0) [always_executed_hook]
2026-02-02T16:39:01,470856+0800 DEBUG (motion_controller_device.cpp:1486) sys/motion/3 [SMC] smc_check_done() returned: 0 (0=moving, 1=stopped)
2026-02-02T16:39:01,471467+0800 INFO (motion_controller_device.cpp:1482) sys/motion/3 [SMC] Checking axis 1 motion status...
2026-02-02T16:39:01,471482+0800 DEBUG (motion_controller_device.cpp:1483) sys/motion/3 [SMC] smc_check_done(card_id=2, axis=1) [always_executed_hook]
2026-02-02T16:39:01,472222+0800 DEBUG (motion_controller_device.cpp:1486) sys/motion/3 [SMC] smc_check_done() returned: 0 (0=moving, 1=stopped)
2026-02-02T16:39:01,472776+0800 INFO (motion_controller_device.cpp:1482) sys/motion/3 [SMC] Checking axis 2 motion status...
2026-02-02T16:39:01,472857+0800 DEBUG (motion_controller_device.cpp:1483) sys/motion/3 [SMC] smc_check_done(card_id=2, axis=2) [always_executed_hook]
2026-02-02T16:39:01,473464+0800 DEBUG (motion_controller_device.cpp:1486) sys/motion/3 [SMC] smc_check_done() returned: 0 (0=moving, 1=stopped)
2026-02-02T16:39:01,474075+0800 INFO (motion_controller_device.cpp:1482) sys/motion/3 [SMC] Checking axis 3 motion status...
2026-02-02T16:39:01,474096+0800 DEBUG (motion_controller_device.cpp:1483) sys/motion/3 [SMC] smc_check_done(card_id=2, axis=3) [always_executed_hook]
2026-02-02T16:39:01,474775+0800 DEBUG (motion_controller_device.cpp:1486) sys/motion/3 [SMC] smc_check_done() returned: 0 (0=moving, 1=stopped)
2026-02-02T16:39:01,475375+0800 INFO (motion_controller_device.cpp:1482) sys/motion/3 [SMC] Checking axis 4 motion status...
2026-02-02T16:39:01,475406+0800 DEBUG (motion_controller_device.cpp:1483) sys/motion/3 [SMC] smc_check_done(card_id=2, axis=4) [always_executed_hook]
2026-02-02T16:39:01,476029+0800 DEBUG (motion_controller_device.cpp:1486) sys/motion/3 [SMC] smc_check_done() returned: 0 (0=moving, 1=stopped)
2026-02-02T16:39:01,476622+0800 INFO (motion_controller_device.cpp:1482) sys/motion/3 [SMC] Checking axis 5 motion status...
2026-02-02T16:39:01,476633+0800 DEBUG (motion_controller_device.cpp:1483) sys/motion/3 [SMC] smc_check_done(card_id=2, axis=5) [always_executed_hook]
2026-02-02T16:39:01,477085+0800 DEBUG (motion_controller_device.cpp:1486) sys/motion/3 [SMC] smc_check_done() returned: 0 (0=moving, 1=stopped)
2026-02-02T16:39:01,979548+0800 INFO (motion_controller_device.cpp:1482) sys/motion/3 [SMC] Checking axis 0 motion status...
2026-02-02T16:39:01,979603+0800 DEBUG (motion_controller_device.cpp:1483) sys/motion/3 [SMC] smc_check_done(card_id=2, axis=0) [always_executed_hook]
2026-02-02T16:39:01,980413+0800 DEBUG (motion_controller_device.cpp:1486) sys/motion/3 [SMC] smc_check_done() returned: 0 (0=moving, 1=stopped)
2026-02-02T16:39:01,981008+0800 INFO (motion_controller_device.cpp:1482) sys/motion/3 [SMC] Checking axis 1 motion status...
2026-02-02T16:39:01,981028+0800 DEBUG (motion_controller_device.cpp:1483) sys/motion/3 [SMC] smc_check_done(card_id=2, axis=1) [always_executed_hook]
2026-02-02T16:39:01,981608+0800 DEBUG (motion_controller_device.cpp:1486) sys/motion/3 [SMC] smc_check_done() returned: 0 (0=moving, 1=stopped)
2026-02-02T16:39:01,982160+0800 INFO (motion_controller_device.cpp:1482) sys/motion/3 [SMC] Checking axis 2 motion status...
2026-02-02T16:39:01,982171+0800 DEBUG (motion_controller_device.cpp:1483) sys/motion/3 [SMC] smc_check_done(card_id=2, axis=2) [always_executed_hook]
2026-02-02T16:39:01,982696+0800 DEBUG (motion_controller_device.cpp:1486) sys/motion/3 [SMC] smc_check_done() returned: 0 (0=moving, 1=stopped)
2026-02-02T16:39:01,983212+0800 INFO (motion_controller_device.cpp:1482) sys/motion/3 [SMC] Checking axis 3 motion status...
2026-02-02T16:39:01,983225+0800 DEBUG (motion_controller_device.cpp:1483) sys/motion/3 [SMC] smc_check_done(card_id=2, axis=3) [always_executed_hook]
2026-02-02T16:39:01,983660+0800 DEBUG (motion_controller_device.cpp:1486) sys/motion/3 [SMC] smc_check_done() returned: 0 (0=moving, 1=stopped)
2026-02-02T16:39:01,984143+0800 INFO (motion_controller_device.cpp:1482) sys/motion/3 [SMC] Checking axis 4 motion status...
2026-02-02T16:39:01,984154+0800 DEBUG (motion_controller_device.cpp:1483) sys/motion/3 [SMC] smc_check_done(card_id=2, axis=4) [always_executed_hook]
2026-02-02T16:39:01,984678+0800 DEBUG (motion_controller_device.cpp:1486) sys/motion/3 [SMC] smc_check_done() returned: 0 (0=moving, 1=stopped)
2026-02-02T16:39:01,985182+0800 INFO (motion_controller_device.cpp:1482) sys/motion/3 [SMC] Checking axis 5 motion status...
2026-02-02T16:39:01,985196+0800 DEBUG (motion_controller_device.cpp:1483) sys/motion/3 [SMC] smc_check_done(card_id=2, axis=5) [always_executed_hook]
2026-02-02T16:39:01,985709+0800 DEBUG (motion_controller_device.cpp:1486) sys/motion/3 [SMC] smc_check_done() returned: 0 (0=moving, 1=stopped)
2026-02-02T16:39:01,986738+0800 DEBUG (motion_controller_device.cpp:1102) sys/motion/3 [SMC] smc_read_eln_pin(card_id=2, axis=0)
2026-02-02T16:39:01,986754+0800 DEBUG (motion_controller_device.cpp:1103) sys/motion/3 [SMC] smc_read_elp_pin() returned: 1
2026-02-02T16:39:01,987203+0800 DEBUG (motion_controller_device.cpp:1105) sys/motion/3 [SMC] smc_read_eln_pin(card_id=2, axis=0)
2026-02-02T16:39:01,987212+0800 DEBUG (motion_controller_device.cpp:1106) sys/motion/3 [SMC] smc_read_eln_pin() returned: 1
2026-02-02T16:39:01,987469+0800 INFO (motion_controller_device.cpp:1482) sys/motion/3 [SMC] Checking axis 0 motion status...
2026-02-02T16:39:01,987488+0800 DEBUG (motion_controller_device.cpp:1483) sys/motion/3 [SMC] smc_check_done(card_id=2, axis=0) [always_executed_hook]
2026-02-02T16:39:01,988038+0800 DEBUG (motion_controller_device.cpp:1486) sys/motion/3 [SMC] smc_check_done() returned: 0 (0=moving, 1=stopped)
2026-02-02T16:39:01,988874+0800 INFO (motion_controller_device.cpp:1482) sys/motion/3 [SMC] Checking axis 1 motion status...
2026-02-02T16:39:01,988957+0800 DEBUG (motion_controller_device.cpp:1483) sys/motion/3 [SMC] smc_check_done(card_id=2, axis=1) [always_executed_hook]
2026-02-02T16:39:01,989828+0800 DEBUG (motion_controller_device.cpp:1486) sys/motion/3 [SMC] smc_check_done() returned: 0 (0=moving, 1=stopped)
2026-02-02T16:39:01,990702+0800 INFO (motion_controller_device.cpp:1482) sys/motion/3 [SMC] Checking axis 2 motion status...
2026-02-02T16:39:01,990718+0800 DEBUG (motion_controller_device.cpp:1483) sys/motion/3 [SMC] smc_check_done(card_id=2, axis=2) [always_executed_hook]
2026-02-02T16:39:01,991285+0800 DEBUG (motion_controller_device.cpp:1486) sys/motion/3 [SMC] smc_check_done() returned: 0 (0=moving, 1=stopped)
2026-02-02T16:39:01,991850+0800 INFO (motion_controller_device.cpp:1482) sys/motion/3 [SMC] Checking axis 3 motion status...
2026-02-02T16:39:01,991860+0800 DEBUG (motion_controller_device.cpp:1483) sys/motion/3 [SMC] smc_check_done(card_id=2, axis=3) [always_executed_hook]
2026-02-02T16:39:01,992428+0800 DEBUG (motion_controller_device.cpp:1486) sys/motion/3 [SMC] smc_check_done() returned: 0 (0=moving, 1=stopped)
2026-02-02T16:39:01,992958+0800 INFO (motion_controller_device.cpp:1482) sys/motion/3 [SMC] Checking axis 4 motion status...
2026-02-02T16:39:01,992966+0800 DEBUG (motion_controller_device.cpp:1483) sys/motion/3 [SMC] smc_check_done(card_id=2, axis=4) [always_executed_hook]
2026-02-02T16:39:01,993508+0800 DEBUG (motion_controller_device.cpp:1486) sys/motion/3 [SMC] smc_check_done() returned: 0 (0=moving, 1=stopped)
2026-02-02T16:39:01,994159+0800 INFO (motion_controller_device.cpp:1482) sys/motion/3 [SMC] Checking axis 5 motion status...
2026-02-02T16:39:01,994172+0800 DEBUG (motion_controller_device.cpp:1483) sys/motion/3 [SMC] smc_check_done(card_id=2, axis=5) [always_executed_hook]
2026-02-02T16:39:01,994825+0800 DEBUG (motion_controller_device.cpp:1486) sys/motion/3 [SMC] smc_check_done() returned: 0 (0=moving, 1=stopped)
2026-02-02T16:39:01,996288+0800 DEBUG (motion_controller_device.cpp:1102) sys/motion/3 [SMC] smc_read_eln_pin(card_id=2, axis=1)
2026-02-02T16:39:01,996477+0800 DEBUG (motion_controller_device.cpp:1103) sys/motion/3 [SMC] smc_read_elp_pin() returned: 1
2026-02-02T16:39:01,997493+0800 DEBUG (motion_controller_device.cpp:1105) sys/motion/3 [SMC] smc_read_eln_pin(card_id=2, axis=1)
2026-02-02T16:39:01,997568+0800 DEBUG (motion_controller_device.cpp:1106) sys/motion/3 [SMC] smc_read_eln_pin() returned: 1
2026-02-02T16:39:01,998056+0800 INFO (motion_controller_device.cpp:1482) sys/motion/3 [SMC] Checking axis 0 motion status...
2026-02-02T16:39:01,998129+0800 DEBUG (motion_controller_device.cpp:1483) sys/motion/3 [SMC] smc_check_done(card_id=2, axis=0) [always_executed_hook]
2026-02-02T16:39:01,999102+0800 DEBUG (motion_controller_device.cpp:1486) sys/motion/3 [SMC] smc_check_done() returned: 0 (0=moving, 1=stopped)
2026-02-02T16:39:01,999741+0800 INFO (motion_controller_device.cpp:1482) sys/motion/3 [SMC] Checking axis 1 motion status...
2026-02-02T16:39:01,999769+0800 DEBUG (motion_controller_device.cpp:1483) sys/motion/3 [SMC] smc_check_done(card_id=2, axis=1) [always_executed_hook]
2026-02-02T16:39:02,000381+0800 DEBUG (motion_controller_device.cpp:1486) sys/motion/3 [SMC] smc_check_done() returned: 0 (0=moving, 1=stopped)
2026-02-02T16:39:02,001024+0800 INFO (motion_controller_device.cpp:1482) sys/motion/3 [SMC] Checking axis 2 motion status...
2026-02-02T16:39:02,001046+0800 DEBUG (motion_controller_device.cpp:1483) sys/motion/3 [SMC] smc_check_done(card_id=2, axis=2) [always_executed_hook]
2026-02-02T16:39:02,001708+0800 DEBUG (motion_controller_device.cpp:1486) sys/motion/3 [SMC] smc_check_done() returned: 0 (0=moving, 1=stopped)
2026-02-02T16:39:02,002274+0800 INFO (motion_controller_device.cpp:1482) sys/motion/3 [SMC] Checking axis 3 motion status...
2026-02-02T16:39:02,002295+0800 DEBUG (motion_controller_device.cpp:1483) sys/motion/3 [SMC] smc_check_done(card_id=2, axis=3) [always_executed_hook]
2026-02-02T16:39:02,002876+0800 DEBUG (motion_controller_device.cpp:1486) sys/motion/3 [SMC] smc_check_done() returned: 0 (0=moving, 1=stopped)
2026-02-02T16:39:02,003424+0800 INFO (motion_controller_device.cpp:1482) sys/motion/3 [SMC] Checking axis 4 motion status...
2026-02-02T16:39:02,003445+0800 DEBUG (motion_controller_device.cpp:1483) sys/motion/3 [SMC] smc_check_done(card_id=2, axis=4) [always_executed_hook]
2026-02-02T16:39:02,003914+0800 DEBUG (motion_controller_device.cpp:1486) sys/motion/3 [SMC] smc_check_done() returned: 0 (0=moving, 1=stopped)
2026-02-02T16:39:02,004365+0800 INFO (motion_controller_device.cpp:1482) sys/motion/3 [SMC] Checking axis 5 motion status...
2026-02-02T16:39:02,004372+0800 DEBUG (motion_controller_device.cpp:1483) sys/motion/3 [SMC] smc_check_done(card_id=2, axis=5) [always_executed_hook]
2026-02-02T16:39:02,004905+0800 DEBUG (motion_controller_device.cpp:1486) sys/motion/3 [SMC] smc_check_done() returned: 0 (0=moving, 1=stopped)
2026-02-02T16:39:02,006304+0800 DEBUG (motion_controller_device.cpp:1102) sys/motion/3 [SMC] smc_read_eln_pin(card_id=2, axis=2)
2026-02-02T16:39:02,006315+0800 DEBUG (motion_controller_device.cpp:1103) sys/motion/3 [SMC] smc_read_elp_pin() returned: 1
2026-02-02T16:39:02,008176+0800 DEBUG (motion_controller_device.cpp:1105) sys/motion/3 [SMC] smc_read_eln_pin(card_id=2, axis=2)
2026-02-02T16:39:02,008193+0800 DEBUG (motion_controller_device.cpp:1106) sys/motion/3 [SMC] smc_read_eln_pin() returned: 1
2026-02-02T16:39:02,008666+0800 INFO (motion_controller_device.cpp:1482) sys/motion/3 [SMC] Checking axis 0 motion status...
2026-02-02T16:39:02,008731+0800 DEBUG (motion_controller_device.cpp:1483) sys/motion/3 [SMC] smc_check_done(card_id=2, axis=0) [always_executed_hook]
2026-02-02T16:39:02,009884+0800 DEBUG (motion_controller_device.cpp:1486) sys/motion/3 [SMC] smc_check_done() returned: 0 (0=moving, 1=stopped)
2026-02-02T16:39:02,010738+0800 INFO (motion_controller_device.cpp:1482) sys/motion/3 [SMC] Checking axis 1 motion status...
2026-02-02T16:39:02,010811+0800 DEBUG (motion_controller_device.cpp:1483) sys/motion/3 [SMC] smc_check_done(card_id=2, axis=1) [always_executed_hook]
2026-02-02T16:39:02,014424+0800 DEBUG (motion_controller_device.cpp:1486) sys/motion/3 [SMC] smc_check_done() returned: 0 (0=moving, 1=stopped)
2026-02-02T16:39:02,016308+0800 INFO (motion_controller_device.cpp:1482) sys/motion/3 [SMC] Checking axis 2 motion status...
2026-02-02T16:39:02,016332+0800 DEBUG (motion_controller_device.cpp:1483) sys/motion/3 [SMC] smc_check_done(card_id=2, axis=2) [always_executed_hook]
2026-02-02T16:39:02,017468+0800 DEBUG (motion_controller_device.cpp:1486) sys/motion/3 [SMC] smc_check_done() returned: 0 (0=moving, 1=stopped)
2026-02-02T16:39:02,018387+0800 INFO (motion_controller_device.cpp:1482) sys/motion/3 [SMC] Checking axis 3 motion status...
2026-02-02T16:39:02,018456+0800 DEBUG (motion_controller_device.cpp:1483) sys/motion/3 [SMC] smc_check_done(card_id=2, axis=3) [always_executed_hook]
2026-02-02T16:39:02,018997+0800 DEBUG (motion_controller_device.cpp:1486) sys/motion/3 [SMC] smc_check_done() returned: 0 (0=moving, 1=stopped)
2026-02-02T16:39:02,019812+0800 INFO (motion_controller_device.cpp:1482) sys/motion/3 [SMC] Checking axis 4 motion status...
2026-02-02T16:39:02,019840+0800 DEBUG (motion_controller_device.cpp:1483) sys/motion/3 [SMC] smc_check_done(card_id=2, axis=4) [always_executed_hook]
2026-02-02T16:39:02,020396+0800 DEBUG (motion_controller_device.cpp:1486) sys/motion/3 [SMC] smc_check_done() returned: 0 (0=moving, 1=stopped)
2026-02-02T16:39:02,021250+0800 INFO (motion_controller_device.cpp:1482) sys/motion/3 [SMC] Checking axis 5 motion status...
2026-02-02T16:39:02,021273+0800 DEBUG (motion_controller_device.cpp:1483) sys/motion/3 [SMC] smc_check_done(card_id=2, axis=5) [always_executed_hook]
2026-02-02T16:39:02,022068+0800 DEBUG (motion_controller_device.cpp:1486) sys/motion/3 [SMC] smc_check_done() returned: 0 (0=moving, 1=stopped)
2026-02-02T16:39:02,024050+0800 DEBUG (motion_controller_device.cpp:1102) sys/motion/3 [SMC] smc_read_eln_pin(card_id=2, axis=3)
2026-02-02T16:39:02,024068+0800 DEBUG (motion_controller_device.cpp:1103) sys/motion/3 [SMC] smc_read_elp_pin() returned: 1
2026-02-02T16:39:02,024794+0800 DEBUG (motion_controller_device.cpp:1105) sys/motion/3 [SMC] smc_read_eln_pin(card_id=2, axis=3)
2026-02-02T16:39:02,024811+0800 DEBUG (motion_controller_device.cpp:1106) sys/motion/3 [SMC] smc_read_eln_pin() returned: 1
2026-02-02T16:39:02,025184+0800 INFO (motion_controller_device.cpp:1482) sys/motion/3 [SMC] Checking axis 0 motion status...
2026-02-02T16:39:02,025248+0800 DEBUG (motion_controller_device.cpp:1483) sys/motion/3 [SMC] smc_check_done(card_id=2, axis=0) [always_executed_hook]
2026-02-02T16:39:02,026239+0800 DEBUG (motion_controller_device.cpp:1486) sys/motion/3 [SMC] smc_check_done() returned: 0 (0=moving, 1=stopped)
2026-02-02T16:39:02,027010+0800 INFO (motion_controller_device.cpp:1482) sys/motion/3 [SMC] Checking axis 1 motion status...
2026-02-02T16:39:02,027042+0800 DEBUG (motion_controller_device.cpp:1483) sys/motion/3 [SMC] smc_check_done(card_id=2, axis=1) [always_executed_hook]
2026-02-02T16:39:02,027842+0800 DEBUG (motion_controller_device.cpp:1486) sys/motion/3 [SMC] smc_check_done() returned: 0 (0=moving, 1=stopped)
2026-02-02T16:39:02,028932+0800 INFO (motion_controller_device.cpp:1482) sys/motion/3 [SMC] Checking axis 2 motion status...
2026-02-02T16:39:02,028950+0800 DEBUG (motion_controller_device.cpp:1483) sys/motion/3 [SMC] smc_check_done(card_id=2, axis=2) [always_executed_hook]
2026-02-02T16:39:02,029884+0800 DEBUG (motion_controller_device.cpp:1486) sys/motion/3 [SMC] smc_check_done() returned: 0 (0=moving, 1=stopped)
2026-02-02T16:39:02,030462+0800 INFO (motion_controller_device.cpp:1482) sys/motion/3 [SMC] Checking axis 3 motion status...
2026-02-02T16:39:02,030476+0800 DEBUG (motion_controller_device.cpp:1483) sys/motion/3 [SMC] smc_check_done(card_id=2, axis=3) [always_executed_hook]
2026-02-02T16:39:02,031405+0800 DEBUG (motion_controller_device.cpp:1486) sys/motion/3 [SMC] smc_check_done() returned: 0 (0=moving, 1=stopped)
2026-02-02T16:39:02,033909+0800 INFO (motion_controller_device.cpp:1482) sys/motion/3 [SMC] Checking axis 4 motion status...
2026-02-02T16:39:02,033942+0800 DEBUG (motion_controller_device.cpp:1483) sys/motion/3 [SMC] smc_check_done(card_id=2, axis=4) [always_executed_hook]
2026-02-02T16:39:02,034606+0800 DEBUG (motion_controller_device.cpp:1486) sys/motion/3 [SMC] smc_check_done() returned: 0 (0=moving, 1=stopped)
2026-02-02T16:39:02,035304+0800 INFO (motion_controller_device.cpp:1482) sys/motion/3 [SMC] Checking axis 5 motion status...
2026-02-02T16:39:02,035321+0800 DEBUG (motion_controller_device.cpp:1483) sys/motion/3 [SMC] smc_check_done(card_id=2, axis=5) [always_executed_hook]
2026-02-02T16:39:02,035853+0800 DEBUG (motion_controller_device.cpp:1486) sys/motion/3 [SMC] smc_check_done() returned: 0 (0=moving, 1=stopped)
2026-02-02T16:39:02,037086+0800 DEBUG (motion_controller_device.cpp:1102) sys/motion/3 [SMC] smc_read_eln_pin(card_id=2, axis=4)
2026-02-02T16:39:02,037103+0800 DEBUG (motion_controller_device.cpp:1103) sys/motion/3 [SMC] smc_read_elp_pin() returned: 1
2026-02-02T16:39:02,037649+0800 DEBUG (motion_controller_device.cpp:1105) sys/motion/3 [SMC] smc_read_eln_pin(card_id=2, axis=4)
2026-02-02T16:39:02,037659+0800 DEBUG (motion_controller_device.cpp:1106) sys/motion/3 [SMC] smc_read_eln_pin() returned: 1
2026-02-02T16:39:02,037923+0800 INFO (motion_controller_device.cpp:1482) sys/motion/3 [SMC] Checking axis 0 motion status...
2026-02-02T16:39:02,037934+0800 DEBUG (motion_controller_device.cpp:1483) sys/motion/3 [SMC] smc_check_done(card_id=2, axis=0) [always_executed_hook]
2026-02-02T16:39:02,038466+0800 DEBUG (motion_controller_device.cpp:1486) sys/motion/3 [SMC] smc_check_done() returned: 0 (0=moving, 1=stopped)
2026-02-02T16:39:02,039102+0800 INFO (motion_controller_device.cpp:1482) sys/motion/3 [SMC] Checking axis 1 motion status...
2026-02-02T16:39:02,039112+0800 DEBUG (motion_controller_device.cpp:1483) sys/motion/3 [SMC] smc_check_done(card_id=2, axis=1) [always_executed_hook]
2026-02-02T16:39:02,039679+0800 DEBUG (motion_controller_device.cpp:1486) sys/motion/3 [SMC] smc_check_done() returned: 0 (0=moving, 1=stopped)
2026-02-02T16:39:02,040195+0800 INFO (motion_controller_device.cpp:1482) sys/motion/3 [SMC] Checking axis 2 motion status...
2026-02-02T16:39:02,040209+0800 DEBUG (motion_controller_device.cpp:1483) sys/motion/3 [SMC] smc_check_done(card_id=2, axis=2) [always_executed_hook]
2026-02-02T16:39:02,040735+0800 DEBUG (motion_controller_device.cpp:1486) sys/motion/3 [SMC] smc_check_done() returned: 0 (0=moving, 1=stopped)
2026-02-02T16:39:02,041263+0800 INFO (motion_controller_device.cpp:1482) sys/motion/3 [SMC] Checking axis 3 motion status...
2026-02-02T16:39:02,041272+0800 DEBUG (motion_controller_device.cpp:1483) sys/motion/3 [SMC] smc_check_done(card_id=2, axis=3) [always_executed_hook]
2026-02-02T16:39:02,041759+0800 DEBUG (motion_controller_device.cpp:1486) sys/motion/3 [SMC] smc_check_done() returned: 0 (0=moving, 1=stopped)
2026-02-02T16:39:02,042251+0800 INFO (motion_controller_device.cpp:1482) sys/motion/3 [SMC] Checking axis 4 motion status...
2026-02-02T16:39:02,042261+0800 DEBUG (motion_controller_device.cpp:1483) sys/motion/3 [SMC] smc_check_done(card_id=2, axis=4) [always_executed_hook]
2026-02-02T16:39:02,043012+0800 DEBUG (motion_controller_device.cpp:1486) sys/motion/3 [SMC] smc_check_done() returned: 0 (0=moving, 1=stopped)
2026-02-02T16:39:02,043764+0800 INFO (motion_controller_device.cpp:1482) sys/motion/3 [SMC] Checking axis 5 motion status...
2026-02-02T16:39:02,043791+0800 DEBUG (motion_controller_device.cpp:1483) sys/motion/3 [SMC] smc_check_done(card_id=2, axis=5) [always_executed_hook]
2026-02-02T16:39:02,044625+0800 DEBUG (motion_controller_device.cpp:1486) sys/motion/3 [SMC] smc_check_done() returned: 0 (0=moving, 1=stopped)
2026-02-02T16:39:02,046282+0800 DEBUG (motion_controller_device.cpp:1102) sys/motion/3 [SMC] smc_read_eln_pin(card_id=2, axis=5)
2026-02-02T16:39:02,046307+0800 DEBUG (motion_controller_device.cpp:1103) sys/motion/3 [SMC] smc_read_elp_pin() returned: 1
2026-02-02T16:39:02,046965+0800 DEBUG (motion_controller_device.cpp:1105) sys/motion/3 [SMC] smc_read_eln_pin(card_id=2, axis=5)
2026-02-02T16:39:02,046981+0800 DEBUG (motion_controller_device.cpp:1106) sys/motion/3 [SMC] smc_read_eln_pin() returned: 1
2026-02-02T16:39:02,047423+0800 INFO (motion_controller_device.cpp:1482) sys/motion/3 [SMC] Checking axis 0 motion status...
2026-02-02T16:39:02,047492+0800 DEBUG (motion_controller_device.cpp:1483) sys/motion/3 [SMC] smc_check_done(card_id=2, axis=0) [always_executed_hook]
2026-02-02T16:39:02,049506+0800 DEBUG (motion_controller_device.cpp:1486) sys/motion/3 [SMC] smc_check_done() returned: 0 (0=moving, 1=stopped)
2026-02-02T16:39:02,050507+0800 INFO (motion_controller_device.cpp:1482) sys/motion/3 [SMC] Checking axis 1 motion status...
2026-02-02T16:39:02,050540+0800 DEBUG (motion_controller_device.cpp:1483) sys/motion/3 [SMC] smc_check_done(card_id=2, axis=1) [always_executed_hook]
2026-02-02T16:39:02,051718+0800 DEBUG (motion_controller_device.cpp:1486) sys/motion/3 [SMC] smc_check_done() returned: 0 (0=moving, 1=stopped)
2026-02-02T16:39:02,052630+0800 INFO (motion_controller_device.cpp:1482) sys/motion/3 [SMC] Checking axis 2 motion status...
2026-02-02T16:39:02,052660+0800 DEBUG (motion_controller_device.cpp:1483) sys/motion/3 [SMC] smc_check_done(card_id=2, axis=2) [always_executed_hook]
2026-02-02T16:39:02,053237+0800 DEBUG (motion_controller_device.cpp:1486) sys/motion/3 [SMC] smc_check_done() returned: 0 (0=moving, 1=stopped)
2026-02-02T16:39:02,053866+0800 INFO (motion_controller_device.cpp:1482) sys/motion/3 [SMC] Checking axis 3 motion status...
2026-02-02T16:39:02,053878+0800 DEBUG (motion_controller_device.cpp:1483) sys/motion/3 [SMC] smc_check_done(card_id=2, axis=3) [always_executed_hook]
2026-02-02T16:39:02,054402+0800 DEBUG (motion_controller_device.cpp:1486) sys/motion/3 [SMC] smc_check_done() returned: 0 (0=moving, 1=stopped)
2026-02-02T16:39:02,055157+0800 INFO (motion_controller_device.cpp:1482) sys/motion/3 [SMC] Checking axis 4 motion status...
2026-02-02T16:39:02,055169+0800 DEBUG (motion_controller_device.cpp:1483) sys/motion/3 [SMC] smc_check_done(card_id=2, axis=4) [always_executed_hook]
2026-02-02T16:39:02,055668+0800 DEBUG (motion_controller_device.cpp:1486) sys/motion/3 [SMC] smc_check_done() returned: 0 (0=moving, 1=stopped)
2026-02-02T16:39:02,056416+0800 INFO (motion_controller_device.cpp:1482) sys/motion/3 [SMC] Checking axis 5 motion status...
2026-02-02T16:39:02,056430+0800 DEBUG (motion_controller_device.cpp:1483) sys/motion/3 [SMC] smc_check_done(card_id=2, axis=5) [always_executed_hook]
2026-02-02T16:39:02,057158+0800 DEBUG (motion_controller_device.cpp:1486) sys/motion/3 [SMC] smc_check_done() returned: 0 (0=moving, 1=stopped)
2026-02-02T16:39:02,559464+0800 INFO (motion_controller_device.cpp:1482) sys/motion/3 [SMC] Checking axis 0 motion status...
2026-02-02T16:39:02,559549+0800 DEBUG (motion_controller_device.cpp:1483) sys/motion/3 [SMC] smc_check_done(card_id=2, axis=0) [always_executed_hook]
2026-02-02T16:39:02,560269+0800 DEBUG (motion_controller_device.cpp:1486) sys/motion/3 [SMC] smc_check_done() returned: 0 (0=moving, 1=stopped)
2026-02-02T16:39:02,560752+0800 INFO (motion_controller_device.cpp:1482) sys/motion/3 [SMC] Checking axis 1 motion status...
2026-02-02T16:39:02,560770+0800 DEBUG (motion_controller_device.cpp:1483) sys/motion/3 [SMC] smc_check_done(card_id=2, axis=1) [always_executed_hook]
2026-02-02T16:39:02,561237+0800 DEBUG (motion_controller_device.cpp:1486) sys/motion/3 [SMC] smc_check_done() returned: 0 (0=moving, 1=stopped)
2026-02-02T16:39:02,561693+0800 INFO (motion_controller_device.cpp:1482) sys/motion/3 [SMC] Checking axis 2 motion status...
2026-02-02T16:39:02,561706+0800 DEBUG (motion_controller_device.cpp:1483) sys/motion/3 [SMC] smc_check_done(card_id=2, axis=2) [always_executed_hook]
2026-02-02T16:39:02,562061+0800 DEBUG (motion_controller_device.cpp:1486) sys/motion/3 [SMC] smc_check_done() returned: 0 (0=moving, 1=stopped)
2026-02-02T16:39:02,562444+0800 INFO (motion_controller_device.cpp:1482) sys/motion/3 [SMC] Checking axis 3 motion status...
2026-02-02T16:39:02,562453+0800 DEBUG (motion_controller_device.cpp:1483) sys/motion/3 [SMC] smc_check_done(card_id=2, axis=3) [always_executed_hook]
2026-02-02T16:39:02,562792+0800 DEBUG (motion_controller_device.cpp:1486) sys/motion/3 [SMC] smc_check_done() returned: 0 (0=moving, 1=stopped)
2026-02-02T16:39:02,563148+0800 INFO (motion_controller_device.cpp:1482) sys/motion/3 [SMC] Checking axis 4 motion status...
2026-02-02T16:39:02,563154+0800 DEBUG (motion_controller_device.cpp:1483) sys/motion/3 [SMC] smc_check_done(card_id=2, axis=4) [always_executed_hook]
2026-02-02T16:39:02,563485+0800 DEBUG (motion_controller_device.cpp:1486) sys/motion/3 [SMC] smc_check_done() returned: 0 (0=moving, 1=stopped)
2026-02-02T16:39:02,563827+0800 INFO (motion_controller_device.cpp:1482) sys/motion/3 [SMC] Checking axis 5 motion status...
2026-02-02T16:39:02,563840+0800 DEBUG (motion_controller_device.cpp:1483) sys/motion/3 [SMC] smc_check_done(card_id=2, axis=5) [always_executed_hook]
2026-02-02T16:39:02,564304+0800 DEBUG (motion_controller_device.cpp:1486) sys/motion/3 [SMC] smc_check_done() returned: 0 (0=moving, 1=stopped)
2026-02-02T16:39:02,565233+0800 DEBUG (motion_controller_device.cpp:1102) sys/motion/3 [SMC] smc_read_eln_pin(card_id=2, axis=0)
2026-02-02T16:39:02,565240+0800 DEBUG (motion_controller_device.cpp:1103) sys/motion/3 [SMC] smc_read_elp_pin() returned: 1
2026-02-02T16:39:02,565716+0800 DEBUG (motion_controller_device.cpp:1105) sys/motion/3 [SMC] smc_read_eln_pin(card_id=2, axis=0)
2026-02-02T16:39:02,565722+0800 DEBUG (motion_controller_device.cpp:1106) sys/motion/3 [SMC] smc_read_eln_pin() returned: 1
2026-02-02T16:39:02,565934+0800 INFO (motion_controller_device.cpp:1482) sys/motion/3 [SMC] Checking axis 0 motion status...
2026-02-02T16:39:02,565948+0800 DEBUG (motion_controller_device.cpp:1483) sys/motion/3 [SMC] smc_check_done(card_id=2, axis=0) [always_executed_hook]
2026-02-02T16:39:02,566358+0800 DEBUG (motion_controller_device.cpp:1486) sys/motion/3 [SMC] smc_check_done() returned: 0 (0=moving, 1=stopped)
2026-02-02T16:39:02,567093+0800 INFO (motion_controller_device.cpp:1482) sys/motion/3 [SMC] Checking axis 1 motion status...
2026-02-02T16:39:02,567101+0800 DEBUG (motion_controller_device.cpp:1483) sys/motion/3 [SMC] smc_check_done(card_id=2, axis=1) [always_executed_hook]
2026-02-02T16:39:02,567513+0800 DEBUG (motion_controller_device.cpp:1486) sys/motion/3 [SMC] smc_check_done() returned: 0 (0=moving, 1=stopped)
2026-02-02T16:39:02,567957+0800 INFO (motion_controller_device.cpp:1482) sys/motion/3 [SMC] Checking axis 2 motion status...
2026-02-02T16:39:02,567974+0800 DEBUG (motion_controller_device.cpp:1483) sys/motion/3 [SMC] smc_check_done(card_id=2, axis=2) [always_executed_hook]
2026-02-02T16:39:02,568311+0800 DEBUG (motion_controller_device.cpp:1486) sys/motion/3 [SMC] smc_check_done() returned: 0 (0=moving, 1=stopped)
2026-02-02T16:39:02,568706+0800 INFO (motion_controller_device.cpp:1482) sys/motion/3 [SMC] Checking axis 3 motion status...
2026-02-02T16:39:02,568713+0800 DEBUG (motion_controller_device.cpp:1483) sys/motion/3 [SMC] smc_check_done(card_id=2, axis=3) [always_executed_hook]
2026-02-02T16:39:02,569099+0800 DEBUG (motion_controller_device.cpp:1486) sys/motion/3 [SMC] smc_check_done() returned: 0 (0=moving, 1=stopped)
2026-02-02T16:39:02,569462+0800 INFO (motion_controller_device.cpp:1482) sys/motion/3 [SMC] Checking axis 4 motion status...
2026-02-02T16:39:02,569468+0800 DEBUG (motion_controller_device.cpp:1483) sys/motion/3 [SMC] smc_check_done(card_id=2, axis=4) [always_executed_hook]
2026-02-02T16:39:02,569851+0800 DEBUG (motion_controller_device.cpp:1486) sys/motion/3 [SMC] smc_check_done() returned: 0 (0=moving, 1=stopped)
2026-02-02T16:39:02,570181+0800 INFO (motion_controller_device.cpp:1482) sys/motion/3 [SMC] Checking axis 5 motion status...
2026-02-02T16:39:02,570191+0800 DEBUG (motion_controller_device.cpp:1483) sys/motion/3 [SMC] smc_check_done(card_id=2, axis=5) [always_executed_hook]
2026-02-02T16:39:02,570544+0800 DEBUG (motion_controller_device.cpp:1486) sys/motion/3 [SMC] smc_check_done() returned: 0 (0=moving, 1=stopped)
2026-02-02T16:39:02,571538+0800 DEBUG (motion_controller_device.cpp:1102) sys/motion/3 [SMC] smc_read_eln_pin(card_id=2, axis=1)
2026-02-02T16:39:02,571551+0800 DEBUG (motion_controller_device.cpp:1103) sys/motion/3 [SMC] smc_read_elp_pin() returned: 1
2026-02-02T16:39:02,572108+0800 DEBUG (motion_controller_device.cpp:1105) sys/motion/3 [SMC] smc_read_eln_pin(card_id=2, axis=1)
2026-02-02T16:39:02,572230+0800 DEBUG (motion_controller_device.cpp:1106) sys/motion/3 [SMC] smc_read_eln_pin() returned: 1
2026-02-02T16:39:02,572444+0800 INFO (motion_controller_device.cpp:1482) sys/motion/3 [SMC] Checking axis 0 motion status...
2026-02-02T16:39:02,572459+0800 DEBUG (motion_controller_device.cpp:1483) sys/motion/3 [SMC] smc_check_done(card_id=2, axis=0) [always_executed_hook]
2026-02-02T16:39:02,572915+0800 DEBUG (motion_controller_device.cpp:1486) sys/motion/3 [SMC] smc_check_done() returned: 0 (0=moving, 1=stopped)
2026-02-02T16:39:02,573422+0800 INFO (motion_controller_device.cpp:1482) sys/motion/3 [SMC] Checking axis 1 motion status...
2026-02-02T16:39:02,573433+0800 DEBUG (motion_controller_device.cpp:1483) sys/motion/3 [SMC] smc_check_done(card_id=2, axis=1) [always_executed_hook]
2026-02-02T16:39:02,573829+0800 DEBUG (motion_controller_device.cpp:1486) sys/motion/3 [SMC] smc_check_done() returned: 0 (0=moving, 1=stopped)
2026-02-02T16:39:02,574383+0800 INFO (motion_controller_device.cpp:1482) sys/motion/3 [SMC] Checking axis 2 motion status...
2026-02-02T16:39:02,574393+0800 DEBUG (motion_controller_device.cpp:1483) sys/motion/3 [SMC] smc_check_done(card_id=2, axis=2) [always_executed_hook]
2026-02-02T16:39:02,574869+0800 DEBUG (motion_controller_device.cpp:1486) sys/motion/3 [SMC] smc_check_done() returned: 0 (0=moving, 1=stopped)
2026-02-02T16:39:02,575320+0800 INFO (motion_controller_device.cpp:1482) sys/motion/3 [SMC] Checking axis 3 motion status...
2026-02-02T16:39:02,575329+0800 DEBUG (motion_controller_device.cpp:1483) sys/motion/3 [SMC] smc_check_done(card_id=2, axis=3) [always_executed_hook]
2026-02-02T16:39:02,575779+0800 DEBUG (motion_controller_device.cpp:1486) sys/motion/3 [SMC] smc_check_done() returned: 0 (0=moving, 1=stopped)
2026-02-02T16:39:02,576119+0800 INFO (motion_controller_device.cpp:1482) sys/motion/3 [SMC] Checking axis 4 motion status...
2026-02-02T16:39:02,576128+0800 DEBUG (motion_controller_device.cpp:1483) sys/motion/3 [SMC] smc_check_done(card_id=2, axis=4) [always_executed_hook]
2026-02-02T16:39:02,576626+0800 DEBUG (motion_controller_device.cpp:1486) sys/motion/3 [SMC] smc_check_done() returned: 0 (0=moving, 1=stopped)
2026-02-02T16:39:02,577024+0800 INFO (motion_controller_device.cpp:1482) sys/motion/3 [SMC] Checking axis 5 motion status...
2026-02-02T16:39:02,577047+0800 DEBUG (motion_controller_device.cpp:1483) sys/motion/3 [SMC] smc_check_done(card_id=2, axis=5) [always_executed_hook]
2026-02-02T16:39:02,577609+0800 DEBUG (motion_controller_device.cpp:1486) sys/motion/3 [SMC] smc_check_done() returned: 0 (0=moving, 1=stopped)
2026-02-02T16:39:02,578687+0800 DEBUG (motion_controller_device.cpp:1102) sys/motion/3 [SMC] smc_read_eln_pin(card_id=2, axis=2)
2026-02-02T16:39:02,578712+0800 DEBUG (motion_controller_device.cpp:1103) sys/motion/3 [SMC] smc_read_elp_pin() returned: 1
2026-02-02T16:39:02,579270+0800 DEBUG (motion_controller_device.cpp:1105) sys/motion/3 [SMC] smc_read_eln_pin(card_id=2, axis=2)
2026-02-02T16:39:02,579284+0800 DEBUG (motion_controller_device.cpp:1106) sys/motion/3 [SMC] smc_read_eln_pin() returned: 1
2026-02-02T16:39:02,579585+0800 INFO (motion_controller_device.cpp:1482) sys/motion/3 [SMC] Checking axis 0 motion status...
2026-02-02T16:39:02,579598+0800 DEBUG (motion_controller_device.cpp:1483) sys/motion/3 [SMC] smc_check_done(card_id=2, axis=0) [always_executed_hook]
2026-02-02T16:39:02,580169+0800 DEBUG (motion_controller_device.cpp:1486) sys/motion/3 [SMC] smc_check_done() returned: 0 (0=moving, 1=stopped)
2026-02-02T16:39:02,580753+0800 INFO (motion_controller_device.cpp:1482) sys/motion/3 [SMC] Checking axis 1 motion status...
2026-02-02T16:39:02,580771+0800 DEBUG (motion_controller_device.cpp:1483) sys/motion/3 [SMC] smc_check_done(card_id=2, axis=1) [always_executed_hook]
2026-02-02T16:39:02,581474+0800 DEBUG (motion_controller_device.cpp:1486) sys/motion/3 [SMC] smc_check_done() returned: 0 (0=moving, 1=stopped)
2026-02-02T16:39:02,582074+0800 INFO (motion_controller_device.cpp:1482) sys/motion/3 [SMC] Checking axis 2 motion status...
2026-02-02T16:39:02,582085+0800 DEBUG (motion_controller_device.cpp:1483) sys/motion/3 [SMC] smc_check_done(card_id=2, axis=2) [always_executed_hook]
2026-02-02T16:39:02,582722+0800 DEBUG (motion_controller_device.cpp:1486) sys/motion/3 [SMC] smc_check_done() returned: 0 (0=moving, 1=stopped)
2026-02-02T16:39:02,583302+0800 INFO (motion_controller_device.cpp:1482) sys/motion/3 [SMC] Checking axis 3 motion status...
2026-02-02T16:39:02,583313+0800 DEBUG (motion_controller_device.cpp:1483) sys/motion/3 [SMC] smc_check_done(card_id=2, axis=3) [always_executed_hook]
2026-02-02T16:39:02,584691+0800 DEBUG (motion_controller_device.cpp:1486) sys/motion/3 [SMC] smc_check_done() returned: 0 (0=moving, 1=stopped)
2026-02-02T16:39:02,585118+0800 INFO (motion_controller_device.cpp:1482) sys/motion/3 [SMC] Checking axis 4 motion status...
2026-02-02T16:39:02,585124+0800 DEBUG (motion_controller_device.cpp:1483) sys/motion/3 [SMC] smc_check_done(card_id=2, axis=4) [always_executed_hook]
2026-02-02T16:39:02,585467+0800 DEBUG (motion_controller_device.cpp:1486) sys/motion/3 [SMC] smc_check_done() returned: 0 (0=moving, 1=stopped)
2026-02-02T16:39:02,585885+0800 INFO (motion_controller_device.cpp:1482) sys/motion/3 [SMC] Checking axis 5 motion status...
2026-02-02T16:39:02,585893+0800 DEBUG (motion_controller_device.cpp:1483) sys/motion/3 [SMC] smc_check_done(card_id=2, axis=5) [always_executed_hook]
2026-02-02T16:39:02,586301+0800 DEBUG (motion_controller_device.cpp:1486) sys/motion/3 [SMC] smc_check_done() returned: 0 (0=moving, 1=stopped)
2026-02-02T16:39:02,587116+0800 DEBUG (motion_controller_device.cpp:1102) sys/motion/3 [SMC] smc_read_eln_pin(card_id=2, axis=3)
2026-02-02T16:39:02,587126+0800 DEBUG (motion_controller_device.cpp:1103) sys/motion/3 [SMC] smc_read_elp_pin() returned: 1
2026-02-02T16:39:02,587504+0800 DEBUG (motion_controller_device.cpp:1105) sys/motion/3 [SMC] smc_read_eln_pin(card_id=2, axis=3)
2026-02-02T16:39:02,587513+0800 DEBUG (motion_controller_device.cpp:1106) sys/motion/3 [SMC] smc_read_eln_pin() returned: 1
2026-02-02T16:39:02,587706+0800 INFO (motion_controller_device.cpp:1482) sys/motion/3 [SMC] Checking axis 0 motion status...
2026-02-02T16:39:02,587723+0800 DEBUG (motion_controller_device.cpp:1483) sys/motion/3 [SMC] smc_check_done(card_id=2, axis=0) [always_executed_hook]
2026-02-02T16:39:02,588182+0800 DEBUG (motion_controller_device.cpp:1486) sys/motion/3 [SMC] smc_check_done() returned: 0 (0=moving, 1=stopped)
2026-02-02T16:39:02,588556+0800 INFO (motion_controller_device.cpp:1482) sys/motion/3 [SMC] Checking axis 1 motion status...
2026-02-02T16:39:02,588564+0800 DEBUG (motion_controller_device.cpp:1483) sys/motion/3 [SMC] smc_check_done(card_id=2, axis=1) [always_executed_hook]
2026-02-02T16:39:02,589054+0800 DEBUG (motion_controller_device.cpp:1486) sys/motion/3 [SMC] smc_check_done() returned: 0 (0=moving, 1=stopped)
2026-02-02T16:39:02,589490+0800 INFO (motion_controller_device.cpp:1482) sys/motion/3 [SMC] Checking axis 2 motion status...
2026-02-02T16:39:02,589499+0800 DEBUG (motion_controller_device.cpp:1483) sys/motion/3 [SMC] smc_check_done(card_id=2, axis=2) [always_executed_hook]
2026-02-02T16:39:02,589844+0800 DEBUG (motion_controller_device.cpp:1486) sys/motion/3 [SMC] smc_check_done() returned: 0 (0=moving, 1=stopped)
2026-02-02T16:39:02,590470+0800 INFO (motion_controller_device.cpp:1482) sys/motion/3 [SMC] Checking axis 3 motion status...
2026-02-02T16:39:02,590479+0800 DEBUG (motion_controller_device.cpp:1483) sys/motion/3 [SMC] smc_check_done(card_id=2, axis=3) [always_executed_hook]
2026-02-02T16:39:02,591152+0800 DEBUG (motion_controller_device.cpp:1486) sys/motion/3 [SMC] smc_check_done() returned: 0 (0=moving, 1=stopped)
2026-02-02T16:39:02,591573+0800 INFO (motion_controller_device.cpp:1482) sys/motion/3 [SMC] Checking axis 4 motion status...
2026-02-02T16:39:02,591583+0800 DEBUG (motion_controller_device.cpp:1483) sys/motion/3 [SMC] smc_check_done(card_id=2, axis=4) [always_executed_hook]
2026-02-02T16:39:02,592144+0800 DEBUG (motion_controller_device.cpp:1486) sys/motion/3 [SMC] smc_check_done() returned: 0 (0=moving, 1=stopped)
2026-02-02T16:39:02,592573+0800 INFO (motion_controller_device.cpp:1482) sys/motion/3 [SMC] Checking axis 5 motion status...
2026-02-02T16:39:02,592578+0800 DEBUG (motion_controller_device.cpp:1483) sys/motion/3 [SMC] smc_check_done(card_id=2, axis=5) [always_executed_hook]
2026-02-02T16:39:02,592996+0800 DEBUG (motion_controller_device.cpp:1486) sys/motion/3 [SMC] smc_check_done() returned: 0 (0=moving, 1=stopped)
2026-02-02T16:39:02,593763+0800 DEBUG (motion_controller_device.cpp:1102) sys/motion/3 [SMC] smc_read_eln_pin(card_id=2, axis=4)
2026-02-02T16:39:02,593770+0800 DEBUG (motion_controller_device.cpp:1103) sys/motion/3 [SMC] smc_read_elp_pin() returned: 1
2026-02-02T16:39:02,594172+0800 DEBUG (motion_controller_device.cpp:1105) sys/motion/3 [SMC] smc_read_eln_pin(card_id=2, axis=4)
2026-02-02T16:39:02,594178+0800 DEBUG (motion_controller_device.cpp:1106) sys/motion/3 [SMC] smc_read_eln_pin() returned: 1
2026-02-02T16:39:02,594301+0800 INFO (motion_controller_device.cpp:1482) sys/motion/3 [SMC] Checking axis 0 motion status...
2026-02-02T16:39:02,594308+0800 DEBUG (motion_controller_device.cpp:1483) sys/motion/3 [SMC] smc_check_done(card_id=2, axis=0) [always_executed_hook]
2026-02-02T16:39:02,594762+0800 DEBUG (motion_controller_device.cpp:1486) sys/motion/3 [SMC] smc_check_done() returned: 0 (0=moving, 1=stopped)
2026-02-02T16:39:02,595213+0800 INFO (motion_controller_device.cpp:1482) sys/motion/3 [SMC] Checking axis 1 motion status...
2026-02-02T16:39:02,595223+0800 DEBUG (motion_controller_device.cpp:1483) sys/motion/3 [SMC] smc_check_done(card_id=2, axis=1) [always_executed_hook]
2026-02-02T16:39:02,595566+0800 DEBUG (motion_controller_device.cpp:1486) sys/motion/3 [SMC] smc_check_done() returned: 0 (0=moving, 1=stopped)
2026-02-02T16:39:02,595906+0800 INFO (motion_controller_device.cpp:1482) sys/motion/3 [SMC] Checking axis 2 motion status...
2026-02-02T16:39:02,595916+0800 DEBUG (motion_controller_device.cpp:1483) sys/motion/3 [SMC] smc_check_done(card_id=2, axis=2) [always_executed_hook]
2026-02-02T16:39:02,596360+0800 DEBUG (motion_controller_device.cpp:1486) sys/motion/3 [SMC] smc_check_done() returned: 0 (0=moving, 1=stopped)
2026-02-02T16:39:02,597033+0800 INFO (motion_controller_device.cpp:1482) sys/motion/3 [SMC] Checking axis 3 motion status...
2026-02-02T16:39:02,597039+0800 DEBUG (motion_controller_device.cpp:1483) sys/motion/3 [SMC] smc_check_done(card_id=2, axis=3) [always_executed_hook]
2026-02-02T16:39:02,597430+0800 DEBUG (motion_controller_device.cpp:1486) sys/motion/3 [SMC] smc_check_done() returned: 0 (0=moving, 1=stopped)
2026-02-02T16:39:02,597850+0800 INFO (motion_controller_device.cpp:1482) sys/motion/3 [SMC] Checking axis 4 motion status...
2026-02-02T16:39:02,597859+0800 DEBUG (motion_controller_device.cpp:1483) sys/motion/3 [SMC] smc_check_done(card_id=2, axis=4) [always_executed_hook]
2026-02-02T16:39:02,598250+0800 DEBUG (motion_controller_device.cpp:1486) sys/motion/3 [SMC] smc_check_done() returned: 0 (0=moving, 1=stopped)
2026-02-02T16:39:02,598841+0800 INFO (motion_controller_device.cpp:1482) sys/motion/3 [SMC] Checking axis 5 motion status...
2026-02-02T16:39:02,598851+0800 DEBUG (motion_controller_device.cpp:1483) sys/motion/3 [SMC] smc_check_done(card_id=2, axis=5) [always_executed_hook]
2026-02-02T16:39:02,599392+0800 DEBUG (motion_controller_device.cpp:1486) sys/motion/3 [SMC] smc_check_done() returned: 0 (0=moving, 1=stopped)
2026-02-02T16:39:02,600211+0800 DEBUG (motion_controller_device.cpp:1102) sys/motion/3 [SMC] smc_read_eln_pin(card_id=2, axis=5)
2026-02-02T16:39:02,600218+0800 DEBUG (motion_controller_device.cpp:1103) sys/motion/3 [SMC] smc_read_elp_pin() returned: 1
2026-02-02T16:39:02,600683+0800 DEBUG (motion_controller_device.cpp:1105) sys/motion/3 [SMC] smc_read_eln_pin(card_id=2, axis=5)
2026-02-02T16:39:02,600689+0800 DEBUG (motion_controller_device.cpp:1106) sys/motion/3 [SMC] smc_read_eln_pin() returned: 1
2026-02-02T16:39:02,600770+0800 INFO (motion_controller_device.cpp:1482) sys/motion/3 [SMC] Checking axis 0 motion status...
2026-02-02T16:39:02,600776+0800 DEBUG (motion_controller_device.cpp:1483) sys/motion/3 [SMC] smc_check_done(card_id=2, axis=0) [always_executed_hook]
2026-02-02T16:39:02,601269+0800 DEBUG (motion_controller_device.cpp:1486) sys/motion/3 [SMC] smc_check_done() returned: 0 (0=moving, 1=stopped)
2026-02-02T16:39:02,601745+0800 INFO (motion_controller_device.cpp:1482) sys/motion/3 [SMC] Checking axis 1 motion status...
2026-02-02T16:39:02,601757+0800 DEBUG (motion_controller_device.cpp:1483) sys/motion/3 [SMC] smc_check_done(card_id=2, axis=1) [always_executed_hook]
2026-02-02T16:39:02,602328+0800 DEBUG (motion_controller_device.cpp:1486) sys/motion/3 [SMC] smc_check_done() returned: 0 (0=moving, 1=stopped)
2026-02-02T16:39:02,602821+0800 INFO (motion_controller_device.cpp:1482) sys/motion/3 [SMC] Checking axis 2 motion status...
2026-02-02T16:39:02,602832+0800 DEBUG (motion_controller_device.cpp:1483) sys/motion/3 [SMC] smc_check_done(card_id=2, axis=2) [always_executed_hook]
2026-02-02T16:39:02,603258+0800 DEBUG (motion_controller_device.cpp:1486) sys/motion/3 [SMC] smc_check_done() returned: 0 (0=moving, 1=stopped)
2026-02-02T16:39:02,603844+0800 INFO (motion_controller_device.cpp:1482) sys/motion/3 [SMC] Checking axis 3 motion status...
2026-02-02T16:39:02,603862+0800 DEBUG (motion_controller_device.cpp:1483) sys/motion/3 [SMC] smc_check_done(card_id=2, axis=3) [always_executed_hook]
2026-02-02T16:39:02,604354+0800 DEBUG (motion_controller_device.cpp:1486) sys/motion/3 [SMC] smc_check_done() returned: 0 (0=moving, 1=stopped)
2026-02-02T16:39:02,604899+0800 INFO (motion_controller_device.cpp:1482) sys/motion/3 [SMC] Checking axis 4 motion status...
2026-02-02T16:39:02,604912+0800 DEBUG (motion_controller_device.cpp:1483) sys/motion/3 [SMC] smc_check_done(card_id=2, axis=4) [always_executed_hook]
2026-02-02T16:39:02,605345+0800 DEBUG (motion_controller_device.cpp:1486) sys/motion/3 [SMC] smc_check_done() returned: 0 (0=moving, 1=stopped)
2026-02-02T16:39:02,605708+0800 INFO (motion_controller_device.cpp:1482) sys/motion/3 [SMC] Checking axis 5 motion status...
2026-02-02T16:39:02,605730+0800 DEBUG (motion_controller_device.cpp:1483) sys/motion/3 [SMC] smc_check_done(card_id=2, axis=5) [always_executed_hook]
2026-02-02T16:39:02,606076+0800 DEBUG (motion_controller_device.cpp:1486) sys/motion/3 [SMC] smc_check_done() returned: 0 (0=moving, 1=stopped)
2026-02-02T16:39:03,111858+0800 INFO (motion_controller_device.cpp:1482) sys/motion/3 [SMC] Checking axis 0 motion status...
2026-02-02T16:39:03,111895+0800 DEBUG (motion_controller_device.cpp:1483) sys/motion/3 [SMC] smc_check_done(card_id=2, axis=0) [always_executed_hook]
2026-02-02T16:39:03,112758+0800 DEBUG (motion_controller_device.cpp:1486) sys/motion/3 [SMC] smc_check_done() returned: 1 (0=moving, 1=stopped)
2026-02-02T16:39:03,112785+0800 INFO (motion_controller_device.cpp:1482) sys/motion/3 [SMC] Checking axis 1 motion status...
2026-02-02T16:39:03,112789+0800 DEBUG (motion_controller_device.cpp:1483) sys/motion/3 [SMC] smc_check_done(card_id=2, axis=1) [always_executed_hook]
2026-02-02T16:39:03,113649+0800 DEBUG (motion_controller_device.cpp:1486) sys/motion/3 [SMC] smc_check_done() returned: 1 (0=moving, 1=stopped)
2026-02-02T16:39:03,113659+0800 INFO (motion_controller_device.cpp:1482) sys/motion/3 [SMC] Checking axis 2 motion status...
2026-02-02T16:39:03,113663+0800 DEBUG (motion_controller_device.cpp:1483) sys/motion/3 [SMC] smc_check_done(card_id=2, axis=2) [always_executed_hook]
2026-02-02T16:39:03,114148+0800 DEBUG (motion_controller_device.cpp:1486) sys/motion/3 [SMC] smc_check_done() returned: 1 (0=moving, 1=stopped)
2026-02-02T16:39:03,114156+0800 INFO (motion_controller_device.cpp:1482) sys/motion/3 [SMC] Checking axis 3 motion status...
2026-02-02T16:39:03,114159+0800 DEBUG (motion_controller_device.cpp:1483) sys/motion/3 [SMC] smc_check_done(card_id=2, axis=3) [always_executed_hook]
2026-02-02T16:39:03,114775+0800 DEBUG (motion_controller_device.cpp:1486) sys/motion/3 [SMC] smc_check_done() returned: 1 (0=moving, 1=stopped)
2026-02-02T16:39:03,114783+0800 INFO (motion_controller_device.cpp:1482) sys/motion/3 [SMC] Checking axis 4 motion status...
2026-02-02T16:39:03,114786+0800 DEBUG (motion_controller_device.cpp:1483) sys/motion/3 [SMC] smc_check_done(card_id=2, axis=4) [always_executed_hook]
2026-02-02T16:39:03,115389+0800 DEBUG (motion_controller_device.cpp:1486) sys/motion/3 [SMC] smc_check_done() returned: 1 (0=moving, 1=stopped)
2026-02-02T16:39:03,115396+0800 INFO (motion_controller_device.cpp:1482) sys/motion/3 [SMC] Checking axis 5 motion status...
2026-02-02T16:39:03,115399+0800 DEBUG (motion_controller_device.cpp:1483) sys/motion/3 [SMC] smc_check_done(card_id=2, axis=5) [always_executed_hook]
2026-02-02T16:39:03,115871+0800 DEBUG (motion_controller_device.cpp:1486) sys/motion/3 [SMC] smc_check_done() returned: 1 (0=moving, 1=stopped)
2026-02-02T16:39:03,116265+0800 DEBUG (motion_controller_device.cpp:1102) sys/motion/3 [SMC] smc_read_eln_pin(card_id=2, axis=0)
2026-02-02T16:39:03,116273+0800 DEBUG (motion_controller_device.cpp:1103) sys/motion/3 [SMC] smc_read_elp_pin() returned: 1
2026-02-02T16:39:03,116861+0800 DEBUG (motion_controller_device.cpp:1105) sys/motion/3 [SMC] smc_read_eln_pin(card_id=2, axis=0)
2026-02-02T16:39:03,116868+0800 DEBUG (motion_controller_device.cpp:1106) sys/motion/3 [SMC] smc_read_eln_pin() returned: 1
2026-02-02T16:39:03,117552+0800 DEBUG (motion_controller_device.cpp:1102) sys/motion/3 [SMC] smc_read_eln_pin(card_id=2, axis=1)
2026-02-02T16:39:03,117568+0800 DEBUG (motion_controller_device.cpp:1103) sys/motion/3 [SMC] smc_read_elp_pin() returned: 1
2026-02-02T16:39:03,117943+0800 DEBUG (motion_controller_device.cpp:1105) sys/motion/3 [SMC] smc_read_eln_pin(card_id=2, axis=1)
2026-02-02T16:39:03,117953+0800 DEBUG (motion_controller_device.cpp:1106) sys/motion/3 [SMC] smc_read_eln_pin() returned: 1
2026-02-02T16:39:03,118479+0800 DEBUG (motion_controller_device.cpp:1102) sys/motion/3 [SMC] smc_read_eln_pin(card_id=2, axis=2)
2026-02-02T16:39:03,118496+0800 DEBUG (motion_controller_device.cpp:1103) sys/motion/3 [SMC] smc_read_elp_pin() returned: 1
2026-02-02T16:39:03,119007+0800 DEBUG (motion_controller_device.cpp:1105) sys/motion/3 [SMC] smc_read_eln_pin(card_id=2, axis=2)
2026-02-02T16:39:03,119021+0800 DEBUG (motion_controller_device.cpp:1106) sys/motion/3 [SMC] smc_read_eln_pin() returned: 1
2026-02-02T16:39:03,119693+0800 DEBUG (motion_controller_device.cpp:1102) sys/motion/3 [SMC] smc_read_eln_pin(card_id=2, axis=3)
2026-02-02T16:39:03,119705+0800 DEBUG (motion_controller_device.cpp:1103) sys/motion/3 [SMC] smc_read_elp_pin() returned: 1
2026-02-02T16:39:03,120097+0800 DEBUG (motion_controller_device.cpp:1105) sys/motion/3 [SMC] smc_read_eln_pin(card_id=2, axis=3)
2026-02-02T16:39:03,120104+0800 DEBUG (motion_controller_device.cpp:1106) sys/motion/3 [SMC] smc_read_eln_pin() returned: 1
2026-02-02T16:39:03,120595+0800 DEBUG (motion_controller_device.cpp:1102) sys/motion/3 [SMC] smc_read_eln_pin(card_id=2, axis=4)
2026-02-02T16:39:03,120605+0800 DEBUG (motion_controller_device.cpp:1103) sys/motion/3 [SMC] smc_read_elp_pin() returned: 1
2026-02-02T16:39:03,121055+0800 DEBUG (motion_controller_device.cpp:1105) sys/motion/3 [SMC] smc_read_eln_pin(card_id=2, axis=4)
2026-02-02T16:39:03,121061+0800 DEBUG (motion_controller_device.cpp:1106) sys/motion/3 [SMC] smc_read_eln_pin() returned: 1
2026-02-02T16:39:03,121557+0800 DEBUG (motion_controller_device.cpp:1102) sys/motion/3 [SMC] smc_read_eln_pin(card_id=2, axis=5)
2026-02-02T16:39:03,121567+0800 DEBUG (motion_controller_device.cpp:1103) sys/motion/3 [SMC] smc_read_elp_pin() returned: 1
2026-02-02T16:39:03,121943+0800 DEBUG (motion_controller_device.cpp:1105) sys/motion/3 [SMC] smc_read_eln_pin(card_id=2, axis=5)
2026-02-02T16:39:03,121949+0800 DEBUG (motion_controller_device.cpp:1106) sys/motion/3 [SMC] smc_read_eln_pin() returned: 1
2026-02-02T16:39:03,629003+0800 DEBUG (motion_controller_device.cpp:322) sys/motion/3 [SMC] smc_get_position_unit(card_id=2, axis=0) [health check]
2026-02-02T16:39:03,630939+0800 DEBUG (motion_controller_device.cpp:324) sys/motion/3 [SMC] smc_get_position_unit() returned: 0 [health check]
2026-02-02T16:40:36,174380+0800 DEBUG (motion_controller_device.cpp:983) sys/motion/3 [SMC] smc_set_profile_unit(card_id=2, axis=0, start_vel=3000, max_vel=10000, acc_time=0.1, dec_time=0.1, stop_vel=100)
2026-02-02T16:40:36,176403+0800 DEBUG (motion_controller_device.cpp:988) sys/motion/3 [SMC] smc_set_profile_unit() returned: 0
2026-02-02T16:40:36,178304+0800 DEBUG (motion_controller_device.cpp:983) sys/motion/3 [SMC] smc_set_profile_unit(card_id=2, axis=1, start_vel=3000, max_vel=10000, acc_time=0.1, dec_time=0.1, stop_vel=100)
2026-02-02T16:40:36,179355+0800 DEBUG (motion_controller_device.cpp:988) sys/motion/3 [SMC] smc_set_profile_unit() returned: 0
2026-02-02T16:40:36,179749+0800 DEBUG (motion_controller_device.cpp:983) sys/motion/3 [SMC] smc_set_profile_unit(card_id=2, axis=2, start_vel=3000, max_vel=10000, acc_time=0.1, dec_time=0.1, stop_vel=100)
2026-02-02T16:40:36,180574+0800 DEBUG (motion_controller_device.cpp:988) sys/motion/3 [SMC] smc_set_profile_unit() returned: 0
2026-02-02T16:40:36,180893+0800 DEBUG (motion_controller_device.cpp:983) sys/motion/3 [SMC] smc_set_profile_unit(card_id=2, axis=3, start_vel=3000, max_vel=10000, acc_time=0.1, dec_time=0.1, stop_vel=100)
2026-02-02T16:40:36,181699+0800 DEBUG (motion_controller_device.cpp:988) sys/motion/3 [SMC] smc_set_profile_unit() returned: 0
2026-02-02T16:40:36,181987+0800 DEBUG (motion_controller_device.cpp:983) sys/motion/3 [SMC] smc_set_profile_unit(card_id=2, axis=4, start_vel=3000, max_vel=10000, acc_time=0.1, dec_time=0.1, stop_vel=100)
2026-02-02T16:40:36,183176+0800 DEBUG (motion_controller_device.cpp:988) sys/motion/3 [SMC] smc_set_profile_unit() returned: 0
2026-02-02T16:40:36,183964+0800 DEBUG (motion_controller_device.cpp:983) sys/motion/3 [SMC] smc_set_profile_unit(card_id=2, axis=5, start_vel=3000, max_vel=10000, acc_time=0.1, dec_time=0.1, stop_vel=100)
2026-02-02T16:40:36,185141+0800 DEBUG (motion_controller_device.cpp:988) sys/motion/3 [SMC] smc_set_profile_unit() returned: 0
2026-02-02T16:40:36,185796+0800 DEBUG (motion_controller_device.cpp:656) sys/motion/3 [SMC] Checking axis 0 enable status...
2026-02-02T16:40:36,186317+0800 DEBUG (motion_controller_device.cpp:658) sys/motion/3 [SMC] smc_read_sevon_pin() returned: 1 (0=disabled, 1=enabled)
2026-02-02T16:40:36,186479+0800 DEBUG (motion_controller_device.cpp:672) sys/motion/3 [SMC] smc_pmove_unit(card_id=2, axis=0, dist=11682, mode=relative)
2026-02-02T16:40:36,188137+0800 DEBUG (motion_controller_device.cpp:674) sys/motion/3 [SMC] smc_pmove_unit() returned: 0
2026-02-02T16:40:36,189144+0800 INFO (motion_controller_device.cpp:1482) sys/motion/3 [SMC] Checking axis 0 motion status...
2026-02-02T16:40:36,189294+0800 DEBUG (motion_controller_device.cpp:1483) sys/motion/3 [SMC] smc_check_done(card_id=2, axis=0) [always_executed_hook]
2026-02-02T16:40:36,190170+0800 DEBUG (motion_controller_device.cpp:1486) sys/motion/3 [SMC] smc_check_done() returned: 0 (0=moving, 1=stopped)
2026-02-02T16:40:36,190692+0800 DEBUG (motion_controller_device.cpp:656) sys/motion/3 [SMC] Checking axis 1 enable status...
2026-02-02T16:40:36,191248+0800 DEBUG (motion_controller_device.cpp:658) sys/motion/3 [SMC] smc_read_sevon_pin() returned: 1 (0=disabled, 1=enabled)
2026-02-02T16:40:36,191274+0800 DEBUG (motion_controller_device.cpp:672) sys/motion/3 [SMC] smc_pmove_unit(card_id=2, axis=1, dist=-11280, mode=relative)
2026-02-02T16:40:36,192381+0800 DEBUG (motion_controller_device.cpp:674) sys/motion/3 [SMC] smc_pmove_unit() returned: 0
2026-02-02T16:40:36,192909+0800 INFO (motion_controller_device.cpp:1482) sys/motion/3 [SMC] Checking axis 0 motion status...
2026-02-02T16:40:36,192929+0800 DEBUG (motion_controller_device.cpp:1483) sys/motion/3 [SMC] smc_check_done(card_id=2, axis=0) [always_executed_hook]
2026-02-02T16:40:36,193520+0800 DEBUG (motion_controller_device.cpp:1486) sys/motion/3 [SMC] smc_check_done() returned: 0 (0=moving, 1=stopped)
2026-02-02T16:40:36,194179+0800 INFO (motion_controller_device.cpp:1482) sys/motion/3 [SMC] Checking axis 1 motion status...
2026-02-02T16:40:36,194201+0800 DEBUG (motion_controller_device.cpp:1483) sys/motion/3 [SMC] smc_check_done(card_id=2, axis=1) [always_executed_hook]
2026-02-02T16:40:36,194846+0800 DEBUG (motion_controller_device.cpp:1486) sys/motion/3 [SMC] smc_check_done() returned: 0 (0=moving, 1=stopped)
2026-02-02T16:40:36,195378+0800 DEBUG (motion_controller_device.cpp:656) sys/motion/3 [SMC] Checking axis 2 enable status...
2026-02-02T16:40:36,195873+0800 DEBUG (motion_controller_device.cpp:658) sys/motion/3 [SMC] smc_read_sevon_pin() returned: 1 (0=disabled, 1=enabled)
2026-02-02T16:40:36,195894+0800 DEBUG (motion_controller_device.cpp:672) sys/motion/3 [SMC] smc_pmove_unit(card_id=2, axis=2, dist=11682, mode=relative)
2026-02-02T16:40:36,196886+0800 DEBUG (motion_controller_device.cpp:674) sys/motion/3 [SMC] smc_pmove_unit() returned: 0
2026-02-02T16:40:36,197368+0800 INFO (motion_controller_device.cpp:1482) sys/motion/3 [SMC] Checking axis 0 motion status...
2026-02-02T16:40:36,197385+0800 DEBUG (motion_controller_device.cpp:1483) sys/motion/3 [SMC] smc_check_done(card_id=2, axis=0) [always_executed_hook]
2026-02-02T16:40:36,198033+0800 DEBUG (motion_controller_device.cpp:1486) sys/motion/3 [SMC] smc_check_done() returned: 0 (0=moving, 1=stopped)
2026-02-02T16:40:36,198530+0800 INFO (motion_controller_device.cpp:1482) sys/motion/3 [SMC] Checking axis 1 motion status...
2026-02-02T16:40:36,198562+0800 DEBUG (motion_controller_device.cpp:1483) sys/motion/3 [SMC] smc_check_done(card_id=2, axis=1) [always_executed_hook]
2026-02-02T16:40:36,199098+0800 DEBUG (motion_controller_device.cpp:1486) sys/motion/3 [SMC] smc_check_done() returned: 0 (0=moving, 1=stopped)
2026-02-02T16:40:36,199687+0800 INFO (motion_controller_device.cpp:1482) sys/motion/3 [SMC] Checking axis 2 motion status...
2026-02-02T16:40:36,199699+0800 DEBUG (motion_controller_device.cpp:1483) sys/motion/3 [SMC] smc_check_done(card_id=2, axis=2) [always_executed_hook]
2026-02-02T16:40:36,200295+0800 DEBUG (motion_controller_device.cpp:1486) sys/motion/3 [SMC] smc_check_done() returned: 0 (0=moving, 1=stopped)
2026-02-02T16:40:36,201121+0800 DEBUG (motion_controller_device.cpp:656) sys/motion/3 [SMC] Checking axis 3 enable status...
2026-02-02T16:40:36,201669+0800 DEBUG (motion_controller_device.cpp:658) sys/motion/3 [SMC] smc_read_sevon_pin() returned: 1 (0=disabled, 1=enabled)
2026-02-02T16:40:36,201692+0800 DEBUG (motion_controller_device.cpp:672) sys/motion/3 [SMC] smc_pmove_unit(card_id=2, axis=3, dist=-11280, mode=relative)
2026-02-02T16:40:36,202631+0800 DEBUG (motion_controller_device.cpp:674) sys/motion/3 [SMC] smc_pmove_unit() returned: 0
2026-02-02T16:40:36,202899+0800 INFO (motion_controller_device.cpp:1482) sys/motion/3 [SMC] Checking axis 0 motion status...
2026-02-02T16:40:36,202917+0800 DEBUG (motion_controller_device.cpp:1483) sys/motion/3 [SMC] smc_check_done(card_id=2, axis=0) [always_executed_hook]
2026-02-02T16:40:36,203370+0800 DEBUG (motion_controller_device.cpp:1486) sys/motion/3 [SMC] smc_check_done() returned: 0 (0=moving, 1=stopped)
2026-02-02T16:40:36,203932+0800 INFO (motion_controller_device.cpp:1482) sys/motion/3 [SMC] Checking axis 1 motion status...
2026-02-02T16:40:36,203950+0800 DEBUG (motion_controller_device.cpp:1483) sys/motion/3 [SMC] smc_check_done(card_id=2, axis=1) [always_executed_hook]
2026-02-02T16:40:36,204539+0800 DEBUG (motion_controller_device.cpp:1486) sys/motion/3 [SMC] smc_check_done() returned: 0 (0=moving, 1=stopped)
2026-02-02T16:40:36,204993+0800 INFO (motion_controller_device.cpp:1482) sys/motion/3 [SMC] Checking axis 2 motion status...
2026-02-02T16:40:36,205005+0800 DEBUG (motion_controller_device.cpp:1483) sys/motion/3 [SMC] smc_check_done(card_id=2, axis=2) [always_executed_hook]
2026-02-02T16:40:36,205374+0800 DEBUG (motion_controller_device.cpp:1486) sys/motion/3 [SMC] smc_check_done() returned: 0 (0=moving, 1=stopped)
2026-02-02T16:40:36,205967+0800 INFO (motion_controller_device.cpp:1482) sys/motion/3 [SMC] Checking axis 3 motion status...
2026-02-02T16:40:36,205977+0800 DEBUG (motion_controller_device.cpp:1483) sys/motion/3 [SMC] smc_check_done(card_id=2, axis=3) [always_executed_hook]
2026-02-02T16:40:36,206389+0800 DEBUG (motion_controller_device.cpp:1486) sys/motion/3 [SMC] smc_check_done() returned: 0 (0=moving, 1=stopped)
2026-02-02T16:40:36,206774+0800 DEBUG (motion_controller_device.cpp:656) sys/motion/3 [SMC] Checking axis 4 enable status...
2026-02-02T16:40:36,207173+0800 DEBUG (motion_controller_device.cpp:658) sys/motion/3 [SMC] smc_read_sevon_pin() returned: 1 (0=disabled, 1=enabled)
2026-02-02T16:40:36,207196+0800 DEBUG (motion_controller_device.cpp:672) sys/motion/3 [SMC] smc_pmove_unit(card_id=2, axis=4, dist=11682, mode=relative)
2026-02-02T16:40:36,208077+0800 DEBUG (motion_controller_device.cpp:674) sys/motion/3 [SMC] smc_pmove_unit() returned: 0
2026-02-02T16:40:36,208404+0800 INFO (motion_controller_device.cpp:1482) sys/motion/3 [SMC] Checking axis 0 motion status...
2026-02-02T16:40:36,208416+0800 DEBUG (motion_controller_device.cpp:1483) sys/motion/3 [SMC] smc_check_done(card_id=2, axis=0) [always_executed_hook]
2026-02-02T16:40:36,209101+0800 DEBUG (motion_controller_device.cpp:1486) sys/motion/3 [SMC] smc_check_done() returned: 0 (0=moving, 1=stopped)
2026-02-02T16:40:36,209597+0800 INFO (motion_controller_device.cpp:1482) sys/motion/3 [SMC] Checking axis 1 motion status...
2026-02-02T16:40:36,209664+0800 DEBUG (motion_controller_device.cpp:1483) sys/motion/3 [SMC] smc_check_done(card_id=2, axis=1) [always_executed_hook]
2026-02-02T16:40:36,210221+0800 DEBUG (motion_controller_device.cpp:1486) sys/motion/3 [SMC] smc_check_done() returned: 0 (0=moving, 1=stopped)
2026-02-02T16:40:36,210864+0800 INFO (motion_controller_device.cpp:1482) sys/motion/3 [SMC] Checking axis 2 motion status...
2026-02-02T16:40:36,210879+0800 DEBUG (motion_controller_device.cpp:1483) sys/motion/3 [SMC] smc_check_done(card_id=2, axis=2) [always_executed_hook]
2026-02-02T16:40:36,211406+0800 DEBUG (motion_controller_device.cpp:1486) sys/motion/3 [SMC] smc_check_done() returned: 0 (0=moving, 1=stopped)
2026-02-02T16:40:36,211919+0800 INFO (motion_controller_device.cpp:1482) sys/motion/3 [SMC] Checking axis 3 motion status...
2026-02-02T16:40:36,211930+0800 DEBUG (motion_controller_device.cpp:1483) sys/motion/3 [SMC] smc_check_done(card_id=2, axis=3) [always_executed_hook]
2026-02-02T16:40:36,212353+0800 DEBUG (motion_controller_device.cpp:1486) sys/motion/3 [SMC] smc_check_done() returned: 0 (0=moving, 1=stopped)
2026-02-02T16:40:36,212765+0800 INFO (motion_controller_device.cpp:1482) sys/motion/3 [SMC] Checking axis 4 motion status...
2026-02-02T16:40:36,212780+0800 DEBUG (motion_controller_device.cpp:1483) sys/motion/3 [SMC] smc_check_done(card_id=2, axis=4) [always_executed_hook]
2026-02-02T16:40:36,213465+0800 DEBUG (motion_controller_device.cpp:1486) sys/motion/3 [SMC] smc_check_done() returned: 0 (0=moving, 1=stopped)
2026-02-02T16:40:36,214151+0800 DEBUG (motion_controller_device.cpp:656) sys/motion/3 [SMC] Checking axis 5 enable status...
2026-02-02T16:40:36,214776+0800 DEBUG (motion_controller_device.cpp:658) sys/motion/3 [SMC] smc_read_sevon_pin() returned: 1 (0=disabled, 1=enabled)
2026-02-02T16:40:36,214802+0800 DEBUG (motion_controller_device.cpp:672) sys/motion/3 [SMC] smc_pmove_unit(card_id=2, axis=5, dist=-11280, mode=relative)
2026-02-02T16:40:36,215686+0800 DEBUG (motion_controller_device.cpp:674) sys/motion/3 [SMC] smc_pmove_unit() returned: 0
2026-02-02T16:40:36,216452+0800 INFO (motion_controller_device.cpp:1482) sys/motion/3 [SMC] Checking axis 0 motion status...
2026-02-02T16:40:36,216463+0800 DEBUG (motion_controller_device.cpp:1483) sys/motion/3 [SMC] smc_check_done(card_id=2, axis=0) [always_executed_hook]
2026-02-02T16:40:36,216944+0800 DEBUG (motion_controller_device.cpp:1486) sys/motion/3 [SMC] smc_check_done() returned: 0 (0=moving, 1=stopped)
2026-02-02T16:40:36,217360+0800 INFO (motion_controller_device.cpp:1482) sys/motion/3 [SMC] Checking axis 1 motion status...
2026-02-02T16:40:36,217371+0800 DEBUG (motion_controller_device.cpp:1483) sys/motion/3 [SMC] smc_check_done(card_id=2, axis=1) [always_executed_hook]
2026-02-02T16:40:36,217806+0800 DEBUG (motion_controller_device.cpp:1486) sys/motion/3 [SMC] smc_check_done() returned: 0 (0=moving, 1=stopped)
2026-02-02T16:40:36,218266+0800 INFO (motion_controller_device.cpp:1482) sys/motion/3 [SMC] Checking axis 2 motion status...
2026-02-02T16:40:36,218276+0800 DEBUG (motion_controller_device.cpp:1483) sys/motion/3 [SMC] smc_check_done(card_id=2, axis=2) [always_executed_hook]
2026-02-02T16:40:36,218660+0800 DEBUG (motion_controller_device.cpp:1486) sys/motion/3 [SMC] smc_check_done() returned: 0 (0=moving, 1=stopped)
2026-02-02T16:40:36,219164+0800 INFO (motion_controller_device.cpp:1482) sys/motion/3 [SMC] Checking axis 3 motion status...
2026-02-02T16:40:36,219250+0800 DEBUG (motion_controller_device.cpp:1483) sys/motion/3 [SMC] smc_check_done(card_id=2, axis=3) [always_executed_hook]
2026-02-02T16:40:36,219756+0800 DEBUG (motion_controller_device.cpp:1486) sys/motion/3 [SMC] smc_check_done() returned: 0 (0=moving, 1=stopped)
2026-02-02T16:40:36,220335+0800 INFO (motion_controller_device.cpp:1482) sys/motion/3 [SMC] Checking axis 4 motion status...
2026-02-02T16:40:36,220352+0800 DEBUG (motion_controller_device.cpp:1483) sys/motion/3 [SMC] smc_check_done(card_id=2, axis=4) [always_executed_hook]
2026-02-02T16:40:36,220905+0800 DEBUG (motion_controller_device.cpp:1486) sys/motion/3 [SMC] smc_check_done() returned: 0 (0=moving, 1=stopped)
2026-02-02T16:40:36,221452+0800 INFO (motion_controller_device.cpp:1482) sys/motion/3 [SMC] Checking axis 5 motion status...
2026-02-02T16:40:36,221474+0800 DEBUG (motion_controller_device.cpp:1483) sys/motion/3 [SMC] smc_check_done(card_id=2, axis=5) [always_executed_hook]
2026-02-02T16:40:36,222334+0800 DEBUG (motion_controller_device.cpp:1486) sys/motion/3 [SMC] smc_check_done() returned: 0 (0=moving, 1=stopped)
2026-02-02T16:40:36,223622+0800 DEBUG (motion_controller_device.cpp:1102) sys/motion/3 [SMC] smc_read_eln_pin(card_id=2, axis=0)
2026-02-02T16:40:36,223659+0800 DEBUG (motion_controller_device.cpp:1103) sys/motion/3 [SMC] smc_read_elp_pin() returned: 1
2026-02-02T16:40:36,224450+0800 DEBUG (motion_controller_device.cpp:1105) sys/motion/3 [SMC] smc_read_eln_pin(card_id=2, axis=0)
2026-02-02T16:40:36,224467+0800 DEBUG (motion_controller_device.cpp:1106) sys/motion/3 [SMC] smc_read_eln_pin() returned: 1
2026-02-02T16:40:36,224817+0800 INFO (motion_controller_device.cpp:1482) sys/motion/3 [SMC] Checking axis 0 motion status...
2026-02-02T16:40:36,224826+0800 DEBUG (motion_controller_device.cpp:1483) sys/motion/3 [SMC] smc_check_done(card_id=2, axis=0) [always_executed_hook]
2026-02-02T16:40:36,225720+0800 DEBUG (motion_controller_device.cpp:1486) sys/motion/3 [SMC] smc_check_done() returned: 0 (0=moving, 1=stopped)
2026-02-02T16:40:36,227057+0800 INFO (motion_controller_device.cpp:1482) sys/motion/3 [SMC] Checking axis 1 motion status...
2026-02-02T16:40:36,227150+0800 DEBUG (motion_controller_device.cpp:1483) sys/motion/3 [SMC] smc_check_done(card_id=2, axis=1) [always_executed_hook]
2026-02-02T16:40:36,228130+0800 DEBUG (motion_controller_device.cpp:1486) sys/motion/3 [SMC] smc_check_done() returned: 0 (0=moving, 1=stopped)
2026-02-02T16:40:36,228540+0800 INFO (motion_controller_device.cpp:1482) sys/motion/3 [SMC] Checking axis 2 motion status...
2026-02-02T16:40:36,228552+0800 DEBUG (motion_controller_device.cpp:1483) sys/motion/3 [SMC] smc_check_done(card_id=2, axis=2) [always_executed_hook]
2026-02-02T16:40:36,229640+0800 DEBUG (motion_controller_device.cpp:1486) sys/motion/3 [SMC] smc_check_done() returned: 0 (0=moving, 1=stopped)
2026-02-02T16:40:36,230853+0800 INFO (motion_controller_device.cpp:1482) sys/motion/3 [SMC] Checking axis 3 motion status...
2026-02-02T16:40:36,230876+0800 DEBUG (motion_controller_device.cpp:1483) sys/motion/3 [SMC] smc_check_done(card_id=2, axis=3) [always_executed_hook]
2026-02-02T16:40:36,231616+0800 DEBUG (motion_controller_device.cpp:1486) sys/motion/3 [SMC] smc_check_done() returned: 0 (0=moving, 1=stopped)
2026-02-02T16:40:36,232173+0800 INFO (motion_controller_device.cpp:1482) sys/motion/3 [SMC] Checking axis 4 motion status...
2026-02-02T16:40:36,232186+0800 DEBUG (motion_controller_device.cpp:1483) sys/motion/3 [SMC] smc_check_done(card_id=2, axis=4) [always_executed_hook]
2026-02-02T16:40:36,232795+0800 DEBUG (motion_controller_device.cpp:1486) sys/motion/3 [SMC] smc_check_done() returned: 0 (0=moving, 1=stopped)
2026-02-02T16:40:36,233618+0800 INFO (motion_controller_device.cpp:1482) sys/motion/3 [SMC] Checking axis 5 motion status...
2026-02-02T16:40:36,233705+0800 DEBUG (motion_controller_device.cpp:1483) sys/motion/3 [SMC] smc_check_done(card_id=2, axis=5) [always_executed_hook]
2026-02-02T16:40:36,234391+0800 DEBUG (motion_controller_device.cpp:1486) sys/motion/3 [SMC] smc_check_done() returned: 0 (0=moving, 1=stopped)
2026-02-02T16:40:36,235728+0800 DEBUG (motion_controller_device.cpp:1102) sys/motion/3 [SMC] smc_read_eln_pin(card_id=2, axis=1)
2026-02-02T16:40:36,235764+0800 DEBUG (motion_controller_device.cpp:1103) sys/motion/3 [SMC] smc_read_elp_pin() returned: 1
2026-02-02T16:40:36,236406+0800 DEBUG (motion_controller_device.cpp:1105) sys/motion/3 [SMC] smc_read_eln_pin(card_id=2, axis=1)
2026-02-02T16:40:36,236507+0800 DEBUG (motion_controller_device.cpp:1106) sys/motion/3 [SMC] smc_read_eln_pin() returned: 1
2026-02-02T16:40:36,236918+0800 INFO (motion_controller_device.cpp:1482) sys/motion/3 [SMC] Checking axis 0 motion status...
2026-02-02T16:40:36,236937+0800 DEBUG (motion_controller_device.cpp:1483) sys/motion/3 [SMC] smc_check_done(card_id=2, axis=0) [always_executed_hook]
2026-02-02T16:40:36,237612+0800 DEBUG (motion_controller_device.cpp:1486) sys/motion/3 [SMC] smc_check_done() returned: 0 (0=moving, 1=stopped)
2026-02-02T16:40:36,238350+0800 INFO (motion_controller_device.cpp:1482) sys/motion/3 [SMC] Checking axis 1 motion status...
2026-02-02T16:40:36,238365+0800 DEBUG (motion_controller_device.cpp:1483) sys/motion/3 [SMC] smc_check_done(card_id=2, axis=1) [always_executed_hook]
2026-02-02T16:40:36,238984+0800 DEBUG (motion_controller_device.cpp:1486) sys/motion/3 [SMC] smc_check_done() returned: 0 (0=moving, 1=stopped)
2026-02-02T16:40:36,239764+0800 INFO (motion_controller_device.cpp:1482) sys/motion/3 [SMC] Checking axis 2 motion status...
2026-02-02T16:40:36,239821+0800 DEBUG (motion_controller_device.cpp:1483) sys/motion/3 [SMC] smc_check_done(card_id=2, axis=2) [always_executed_hook]
2026-02-02T16:40:36,240577+0800 DEBUG (motion_controller_device.cpp:1486) sys/motion/3 [SMC] smc_check_done() returned: 0 (0=moving, 1=stopped)
2026-02-02T16:40:36,241238+0800 INFO (motion_controller_device.cpp:1482) sys/motion/3 [SMC] Checking axis 3 motion status...
2026-02-02T16:40:36,241251+0800 DEBUG (motion_controller_device.cpp:1483) sys/motion/3 [SMC] smc_check_done(card_id=2, axis=3) [always_executed_hook]
2026-02-02T16:40:36,241866+0800 DEBUG (motion_controller_device.cpp:1486) sys/motion/3 [SMC] smc_check_done() returned: 0 (0=moving, 1=stopped)
2026-02-02T16:40:36,242561+0800 INFO (motion_controller_device.cpp:1482) sys/motion/3 [SMC] Checking axis 4 motion status...
2026-02-02T16:40:36,242572+0800 DEBUG (motion_controller_device.cpp:1483) sys/motion/3 [SMC] smc_check_done(card_id=2, axis=4) [always_executed_hook]
2026-02-02T16:40:36,243131+0800 DEBUG (motion_controller_device.cpp:1486) sys/motion/3 [SMC] smc_check_done() returned: 0 (0=moving, 1=stopped)
2026-02-02T16:40:36,243716+0800 INFO (motion_controller_device.cpp:1482) sys/motion/3 [SMC] Checking axis 5 motion status...
2026-02-02T16:40:36,243731+0800 DEBUG (motion_controller_device.cpp:1483) sys/motion/3 [SMC] smc_check_done(card_id=2, axis=5) [always_executed_hook]
2026-02-02T16:40:36,244414+0800 DEBUG (motion_controller_device.cpp:1486) sys/motion/3 [SMC] smc_check_done() returned: 0 (0=moving, 1=stopped)
2026-02-02T16:40:36,245364+0800 DEBUG (motion_controller_device.cpp:1102) sys/motion/3 [SMC] smc_read_eln_pin(card_id=2, axis=2)
2026-02-02T16:40:36,245376+0800 DEBUG (motion_controller_device.cpp:1103) sys/motion/3 [SMC] smc_read_elp_pin() returned: 1
2026-02-02T16:40:36,245903+0800 DEBUG (motion_controller_device.cpp:1105) sys/motion/3 [SMC] smc_read_eln_pin(card_id=2, axis=2)
2026-02-02T16:40:36,245910+0800 DEBUG (motion_controller_device.cpp:1106) sys/motion/3 [SMC] smc_read_eln_pin() returned: 1
2026-02-02T16:40:36,246231+0800 INFO (motion_controller_device.cpp:1482) sys/motion/3 [SMC] Checking axis 0 motion status...
2026-02-02T16:40:36,246339+0800 DEBUG (motion_controller_device.cpp:1483) sys/motion/3 [SMC] smc_check_done(card_id=2, axis=0) [always_executed_hook]
2026-02-02T16:40:36,247127+0800 DEBUG (motion_controller_device.cpp:1486) sys/motion/3 [SMC] smc_check_done() returned: 0 (0=moving, 1=stopped)
2026-02-02T16:40:36,247622+0800 INFO (motion_controller_device.cpp:1482) sys/motion/3 [SMC] Checking axis 1 motion status...
2026-02-02T16:40:36,247634+0800 DEBUG (motion_controller_device.cpp:1483) sys/motion/3 [SMC] smc_check_done(card_id=2, axis=1) [always_executed_hook]
2026-02-02T16:40:36,248111+0800 DEBUG (motion_controller_device.cpp:1486) sys/motion/3 [SMC] smc_check_done() returned: 0 (0=moving, 1=stopped)
2026-02-02T16:40:36,248798+0800 INFO (motion_controller_device.cpp:1482) sys/motion/3 [SMC] Checking axis 2 motion status...
2026-02-02T16:40:36,248872+0800 DEBUG (motion_controller_device.cpp:1483) sys/motion/3 [SMC] smc_check_done(card_id=2, axis=2) [always_executed_hook]
2026-02-02T16:40:36,249552+0800 DEBUG (motion_controller_device.cpp:1486) sys/motion/3 [SMC] smc_check_done() returned: 0 (0=moving, 1=stopped)
2026-02-02T16:40:36,250035+0800 INFO (motion_controller_device.cpp:1482) sys/motion/3 [SMC] Checking axis 3 motion status...
2026-02-02T16:40:36,250046+0800 DEBUG (motion_controller_device.cpp:1483) sys/motion/3 [SMC] smc_check_done(card_id=2, axis=3) [always_executed_hook]
2026-02-02T16:40:36,250506+0800 DEBUG (motion_controller_device.cpp:1486) sys/motion/3 [SMC] smc_check_done() returned: 0 (0=moving, 1=stopped)
2026-02-02T16:40:36,251095+0800 INFO (motion_controller_device.cpp:1482) sys/motion/3 [SMC] Checking axis 4 motion status...
2026-02-02T16:40:36,251106+0800 DEBUG (motion_controller_device.cpp:1483) sys/motion/3 [SMC] smc_check_done(card_id=2, axis=4) [always_executed_hook]
2026-02-02T16:40:36,251750+0800 DEBUG (motion_controller_device.cpp:1486) sys/motion/3 [SMC] smc_check_done() returned: 0 (0=moving, 1=stopped)
2026-02-02T16:40:36,252336+0800 INFO (motion_controller_device.cpp:1482) sys/motion/3 [SMC] Checking axis 5 motion status...
2026-02-02T16:40:36,252359+0800 DEBUG (motion_controller_device.cpp:1483) sys/motion/3 [SMC] smc_check_done(card_id=2, axis=5) [always_executed_hook]
2026-02-02T16:40:36,252999+0800 DEBUG (motion_controller_device.cpp:1486) sys/motion/3 [SMC] smc_check_done() returned: 0 (0=moving, 1=stopped)
2026-02-02T16:40:36,254205+0800 DEBUG (motion_controller_device.cpp:1102) sys/motion/3 [SMC] smc_read_eln_pin(card_id=2, axis=3)
2026-02-02T16:40:36,254256+0800 DEBUG (motion_controller_device.cpp:1103) sys/motion/3 [SMC] smc_read_elp_pin() returned: 1
2026-02-02T16:40:36,254726+0800 DEBUG (motion_controller_device.cpp:1105) sys/motion/3 [SMC] smc_read_eln_pin(card_id=2, axis=3)
2026-02-02T16:40:36,254736+0800 DEBUG (motion_controller_device.cpp:1106) sys/motion/3 [SMC] smc_read_eln_pin() returned: 1
2026-02-02T16:40:36,255018+0800 INFO (motion_controller_device.cpp:1482) sys/motion/3 [SMC] Checking axis 0 motion status...
2026-02-02T16:40:36,255036+0800 DEBUG (motion_controller_device.cpp:1483) sys/motion/3 [SMC] smc_check_done(card_id=2, axis=0) [always_executed_hook]
2026-02-02T16:40:36,255540+0800 DEBUG (motion_controller_device.cpp:1486) sys/motion/3 [SMC] smc_check_done() returned: 0 (0=moving, 1=stopped)
2026-02-02T16:40:36,256002+0800 INFO (motion_controller_device.cpp:1482) sys/motion/3 [SMC] Checking axis 1 motion status...
2026-02-02T16:40:36,256014+0800 DEBUG (motion_controller_device.cpp:1483) sys/motion/3 [SMC] smc_check_done(card_id=2, axis=1) [always_executed_hook]
2026-02-02T16:40:36,256582+0800 DEBUG (motion_controller_device.cpp:1486) sys/motion/3 [SMC] smc_check_done() returned: 0 (0=moving, 1=stopped)
2026-02-02T16:40:36,257047+0800 INFO (motion_controller_device.cpp:1482) sys/motion/3 [SMC] Checking axis 2 motion status...
2026-02-02T16:40:36,257057+0800 DEBUG (motion_controller_device.cpp:1483) sys/motion/3 [SMC] smc_check_done(card_id=2, axis=2) [always_executed_hook]
2026-02-02T16:40:36,257515+0800 DEBUG (motion_controller_device.cpp:1486) sys/motion/3 [SMC] smc_check_done() returned: 0 (0=moving, 1=stopped)
2026-02-02T16:40:36,258221+0800 INFO (motion_controller_device.cpp:1482) sys/motion/3 [SMC] Checking axis 3 motion status...
2026-02-02T16:40:36,258233+0800 DEBUG (motion_controller_device.cpp:1483) sys/motion/3 [SMC] smc_check_done(card_id=2, axis=3) [always_executed_hook]
2026-02-02T16:40:36,258723+0800 DEBUG (motion_controller_device.cpp:1486) sys/motion/3 [SMC] smc_check_done() returned: 0 (0=moving, 1=stopped)
2026-02-02T16:40:36,259288+0800 INFO (motion_controller_device.cpp:1482) sys/motion/3 [SMC] Checking axis 4 motion status...
2026-02-02T16:40:36,259298+0800 DEBUG (motion_controller_device.cpp:1483) sys/motion/3 [SMC] smc_check_done(card_id=2, axis=4) [always_executed_hook]
2026-02-02T16:40:36,259913+0800 DEBUG (motion_controller_device.cpp:1486) sys/motion/3 [SMC] smc_check_done() returned: 0 (0=moving, 1=stopped)
2026-02-02T16:40:36,260410+0800 INFO (motion_controller_device.cpp:1482) sys/motion/3 [SMC] Checking axis 5 motion status...
2026-02-02T16:40:36,260426+0800 DEBUG (motion_controller_device.cpp:1483) sys/motion/3 [SMC] smc_check_done(card_id=2, axis=5) [always_executed_hook]
2026-02-02T16:40:36,261035+0800 DEBUG (motion_controller_device.cpp:1486) sys/motion/3 [SMC] smc_check_done() returned: 0 (0=moving, 1=stopped)
2026-02-02T16:40:36,262004+0800 DEBUG (motion_controller_device.cpp:1102) sys/motion/3 [SMC] smc_read_eln_pin(card_id=2, axis=4)
2026-02-02T16:40:36,262017+0800 DEBUG (motion_controller_device.cpp:1103) sys/motion/3 [SMC] smc_read_elp_pin() returned: 1
2026-02-02T16:40:36,262405+0800 DEBUG (motion_controller_device.cpp:1105) sys/motion/3 [SMC] smc_read_eln_pin(card_id=2, axis=4)
2026-02-02T16:40:36,262415+0800 DEBUG (motion_controller_device.cpp:1106) sys/motion/3 [SMC] smc_read_eln_pin() returned: 1
2026-02-02T16:40:36,262629+0800 INFO (motion_controller_device.cpp:1482) sys/motion/3 [SMC] Checking axis 0 motion status...
2026-02-02T16:40:36,262639+0800 DEBUG (motion_controller_device.cpp:1483) sys/motion/3 [SMC] smc_check_done(card_id=2, axis=0) [always_executed_hook]
2026-02-02T16:40:36,263106+0800 DEBUG (motion_controller_device.cpp:1486) sys/motion/3 [SMC] smc_check_done() returned: 0 (0=moving, 1=stopped)
2026-02-02T16:40:36,263747+0800 INFO (motion_controller_device.cpp:1482) sys/motion/3 [SMC] Checking axis 1 motion status...
2026-02-02T16:40:36,263765+0800 DEBUG (motion_controller_device.cpp:1483) sys/motion/3 [SMC] smc_check_done(card_id=2, axis=1) [always_executed_hook]
2026-02-02T16:40:36,264367+0800 DEBUG (motion_controller_device.cpp:1486) sys/motion/3 [SMC] smc_check_done() returned: 0 (0=moving, 1=stopped)
2026-02-02T16:40:36,265003+0800 INFO (motion_controller_device.cpp:1482) sys/motion/3 [SMC] Checking axis 2 motion status...
2026-02-02T16:40:36,265016+0800 DEBUG (motion_controller_device.cpp:1483) sys/motion/3 [SMC] smc_check_done(card_id=2, axis=2) [always_executed_hook]
2026-02-02T16:40:36,265647+0800 DEBUG (motion_controller_device.cpp:1486) sys/motion/3 [SMC] smc_check_done() returned: 0 (0=moving, 1=stopped)
2026-02-02T16:40:36,275307+0800 INFO (motion_controller_device.cpp:1482) sys/motion/3 [SMC] Checking axis 3 motion status...
2026-02-02T16:40:36,275427+0800 DEBUG (motion_controller_device.cpp:1483) sys/motion/3 [SMC] smc_check_done(card_id=2, axis=3) [always_executed_hook]
2026-02-02T16:40:36,285242+0800 DEBUG (motion_controller_device.cpp:1486) sys/motion/3 [SMC] smc_check_done() returned: 0 (0=moving, 1=stopped)
2026-02-02T16:40:36,310505+0800 INFO (motion_controller_device.cpp:1482) sys/motion/3 [SMC] Checking axis 4 motion status...
2026-02-02T16:40:36,313285+0800 DEBUG (motion_controller_device.cpp:1483) sys/motion/3 [SMC] smc_check_done(card_id=2, axis=4) [always_executed_hook]
2026-02-02T16:40:36,317011+0800 DEBUG (motion_controller_device.cpp:1486) sys/motion/3 [SMC] smc_check_done() returned: 0 (0=moving, 1=stopped)
2026-02-02T16:40:36,317934+0800 INFO (motion_controller_device.cpp:1482) sys/motion/3 [SMC] Checking axis 5 motion status...
2026-02-02T16:40:36,317955+0800 DEBUG (motion_controller_device.cpp:1483) sys/motion/3 [SMC] smc_check_done(card_id=2, axis=5) [always_executed_hook]
2026-02-02T16:40:36,318584+0800 DEBUG (motion_controller_device.cpp:1486) sys/motion/3 [SMC] smc_check_done() returned: 0 (0=moving, 1=stopped)
2026-02-02T16:40:36,319761+0800 DEBUG (motion_controller_device.cpp:1102) sys/motion/3 [SMC] smc_read_eln_pin(card_id=2, axis=5)
2026-02-02T16:40:36,319788+0800 DEBUG (motion_controller_device.cpp:1103) sys/motion/3 [SMC] smc_read_elp_pin() returned: 1
2026-02-02T16:40:36,320318+0800 DEBUG (motion_controller_device.cpp:1105) sys/motion/3 [SMC] smc_read_eln_pin(card_id=2, axis=5)
2026-02-02T16:40:36,320327+0800 DEBUG (motion_controller_device.cpp:1106) sys/motion/3 [SMC] smc_read_eln_pin() returned: 1
2026-02-02T16:40:36,320625+0800 INFO (motion_controller_device.cpp:1482) sys/motion/3 [SMC] Checking axis 0 motion status...
2026-02-02T16:40:36,320636+0800 DEBUG (motion_controller_device.cpp:1483) sys/motion/3 [SMC] smc_check_done(card_id=2, axis=0) [always_executed_hook]
2026-02-02T16:40:36,321359+0800 DEBUG (motion_controller_device.cpp:1486) sys/motion/3 [SMC] smc_check_done() returned: 0 (0=moving, 1=stopped)
2026-02-02T16:40:36,322030+0800 INFO (motion_controller_device.cpp:1482) sys/motion/3 [SMC] Checking axis 1 motion status...
2026-02-02T16:40:36,322049+0800 DEBUG (motion_controller_device.cpp:1483) sys/motion/3 [SMC] smc_check_done(card_id=2, axis=1) [always_executed_hook]
2026-02-02T16:40:36,330919+0800 DEBUG (motion_controller_device.cpp:1486) sys/motion/3 [SMC] smc_check_done() returned: 0 (0=moving, 1=stopped)
2026-02-02T16:40:36,332731+0800 INFO (motion_controller_device.cpp:1482) sys/motion/3 [SMC] Checking axis 2 motion status...
2026-02-02T16:40:36,332804+0800 DEBUG (motion_controller_device.cpp:1483) sys/motion/3 [SMC] smc_check_done(card_id=2, axis=2) [always_executed_hook]
2026-02-02T16:40:36,333539+0800 DEBUG (motion_controller_device.cpp:1486) sys/motion/3 [SMC] smc_check_done() returned: 0 (0=moving, 1=stopped)
2026-02-02T16:40:36,334190+0800 INFO (motion_controller_device.cpp:1482) sys/motion/3 [SMC] Checking axis 3 motion status...
2026-02-02T16:40:36,334209+0800 DEBUG (motion_controller_device.cpp:1483) sys/motion/3 [SMC] smc_check_done(card_id=2, axis=3) [always_executed_hook]
2026-02-02T16:40:36,334722+0800 DEBUG (motion_controller_device.cpp:1486) sys/motion/3 [SMC] smc_check_done() returned: 0 (0=moving, 1=stopped)
2026-02-02T16:40:36,335295+0800 INFO (motion_controller_device.cpp:1482) sys/motion/3 [SMC] Checking axis 4 motion status...
2026-02-02T16:40:36,335317+0800 DEBUG (motion_controller_device.cpp:1483) sys/motion/3 [SMC] smc_check_done(card_id=2, axis=4) [always_executed_hook]
2026-02-02T16:40:36,335778+0800 DEBUG (motion_controller_device.cpp:1486) sys/motion/3 [SMC] smc_check_done() returned: 0 (0=moving, 1=stopped)
2026-02-02T16:40:36,336280+0800 INFO (motion_controller_device.cpp:1482) sys/motion/3 [SMC] Checking axis 5 motion status...
2026-02-02T16:40:36,336291+0800 DEBUG (motion_controller_device.cpp:1483) sys/motion/3 [SMC] smc_check_done(card_id=2, axis=5) [always_executed_hook]
2026-02-02T16:40:36,336697+0800 DEBUG (motion_controller_device.cpp:1486) sys/motion/3 [SMC] smc_check_done() returned: 0 (0=moving, 1=stopped)
2026-02-02T16:40:36,839722+0800 INFO (motion_controller_device.cpp:1482) sys/motion/3 [SMC] Checking axis 0 motion status...
2026-02-02T16:40:36,839764+0800 DEBUG (motion_controller_device.cpp:1483) sys/motion/3 [SMC] smc_check_done(card_id=2, axis=0) [always_executed_hook]
2026-02-02T16:40:36,840471+0800 DEBUG (motion_controller_device.cpp:1486) sys/motion/3 [SMC] smc_check_done() returned: 0 (0=moving, 1=stopped)
2026-02-02T16:40:36,841094+0800 INFO (motion_controller_device.cpp:1482) sys/motion/3 [SMC] Checking axis 1 motion status...
2026-02-02T16:40:36,841116+0800 DEBUG (motion_controller_device.cpp:1483) sys/motion/3 [SMC] smc_check_done(card_id=2, axis=1) [always_executed_hook]
2026-02-02T16:40:36,841562+0800 DEBUG (motion_controller_device.cpp:1486) sys/motion/3 [SMC] smc_check_done() returned: 0 (0=moving, 1=stopped)
2026-02-02T16:40:36,842114+0800 INFO (motion_controller_device.cpp:1482) sys/motion/3 [SMC] Checking axis 2 motion status...
2026-02-02T16:40:36,842122+0800 DEBUG (motion_controller_device.cpp:1483) sys/motion/3 [SMC] smc_check_done(card_id=2, axis=2) [always_executed_hook]
2026-02-02T16:40:36,842494+0800 DEBUG (motion_controller_device.cpp:1486) sys/motion/3 [SMC] smc_check_done() returned: 0 (0=moving, 1=stopped)
2026-02-02T16:40:36,842941+0800 INFO (motion_controller_device.cpp:1482) sys/motion/3 [SMC] Checking axis 3 motion status...
2026-02-02T16:40:36,842960+0800 DEBUG (motion_controller_device.cpp:1483) sys/motion/3 [SMC] smc_check_done(card_id=2, axis=3) [always_executed_hook]
2026-02-02T16:40:36,843426+0800 DEBUG (motion_controller_device.cpp:1486) sys/motion/3 [SMC] smc_check_done() returned: 0 (0=moving, 1=stopped)
2026-02-02T16:40:36,843845+0800 INFO (motion_controller_device.cpp:1482) sys/motion/3 [SMC] Checking axis 4 motion status...
2026-02-02T16:40:36,843856+0800 DEBUG (motion_controller_device.cpp:1483) sys/motion/3 [SMC] smc_check_done(card_id=2, axis=4) [always_executed_hook]
2026-02-02T16:40:36,844294+0800 DEBUG (motion_controller_device.cpp:1486) sys/motion/3 [SMC] smc_check_done() returned: 0 (0=moving, 1=stopped)
2026-02-02T16:40:36,844677+0800 INFO (motion_controller_device.cpp:1482) sys/motion/3 [SMC] Checking axis 5 motion status...
2026-02-02T16:40:36,844684+0800 DEBUG (motion_controller_device.cpp:1483) sys/motion/3 [SMC] smc_check_done(card_id=2, axis=5) [always_executed_hook]
2026-02-02T16:40:36,845055+0800 DEBUG (motion_controller_device.cpp:1486) sys/motion/3 [SMC] smc_check_done() returned: 0 (0=moving, 1=stopped)
2026-02-02T16:40:36,845902+0800 DEBUG (motion_controller_device.cpp:1102) sys/motion/3 [SMC] smc_read_eln_pin(card_id=2, axis=0)
2026-02-02T16:40:36,845912+0800 DEBUG (motion_controller_device.cpp:1103) sys/motion/3 [SMC] smc_read_elp_pin() returned: 1
2026-02-02T16:40:36,846391+0800 DEBUG (motion_controller_device.cpp:1105) sys/motion/3 [SMC] smc_read_eln_pin(card_id=2, axis=0)
2026-02-02T16:40:36,846397+0800 DEBUG (motion_controller_device.cpp:1106) sys/motion/3 [SMC] smc_read_eln_pin() returned: 1
2026-02-02T16:40:36,846560+0800 INFO (motion_controller_device.cpp:1482) sys/motion/3 [SMC] Checking axis 0 motion status...
2026-02-02T16:40:36,846567+0800 DEBUG (motion_controller_device.cpp:1483) sys/motion/3 [SMC] smc_check_done(card_id=2, axis=0) [always_executed_hook]
2026-02-02T16:40:36,847099+0800 DEBUG (motion_controller_device.cpp:1486) sys/motion/3 [SMC] smc_check_done() returned: 0 (0=moving, 1=stopped)
2026-02-02T16:40:36,847667+0800 INFO (motion_controller_device.cpp:1482) sys/motion/3 [SMC] Checking axis 1 motion status...
2026-02-02T16:40:36,847673+0800 DEBUG (motion_controller_device.cpp:1483) sys/motion/3 [SMC] smc_check_done(card_id=2, axis=1) [always_executed_hook]
2026-02-02T16:40:36,848088+0800 DEBUG (motion_controller_device.cpp:1486) sys/motion/3 [SMC] smc_check_done() returned: 0 (0=moving, 1=stopped)
2026-02-02T16:40:36,848558+0800 INFO (motion_controller_device.cpp:1482) sys/motion/3 [SMC] Checking axis 2 motion status...
2026-02-02T16:40:36,848564+0800 DEBUG (motion_controller_device.cpp:1483) sys/motion/3 [SMC] smc_check_done(card_id=2, axis=2) [always_executed_hook]
2026-02-02T16:40:36,848969+0800 DEBUG (motion_controller_device.cpp:1486) sys/motion/3 [SMC] smc_check_done() returned: 0 (0=moving, 1=stopped)
2026-02-02T16:40:36,849509+0800 INFO (motion_controller_device.cpp:1482) sys/motion/3 [SMC] Checking axis 3 motion status...
2026-02-02T16:40:36,849523+0800 DEBUG (motion_controller_device.cpp:1483) sys/motion/3 [SMC] smc_check_done(card_id=2, axis=3) [always_executed_hook]
2026-02-02T16:40:36,850099+0800 DEBUG (motion_controller_device.cpp:1486) sys/motion/3 [SMC] smc_check_done() returned: 0 (0=moving, 1=stopped)
2026-02-02T16:40:36,850680+0800 INFO (motion_controller_device.cpp:1482) sys/motion/3 [SMC] Checking axis 4 motion status...
2026-02-02T16:40:36,850685+0800 DEBUG (motion_controller_device.cpp:1483) sys/motion/3 [SMC] smc_check_done(card_id=2, axis=4) [always_executed_hook]
2026-02-02T16:40:36,851082+0800 DEBUG (motion_controller_device.cpp:1486) sys/motion/3 [SMC] smc_check_done() returned: 0 (0=moving, 1=stopped)
2026-02-02T16:40:36,851714+0800 INFO (motion_controller_device.cpp:1482) sys/motion/3 [SMC] Checking axis 5 motion status...
2026-02-02T16:40:36,851720+0800 DEBUG (motion_controller_device.cpp:1483) sys/motion/3 [SMC] smc_check_done(card_id=2, axis=5) [always_executed_hook]
2026-02-02T16:40:36,852197+0800 DEBUG (motion_controller_device.cpp:1486) sys/motion/3 [SMC] smc_check_done() returned: 0 (0=moving, 1=stopped)
2026-02-02T16:40:36,853064+0800 DEBUG (motion_controller_device.cpp:1102) sys/motion/3 [SMC] smc_read_eln_pin(card_id=2, axis=1)
2026-02-02T16:40:36,853071+0800 DEBUG (motion_controller_device.cpp:1103) sys/motion/3 [SMC] smc_read_elp_pin() returned: 1
2026-02-02T16:40:36,853510+0800 DEBUG (motion_controller_device.cpp:1105) sys/motion/3 [SMC] smc_read_eln_pin(card_id=2, axis=1)
2026-02-02T16:40:36,853521+0800 DEBUG (motion_controller_device.cpp:1106) sys/motion/3 [SMC] smc_read_eln_pin() returned: 1
2026-02-02T16:40:36,853625+0800 INFO (motion_controller_device.cpp:1482) sys/motion/3 [SMC] Checking axis 0 motion status...
2026-02-02T16:40:36,853633+0800 DEBUG (motion_controller_device.cpp:1483) sys/motion/3 [SMC] smc_check_done(card_id=2, axis=0) [always_executed_hook]
2026-02-02T16:40:36,854099+0800 DEBUG (motion_controller_device.cpp:1486) sys/motion/3 [SMC] smc_check_done() returned: 0 (0=moving, 1=stopped)
2026-02-02T16:40:36,854466+0800 INFO (motion_controller_device.cpp:1482) sys/motion/3 [SMC] Checking axis 1 motion status...
2026-02-02T16:40:36,854472+0800 DEBUG (motion_controller_device.cpp:1483) sys/motion/3 [SMC] smc_check_done(card_id=2, axis=1) [always_executed_hook]
2026-02-02T16:40:36,855125+0800 DEBUG (motion_controller_device.cpp:1486) sys/motion/3 [SMC] smc_check_done() returned: 0 (0=moving, 1=stopped)
2026-02-02T16:40:36,855622+0800 INFO (motion_controller_device.cpp:1482) sys/motion/3 [SMC] Checking axis 2 motion status...
2026-02-02T16:40:36,855632+0800 DEBUG (motion_controller_device.cpp:1483) sys/motion/3 [SMC] smc_check_done(card_id=2, axis=2) [always_executed_hook]
2026-02-02T16:40:36,856126+0800 DEBUG (motion_controller_device.cpp:1486) sys/motion/3 [SMC] smc_check_done() returned: 0 (0=moving, 1=stopped)
2026-02-02T16:40:36,856679+0800 INFO (motion_controller_device.cpp:1482) sys/motion/3 [SMC] Checking axis 3 motion status...
2026-02-02T16:40:36,856686+0800 DEBUG (motion_controller_device.cpp:1483) sys/motion/3 [SMC] smc_check_done(card_id=2, axis=3) [always_executed_hook]
2026-02-02T16:40:36,857411+0800 DEBUG (motion_controller_device.cpp:1486) sys/motion/3 [SMC] smc_check_done() returned: 0 (0=moving, 1=stopped)
2026-02-02T16:40:36,857962+0800 INFO (motion_controller_device.cpp:1482) sys/motion/3 [SMC] Checking axis 4 motion status...
2026-02-02T16:40:36,857971+0800 DEBUG (motion_controller_device.cpp:1483) sys/motion/3 [SMC] smc_check_done(card_id=2, axis=4) [always_executed_hook]
2026-02-02T16:40:36,858519+0800 DEBUG (motion_controller_device.cpp:1486) sys/motion/3 [SMC] smc_check_done() returned: 0 (0=moving, 1=stopped)
2026-02-02T16:40:36,858870+0800 INFO (motion_controller_device.cpp:1482) sys/motion/3 [SMC] Checking axis 5 motion status...
2026-02-02T16:40:36,858876+0800 DEBUG (motion_controller_device.cpp:1483) sys/motion/3 [SMC] smc_check_done(card_id=2, axis=5) [always_executed_hook]
2026-02-02T16:40:36,859526+0800 DEBUG (motion_controller_device.cpp:1486) sys/motion/3 [SMC] smc_check_done() returned: 0 (0=moving, 1=stopped)
2026-02-02T16:40:36,860485+0800 DEBUG (motion_controller_device.cpp:1102) sys/motion/3 [SMC] smc_read_eln_pin(card_id=2, axis=2)
2026-02-02T16:40:36,860503+0800 DEBUG (motion_controller_device.cpp:1103) sys/motion/3 [SMC] smc_read_elp_pin() returned: 1
2026-02-02T16:40:36,860891+0800 DEBUG (motion_controller_device.cpp:1105) sys/motion/3 [SMC] smc_read_eln_pin(card_id=2, axis=2)
2026-02-02T16:40:36,860898+0800 DEBUG (motion_controller_device.cpp:1106) sys/motion/3 [SMC] smc_read_eln_pin() returned: 1
2026-02-02T16:40:36,861066+0800 INFO (motion_controller_device.cpp:1482) sys/motion/3 [SMC] Checking axis 0 motion status...
2026-02-02T16:40:36,861080+0800 DEBUG (motion_controller_device.cpp:1483) sys/motion/3 [SMC] smc_check_done(card_id=2, axis=0) [always_executed_hook]
2026-02-02T16:40:36,861615+0800 DEBUG (motion_controller_device.cpp:1486) sys/motion/3 [SMC] smc_check_done() returned: 0 (0=moving, 1=stopped)
2026-02-02T16:40:36,862086+0800 INFO (motion_controller_device.cpp:1482) sys/motion/3 [SMC] Checking axis 1 motion status...
2026-02-02T16:40:36,862099+0800 DEBUG (motion_controller_device.cpp:1483) sys/motion/3 [SMC] smc_check_done(card_id=2, axis=1) [always_executed_hook]
2026-02-02T16:40:36,862679+0800 DEBUG (motion_controller_device.cpp:1486) sys/motion/3 [SMC] smc_check_done() returned: 0 (0=moving, 1=stopped)
2026-02-02T16:40:36,863031+0800 INFO (motion_controller_device.cpp:1482) sys/motion/3 [SMC] Checking axis 2 motion status...
2026-02-02T16:40:36,863041+0800 DEBUG (motion_controller_device.cpp:1483) sys/motion/3 [SMC] smc_check_done(card_id=2, axis=2) [always_executed_hook]
2026-02-02T16:40:36,863456+0800 DEBUG (motion_controller_device.cpp:1486) sys/motion/3 [SMC] smc_check_done() returned: 0 (0=moving, 1=stopped)
2026-02-02T16:40:36,863836+0800 INFO (motion_controller_device.cpp:1482) sys/motion/3 [SMC] Checking axis 3 motion status...
2026-02-02T16:40:36,863846+0800 DEBUG (motion_controller_device.cpp:1483) sys/motion/3 [SMC] smc_check_done(card_id=2, axis=3) [always_executed_hook]
2026-02-02T16:40:36,864349+0800 DEBUG (motion_controller_device.cpp:1486) sys/motion/3 [SMC] smc_check_done() returned: 0 (0=moving, 1=stopped)
2026-02-02T16:40:36,864771+0800 INFO (motion_controller_device.cpp:1482) sys/motion/3 [SMC] Checking axis 4 motion status...
2026-02-02T16:40:36,864781+0800 DEBUG (motion_controller_device.cpp:1483) sys/motion/3 [SMC] smc_check_done(card_id=2, axis=4) [always_executed_hook]
2026-02-02T16:40:36,865360+0800 DEBUG (motion_controller_device.cpp:1486) sys/motion/3 [SMC] smc_check_done() returned: 0 (0=moving, 1=stopped)
2026-02-02T16:40:36,866006+0800 INFO (motion_controller_device.cpp:1482) sys/motion/3 [SMC] Checking axis 5 motion status...
2026-02-02T16:40:36,866015+0800 DEBUG (motion_controller_device.cpp:1483) sys/motion/3 [SMC] smc_check_done(card_id=2, axis=5) [always_executed_hook]
2026-02-02T16:40:36,866581+0800 DEBUG (motion_controller_device.cpp:1486) sys/motion/3 [SMC] smc_check_done() returned: 0 (0=moving, 1=stopped)
2026-02-02T16:40:36,867570+0800 DEBUG (motion_controller_device.cpp:1102) sys/motion/3 [SMC] smc_read_eln_pin(card_id=2, axis=3)
2026-02-02T16:40:36,867586+0800 DEBUG (motion_controller_device.cpp:1103) sys/motion/3 [SMC] smc_read_elp_pin() returned: 1
2026-02-02T16:40:36,868122+0800 DEBUG (motion_controller_device.cpp:1105) sys/motion/3 [SMC] smc_read_eln_pin(card_id=2, axis=3)
2026-02-02T16:40:36,868129+0800 DEBUG (motion_controller_device.cpp:1106) sys/motion/3 [SMC] smc_read_eln_pin() returned: 1
2026-02-02T16:40:36,868333+0800 INFO (motion_controller_device.cpp:1482) sys/motion/3 [SMC] Checking axis 0 motion status...
2026-02-02T16:40:36,868351+0800 DEBUG (motion_controller_device.cpp:1483) sys/motion/3 [SMC] smc_check_done(card_id=2, axis=0) [always_executed_hook]
2026-02-02T16:40:36,868832+0800 DEBUG (motion_controller_device.cpp:1486) sys/motion/3 [SMC] smc_check_done() returned: 0 (0=moving, 1=stopped)
2026-02-02T16:40:36,869371+0800 INFO (motion_controller_device.cpp:1482) sys/motion/3 [SMC] Checking axis 1 motion status...
2026-02-02T16:40:36,869380+0800 DEBUG (motion_controller_device.cpp:1483) sys/motion/3 [SMC] smc_check_done(card_id=2, axis=1) [always_executed_hook]
2026-02-02T16:40:36,869914+0800 DEBUG (motion_controller_device.cpp:1486) sys/motion/3 [SMC] smc_check_done() returned: 0 (0=moving, 1=stopped)
2026-02-02T16:40:36,870442+0800 INFO (motion_controller_device.cpp:1482) sys/motion/3 [SMC] Checking axis 2 motion status...
2026-02-02T16:40:36,870454+0800 DEBUG (motion_controller_device.cpp:1483) sys/motion/3 [SMC] smc_check_done(card_id=2, axis=2) [always_executed_hook]
2026-02-02T16:40:36,871041+0800 DEBUG (motion_controller_device.cpp:1486) sys/motion/3 [SMC] smc_check_done() returned: 0 (0=moving, 1=stopped)
2026-02-02T16:40:36,871588+0800 INFO (motion_controller_device.cpp:1482) sys/motion/3 [SMC] Checking axis 3 motion status...
2026-02-02T16:40:36,871595+0800 DEBUG (motion_controller_device.cpp:1483) sys/motion/3 [SMC] smc_check_done(card_id=2, axis=3) [always_executed_hook]
2026-02-02T16:40:36,872092+0800 DEBUG (motion_controller_device.cpp:1486) sys/motion/3 [SMC] smc_check_done() returned: 0 (0=moving, 1=stopped)
2026-02-02T16:40:36,872660+0800 INFO (motion_controller_device.cpp:1482) sys/motion/3 [SMC] Checking axis 4 motion status...
2026-02-02T16:40:36,872667+0800 DEBUG (motion_controller_device.cpp:1483) sys/motion/3 [SMC] smc_check_done(card_id=2, axis=4) [always_executed_hook]
2026-02-02T16:40:36,873018+0800 DEBUG (motion_controller_device.cpp:1486) sys/motion/3 [SMC] smc_check_done() returned: 0 (0=moving, 1=stopped)
2026-02-02T16:40:36,873666+0800 INFO (motion_controller_device.cpp:1482) sys/motion/3 [SMC] Checking axis 5 motion status...
2026-02-02T16:40:36,873672+0800 DEBUG (motion_controller_device.cpp:1483) sys/motion/3 [SMC] smc_check_done(card_id=2, axis=5) [always_executed_hook]
2026-02-02T16:40:36,874060+0800 DEBUG (motion_controller_device.cpp:1486) sys/motion/3 [SMC] smc_check_done() returned: 0 (0=moving, 1=stopped)
2026-02-02T16:40:36,875011+0800 DEBUG (motion_controller_device.cpp:1102) sys/motion/3 [SMC] smc_read_eln_pin(card_id=2, axis=4)
2026-02-02T16:40:36,875022+0800 DEBUG (motion_controller_device.cpp:1103) sys/motion/3 [SMC] smc_read_elp_pin() returned: 1
2026-02-02T16:40:36,875624+0800 DEBUG (motion_controller_device.cpp:1105) sys/motion/3 [SMC] smc_read_eln_pin(card_id=2, axis=4)
2026-02-02T16:40:36,875637+0800 DEBUG (motion_controller_device.cpp:1106) sys/motion/3 [SMC] smc_read_eln_pin() returned: 1
2026-02-02T16:40:36,875885+0800 INFO (motion_controller_device.cpp:1482) sys/motion/3 [SMC] Checking axis 0 motion status...
2026-02-02T16:40:36,875900+0800 DEBUG (motion_controller_device.cpp:1483) sys/motion/3 [SMC] smc_check_done(card_id=2, axis=0) [always_executed_hook]
2026-02-02T16:40:36,876595+0800 DEBUG (motion_controller_device.cpp:1486) sys/motion/3 [SMC] smc_check_done() returned: 0 (0=moving, 1=stopped)
2026-02-02T16:40:36,877886+0800 INFO (motion_controller_device.cpp:1482) sys/motion/3 [SMC] Checking axis 1 motion status...
2026-02-02T16:40:36,877904+0800 DEBUG (motion_controller_device.cpp:1483) sys/motion/3 [SMC] smc_check_done(card_id=2, axis=1) [always_executed_hook]
2026-02-02T16:40:36,878592+0800 DEBUG (motion_controller_device.cpp:1486) sys/motion/3 [SMC] smc_check_done() returned: 0 (0=moving, 1=stopped)
2026-02-02T16:40:36,879057+0800 INFO (motion_controller_device.cpp:1482) sys/motion/3 [SMC] Checking axis 2 motion status...
2026-02-02T16:40:36,879077+0800 DEBUG (motion_controller_device.cpp:1483) sys/motion/3 [SMC] smc_check_done(card_id=2, axis=2) [always_executed_hook]
2026-02-02T16:40:36,879536+0800 DEBUG (motion_controller_device.cpp:1486) sys/motion/3 [SMC] smc_check_done() returned: 0 (0=moving, 1=stopped)
2026-02-02T16:40:36,880124+0800 INFO (motion_controller_device.cpp:1482) sys/motion/3 [SMC] Checking axis 3 motion status...
2026-02-02T16:40:36,880131+0800 DEBUG (motion_controller_device.cpp:1483) sys/motion/3 [SMC] smc_check_done(card_id=2, axis=3) [always_executed_hook]
2026-02-02T16:40:36,880838+0800 DEBUG (motion_controller_device.cpp:1486) sys/motion/3 [SMC] smc_check_done() returned: 0 (0=moving, 1=stopped)
2026-02-02T16:40:36,881294+0800 INFO (motion_controller_device.cpp:1482) sys/motion/3 [SMC] Checking axis 4 motion status...
2026-02-02T16:40:36,881305+0800 DEBUG (motion_controller_device.cpp:1483) sys/motion/3 [SMC] smc_check_done(card_id=2, axis=4) [always_executed_hook]
2026-02-02T16:40:36,881906+0800 DEBUG (motion_controller_device.cpp:1486) sys/motion/3 [SMC] smc_check_done() returned: 0 (0=moving, 1=stopped)
2026-02-02T16:40:36,882353+0800 INFO (motion_controller_device.cpp:1482) sys/motion/3 [SMC] Checking axis 5 motion status...
2026-02-02T16:40:36,882359+0800 DEBUG (motion_controller_device.cpp:1483) sys/motion/3 [SMC] smc_check_done(card_id=2, axis=5) [always_executed_hook]
2026-02-02T16:40:36,882931+0800 DEBUG (motion_controller_device.cpp:1486) sys/motion/3 [SMC] smc_check_done() returned: 0 (0=moving, 1=stopped)
2026-02-02T16:40:36,883961+0800 DEBUG (motion_controller_device.cpp:1102) sys/motion/3 [SMC] smc_read_eln_pin(card_id=2, axis=5)
2026-02-02T16:40:36,883967+0800 DEBUG (motion_controller_device.cpp:1103) sys/motion/3 [SMC] smc_read_elp_pin() returned: 1
2026-02-02T16:40:36,886471+0800 DEBUG (motion_controller_device.cpp:1105) sys/motion/3 [SMC] smc_read_eln_pin(card_id=2, axis=5)
2026-02-02T16:40:36,886477+0800 DEBUG (motion_controller_device.cpp:1106) sys/motion/3 [SMC] smc_read_eln_pin() returned: 1
2026-02-02T16:40:36,886653+0800 INFO (motion_controller_device.cpp:1482) sys/motion/3 [SMC] Checking axis 0 motion status...
2026-02-02T16:40:36,886661+0800 DEBUG (motion_controller_device.cpp:1483) sys/motion/3 [SMC] smc_check_done(card_id=2, axis=0) [always_executed_hook]
2026-02-02T16:40:36,887323+0800 DEBUG (motion_controller_device.cpp:1486) sys/motion/3 [SMC] smc_check_done() returned: 0 (0=moving, 1=stopped)
2026-02-02T16:40:36,887798+0800 INFO (motion_controller_device.cpp:1482) sys/motion/3 [SMC] Checking axis 1 motion status...
2026-02-02T16:40:36,887805+0800 DEBUG (motion_controller_device.cpp:1483) sys/motion/3 [SMC] smc_check_done(card_id=2, axis=1) [always_executed_hook]
2026-02-02T16:40:36,888519+0800 DEBUG (motion_controller_device.cpp:1486) sys/motion/3 [SMC] smc_check_done() returned: 0 (0=moving, 1=stopped)
2026-02-02T16:40:36,889041+0800 INFO (motion_controller_device.cpp:1482) sys/motion/3 [SMC] Checking axis 2 motion status...
2026-02-02T16:40:36,889048+0800 DEBUG (motion_controller_device.cpp:1483) sys/motion/3 [SMC] smc_check_done(card_id=2, axis=2) [always_executed_hook]
2026-02-02T16:40:36,890663+0800 DEBUG (motion_controller_device.cpp:1486) sys/motion/3 [SMC] smc_check_done() returned: 0 (0=moving, 1=stopped)
2026-02-02T16:40:36,891714+0800 INFO (motion_controller_device.cpp:1482) sys/motion/3 [SMC] Checking axis 3 motion status...
2026-02-02T16:40:36,891722+0800 DEBUG (motion_controller_device.cpp:1483) sys/motion/3 [SMC] smc_check_done(card_id=2, axis=3) [always_executed_hook]
2026-02-02T16:40:36,892216+0800 DEBUG (motion_controller_device.cpp:1486) sys/motion/3 [SMC] smc_check_done() returned: 0 (0=moving, 1=stopped)
2026-02-02T16:40:36,892804+0800 INFO (motion_controller_device.cpp:1482) sys/motion/3 [SMC] Checking axis 4 motion status...
2026-02-02T16:40:36,892811+0800 DEBUG (motion_controller_device.cpp:1483) sys/motion/3 [SMC] smc_check_done(card_id=2, axis=4) [always_executed_hook]
2026-02-02T16:40:36,893230+0800 DEBUG (motion_controller_device.cpp:1486) sys/motion/3 [SMC] smc_check_done() returned: 0 (0=moving, 1=stopped)
2026-02-02T16:40:36,893768+0800 INFO (motion_controller_device.cpp:1482) sys/motion/3 [SMC] Checking axis 5 motion status...
2026-02-02T16:40:36,893780+0800 DEBUG (motion_controller_device.cpp:1483) sys/motion/3 [SMC] smc_check_done(card_id=2, axis=5) [always_executed_hook]
2026-02-02T16:40:36,894182+0800 DEBUG (motion_controller_device.cpp:1486) sys/motion/3 [SMC] smc_check_done() returned: 0 (0=moving, 1=stopped)
2026-02-02T16:40:37,396531+0800 INFO (motion_controller_device.cpp:1482) sys/motion/3 [SMC] Checking axis 0 motion status...
2026-02-02T16:40:37,396581+0800 DEBUG (motion_controller_device.cpp:1483) sys/motion/3 [SMC] smc_check_done(card_id=2, axis=0) [always_executed_hook]
2026-02-02T16:40:37,397284+0800 DEBUG (motion_controller_device.cpp:1486) sys/motion/3 [SMC] smc_check_done() returned: 0 (0=moving, 1=stopped)
2026-02-02T16:40:37,397743+0800 INFO (motion_controller_device.cpp:1482) sys/motion/3 [SMC] Checking axis 1 motion status...
2026-02-02T16:40:37,397756+0800 DEBUG (motion_controller_device.cpp:1483) sys/motion/3 [SMC] smc_check_done(card_id=2, axis=1) [always_executed_hook]
2026-02-02T16:40:37,398125+0800 DEBUG (motion_controller_device.cpp:1486) sys/motion/3 [SMC] smc_check_done() returned: 0 (0=moving, 1=stopped)
2026-02-02T16:40:37,398527+0800 INFO (motion_controller_device.cpp:1482) sys/motion/3 [SMC] Checking axis 2 motion status...
2026-02-02T16:40:37,398537+0800 DEBUG (motion_controller_device.cpp:1483) sys/motion/3 [SMC] smc_check_done(card_id=2, axis=2) [always_executed_hook]
2026-02-02T16:40:37,398957+0800 DEBUG (motion_controller_device.cpp:1486) sys/motion/3 [SMC] smc_check_done() returned: 0 (0=moving, 1=stopped)
2026-02-02T16:40:37,399289+0800 INFO (motion_controller_device.cpp:1482) sys/motion/3 [SMC] Checking axis 3 motion status...
2026-02-02T16:40:37,399296+0800 DEBUG (motion_controller_device.cpp:1483) sys/motion/3 [SMC] smc_check_done(card_id=2, axis=3) [always_executed_hook]
2026-02-02T16:40:37,399676+0800 DEBUG (motion_controller_device.cpp:1486) sys/motion/3 [SMC] smc_check_done() returned: 0 (0=moving, 1=stopped)
2026-02-02T16:40:37,400001+0800 INFO (motion_controller_device.cpp:1482) sys/motion/3 [SMC] Checking axis 4 motion status...
2026-02-02T16:40:37,400012+0800 DEBUG (motion_controller_device.cpp:1483) sys/motion/3 [SMC] smc_check_done(card_id=2, axis=4) [always_executed_hook]
2026-02-02T16:40:37,400389+0800 DEBUG (motion_controller_device.cpp:1486) sys/motion/3 [SMC] smc_check_done() returned: 0 (0=moving, 1=stopped)
2026-02-02T16:40:37,400730+0800 INFO (motion_controller_device.cpp:1482) sys/motion/3 [SMC] Checking axis 5 motion status...
2026-02-02T16:40:37,400737+0800 DEBUG (motion_controller_device.cpp:1483) sys/motion/3 [SMC] smc_check_done(card_id=2, axis=5) [always_executed_hook]
2026-02-02T16:40:37,401103+0800 DEBUG (motion_controller_device.cpp:1486) sys/motion/3 [SMC] smc_check_done() returned: 0 (0=moving, 1=stopped)
2026-02-02T16:40:37,401793+0800 DEBUG (motion_controller_device.cpp:1102) sys/motion/3 [SMC] smc_read_eln_pin(card_id=2, axis=0)
2026-02-02T16:40:37,401801+0800 DEBUG (motion_controller_device.cpp:1103) sys/motion/3 [SMC] smc_read_elp_pin() returned: 1
2026-02-02T16:40:37,402188+0800 DEBUG (motion_controller_device.cpp:1105) sys/motion/3 [SMC] smc_read_eln_pin(card_id=2, axis=0)
2026-02-02T16:40:37,402194+0800 DEBUG (motion_controller_device.cpp:1106) sys/motion/3 [SMC] smc_read_eln_pin() returned: 1
2026-02-02T16:40:37,402369+0800 INFO (motion_controller_device.cpp:1482) sys/motion/3 [SMC] Checking axis 0 motion status...
2026-02-02T16:40:37,402378+0800 DEBUG (motion_controller_device.cpp:1483) sys/motion/3 [SMC] smc_check_done(card_id=2, axis=0) [always_executed_hook]
2026-02-02T16:40:37,402842+0800 DEBUG (motion_controller_device.cpp:1486) sys/motion/3 [SMC] smc_check_done() returned: 0 (0=moving, 1=stopped)
2026-02-02T16:40:37,403285+0800 INFO (motion_controller_device.cpp:1482) sys/motion/3 [SMC] Checking axis 1 motion status...
2026-02-02T16:40:37,403292+0800 DEBUG (motion_controller_device.cpp:1483) sys/motion/3 [SMC] smc_check_done(card_id=2, axis=1) [always_executed_hook]
2026-02-02T16:40:37,403788+0800 DEBUG (motion_controller_device.cpp:1486) sys/motion/3 [SMC] smc_check_done() returned: 0 (0=moving, 1=stopped)
2026-02-02T16:40:37,404237+0800 INFO (motion_controller_device.cpp:1482) sys/motion/3 [SMC] Checking axis 2 motion status...
2026-02-02T16:40:37,404243+0800 DEBUG (motion_controller_device.cpp:1483) sys/motion/3 [SMC] smc_check_done(card_id=2, axis=2) [always_executed_hook]
2026-02-02T16:40:37,404612+0800 DEBUG (motion_controller_device.cpp:1486) sys/motion/3 [SMC] smc_check_done() returned: 0 (0=moving, 1=stopped)
2026-02-02T16:40:37,405160+0800 INFO (motion_controller_device.cpp:1482) sys/motion/3 [SMC] Checking axis 3 motion status...
2026-02-02T16:40:37,405176+0800 DEBUG (motion_controller_device.cpp:1483) sys/motion/3 [SMC] smc_check_done(card_id=2, axis=3) [always_executed_hook]
2026-02-02T16:40:37,405635+0800 DEBUG (motion_controller_device.cpp:1486) sys/motion/3 [SMC] smc_check_done() returned: 0 (0=moving, 1=stopped)
2026-02-02T16:40:37,406031+0800 INFO (motion_controller_device.cpp:1482) sys/motion/3 [SMC] Checking axis 4 motion status...
2026-02-02T16:40:37,406038+0800 DEBUG (motion_controller_device.cpp:1483) sys/motion/3 [SMC] smc_check_done(card_id=2, axis=4) [always_executed_hook]
2026-02-02T16:40:37,406385+0800 DEBUG (motion_controller_device.cpp:1486) sys/motion/3 [SMC] smc_check_done() returned: 0 (0=moving, 1=stopped)
2026-02-02T16:40:37,406864+0800 INFO (motion_controller_device.cpp:1482) sys/motion/3 [SMC] Checking axis 5 motion status...
2026-02-02T16:40:37,406878+0800 DEBUG (motion_controller_device.cpp:1483) sys/motion/3 [SMC] smc_check_done(card_id=2, axis=5) [always_executed_hook]
2026-02-02T16:40:37,407672+0800 DEBUG (motion_controller_device.cpp:1486) sys/motion/3 [SMC] smc_check_done() returned: 0 (0=moving, 1=stopped)
2026-02-02T16:40:37,408421+0800 DEBUG (motion_controller_device.cpp:1102) sys/motion/3 [SMC] smc_read_eln_pin(card_id=2, axis=1)
2026-02-02T16:40:37,408429+0800 DEBUG (motion_controller_device.cpp:1103) sys/motion/3 [SMC] smc_read_elp_pin() returned: 1
2026-02-02T16:40:37,408930+0800 DEBUG (motion_controller_device.cpp:1105) sys/motion/3 [SMC] smc_read_eln_pin(card_id=2, axis=1)
2026-02-02T16:40:37,408937+0800 DEBUG (motion_controller_device.cpp:1106) sys/motion/3 [SMC] smc_read_eln_pin() returned: 1
2026-02-02T16:40:37,409099+0800 INFO (motion_controller_device.cpp:1482) sys/motion/3 [SMC] Checking axis 0 motion status...
2026-02-02T16:40:37,409114+0800 DEBUG (motion_controller_device.cpp:1483) sys/motion/3 [SMC] smc_check_done(card_id=2, axis=0) [always_executed_hook]
2026-02-02T16:40:37,409461+0800 DEBUG (motion_controller_device.cpp:1486) sys/motion/3 [SMC] smc_check_done() returned: 0 (0=moving, 1=stopped)
2026-02-02T16:40:37,409916+0800 INFO (motion_controller_device.cpp:1482) sys/motion/3 [SMC] Checking axis 1 motion status...
2026-02-02T16:40:37,409929+0800 DEBUG (motion_controller_device.cpp:1483) sys/motion/3 [SMC] smc_check_done(card_id=2, axis=1) [always_executed_hook]
2026-02-02T16:40:37,410496+0800 DEBUG (motion_controller_device.cpp:1486) sys/motion/3 [SMC] smc_check_done() returned: 1 (0=moving, 1=stopped)
2026-02-02T16:40:37,410537+0800 INFO (motion_controller_device.cpp:1482) sys/motion/3 [SMC] Checking axis 2 motion status...
2026-02-02T16:40:37,410543+0800 DEBUG (motion_controller_device.cpp:1483) sys/motion/3 [SMC] smc_check_done(card_id=2, axis=2) [always_executed_hook]
2026-02-02T16:40:37,411104+0800 DEBUG (motion_controller_device.cpp:1486) sys/motion/3 [SMC] smc_check_done() returned: 0 (0=moving, 1=stopped)
2026-02-02T16:40:37,411558+0800 INFO (motion_controller_device.cpp:1482) sys/motion/3 [SMC] Checking axis 3 motion status...
2026-02-02T16:40:37,411580+0800 DEBUG (motion_controller_device.cpp:1483) sys/motion/3 [SMC] smc_check_done(card_id=2, axis=3) [always_executed_hook]
2026-02-02T16:40:37,412112+0800 DEBUG (motion_controller_device.cpp:1486) sys/motion/3 [SMC] smc_check_done() returned: 0 (0=moving, 1=stopped)
2026-02-02T16:40:37,412610+0800 INFO (motion_controller_device.cpp:1482) sys/motion/3 [SMC] Checking axis 4 motion status...
2026-02-02T16:40:37,412622+0800 DEBUG (motion_controller_device.cpp:1483) sys/motion/3 [SMC] smc_check_done(card_id=2, axis=4) [always_executed_hook]
2026-02-02T16:40:37,413191+0800 DEBUG (motion_controller_device.cpp:1486) sys/motion/3 [SMC] smc_check_done() returned: 0 (0=moving, 1=stopped)
2026-02-02T16:40:37,413760+0800 INFO (motion_controller_device.cpp:1482) sys/motion/3 [SMC] Checking axis 5 motion status...
2026-02-02T16:40:37,413772+0800 DEBUG (motion_controller_device.cpp:1483) sys/motion/3 [SMC] smc_check_done(card_id=2, axis=5) [always_executed_hook]
2026-02-02T16:40:37,414275+0800 DEBUG (motion_controller_device.cpp:1486) sys/motion/3 [SMC] smc_check_done() returned: 0 (0=moving, 1=stopped)
2026-02-02T16:40:37,415022+0800 DEBUG (motion_controller_device.cpp:1102) sys/motion/3 [SMC] smc_read_eln_pin(card_id=2, axis=2)
2026-02-02T16:40:37,415032+0800 DEBUG (motion_controller_device.cpp:1103) sys/motion/3 [SMC] smc_read_elp_pin() returned: 1
2026-02-02T16:40:37,415421+0800 DEBUG (motion_controller_device.cpp:1105) sys/motion/3 [SMC] smc_read_eln_pin(card_id=2, axis=2)
2026-02-02T16:40:37,415431+0800 DEBUG (motion_controller_device.cpp:1106) sys/motion/3 [SMC] smc_read_eln_pin() returned: 1
2026-02-02T16:40:37,415614+0800 INFO (motion_controller_device.cpp:1482) sys/motion/3 [SMC] Checking axis 0 motion status...
2026-02-02T16:40:37,415626+0800 DEBUG (motion_controller_device.cpp:1483) sys/motion/3 [SMC] smc_check_done(card_id=2, axis=0) [always_executed_hook]
2026-02-02T16:40:37,416279+0800 DEBUG (motion_controller_device.cpp:1486) sys/motion/3 [SMC] smc_check_done() returned: 0 (0=moving, 1=stopped)
2026-02-02T16:40:37,416692+0800 INFO (motion_controller_device.cpp:1482) sys/motion/3 [SMC] Checking axis 2 motion status...
2026-02-02T16:40:37,416704+0800 DEBUG (motion_controller_device.cpp:1483) sys/motion/3 [SMC] smc_check_done(card_id=2, axis=2) [always_executed_hook]
2026-02-02T16:40:37,417277+0800 DEBUG (motion_controller_device.cpp:1486) sys/motion/3 [SMC] smc_check_done() returned: 0 (0=moving, 1=stopped)
2026-02-02T16:40:37,417690+0800 INFO (motion_controller_device.cpp:1482) sys/motion/3 [SMC] Checking axis 3 motion status...
2026-02-02T16:40:37,417696+0800 DEBUG (motion_controller_device.cpp:1483) sys/motion/3 [SMC] smc_check_done(card_id=2, axis=3) [always_executed_hook]
2026-02-02T16:40:37,418047+0800 DEBUG (motion_controller_device.cpp:1486) sys/motion/3 [SMC] smc_check_done() returned: 1 (0=moving, 1=stopped)
2026-02-02T16:40:37,418058+0800 INFO (motion_controller_device.cpp:1482) sys/motion/3 [SMC] Checking axis 4 motion status...
2026-02-02T16:40:37,418061+0800 DEBUG (motion_controller_device.cpp:1483) sys/motion/3 [SMC] smc_check_done(card_id=2, axis=4) [always_executed_hook]
2026-02-02T16:40:37,418654+0800 DEBUG (motion_controller_device.cpp:1486) sys/motion/3 [SMC] smc_check_done() returned: 0 (0=moving, 1=stopped)
2026-02-02T16:40:37,419125+0800 INFO (motion_controller_device.cpp:1482) sys/motion/3 [SMC] Checking axis 5 motion status...
2026-02-02T16:40:37,419132+0800 DEBUG (motion_controller_device.cpp:1483) sys/motion/3 [SMC] smc_check_done(card_id=2, axis=5) [always_executed_hook]
2026-02-02T16:40:37,419557+0800 DEBUG (motion_controller_device.cpp:1486) sys/motion/3 [SMC] smc_check_done() returned: 0 (0=moving, 1=stopped)
2026-02-02T16:40:37,420250+0800 DEBUG (motion_controller_device.cpp:1102) sys/motion/3 [SMC] smc_read_eln_pin(card_id=2, axis=3)
2026-02-02T16:40:37,420259+0800 DEBUG (motion_controller_device.cpp:1103) sys/motion/3 [SMC] smc_read_elp_pin() returned: 1
2026-02-02T16:40:37,420673+0800 DEBUG (motion_controller_device.cpp:1105) sys/motion/3 [SMC] smc_read_eln_pin(card_id=2, axis=3)
2026-02-02T16:40:37,420682+0800 DEBUG (motion_controller_device.cpp:1106) sys/motion/3 [SMC] smc_read_eln_pin() returned: 1
2026-02-02T16:40:37,420794+0800 INFO (motion_controller_device.cpp:1482) sys/motion/3 [SMC] Checking axis 0 motion status...
2026-02-02T16:40:37,420800+0800 DEBUG (motion_controller_device.cpp:1483) sys/motion/3 [SMC] smc_check_done(card_id=2, axis=0) [always_executed_hook]
2026-02-02T16:40:37,421165+0800 DEBUG (motion_controller_device.cpp:1486) sys/motion/3 [SMC] smc_check_done() returned: 0 (0=moving, 1=stopped)
2026-02-02T16:40:37,421653+0800 INFO (motion_controller_device.cpp:1482) sys/motion/3 [SMC] Checking axis 2 motion status...
2026-02-02T16:40:37,421659+0800 DEBUG (motion_controller_device.cpp:1483) sys/motion/3 [SMC] smc_check_done(card_id=2, axis=2) [always_executed_hook]
2026-02-02T16:40:37,422071+0800 DEBUG (motion_controller_device.cpp:1486) sys/motion/3 [SMC] smc_check_done() returned: 0 (0=moving, 1=stopped)
2026-02-02T16:40:37,422543+0800 INFO (motion_controller_device.cpp:1482) sys/motion/3 [SMC] Checking axis 4 motion status...
2026-02-02T16:40:37,422548+0800 DEBUG (motion_controller_device.cpp:1483) sys/motion/3 [SMC] smc_check_done(card_id=2, axis=4) [always_executed_hook]
2026-02-02T16:40:37,423085+0800 DEBUG (motion_controller_device.cpp:1486) sys/motion/3 [SMC] smc_check_done() returned: 0 (0=moving, 1=stopped)
2026-02-02T16:40:37,423486+0800 INFO (motion_controller_device.cpp:1482) sys/motion/3 [SMC] Checking axis 5 motion status...
2026-02-02T16:40:37,423492+0800 DEBUG (motion_controller_device.cpp:1483) sys/motion/3 [SMC] smc_check_done(card_id=2, axis=5) [always_executed_hook]
2026-02-02T16:40:37,424130+0800 DEBUG (motion_controller_device.cpp:1486) sys/motion/3 [SMC] smc_check_done() returned: 0 (0=moving, 1=stopped)
2026-02-02T16:40:37,425055+0800 DEBUG (motion_controller_device.cpp:1102) sys/motion/3 [SMC] smc_read_eln_pin(card_id=2, axis=4)
2026-02-02T16:40:37,425062+0800 DEBUG (motion_controller_device.cpp:1103) sys/motion/3 [SMC] smc_read_elp_pin() returned: 1
2026-02-02T16:40:37,425426+0800 DEBUG (motion_controller_device.cpp:1105) sys/motion/3 [SMC] smc_read_eln_pin(card_id=2, axis=4)
2026-02-02T16:40:37,425437+0800 DEBUG (motion_controller_device.cpp:1106) sys/motion/3 [SMC] smc_read_eln_pin() returned: 1
2026-02-02T16:40:37,425534+0800 INFO (motion_controller_device.cpp:1482) sys/motion/3 [SMC] Checking axis 0 motion status...
2026-02-02T16:40:37,425540+0800 DEBUG (motion_controller_device.cpp:1483) sys/motion/3 [SMC] smc_check_done(card_id=2, axis=0) [always_executed_hook]
2026-02-02T16:40:37,426071+0800 DEBUG (motion_controller_device.cpp:1486) sys/motion/3 [SMC] smc_check_done() returned: 0 (0=moving, 1=stopped)
2026-02-02T16:40:37,426620+0800 INFO (motion_controller_device.cpp:1482) sys/motion/3 [SMC] Checking axis 2 motion status...
2026-02-02T16:40:37,426633+0800 DEBUG (motion_controller_device.cpp:1483) sys/motion/3 [SMC] smc_check_done(card_id=2, axis=2) [always_executed_hook]
2026-02-02T16:40:37,427311+0800 DEBUG (motion_controller_device.cpp:1486) sys/motion/3 [SMC] smc_check_done() returned: 0 (0=moving, 1=stopped)
2026-02-02T16:40:37,427666+0800 INFO (motion_controller_device.cpp:1482) sys/motion/3 [SMC] Checking axis 4 motion status...
2026-02-02T16:40:37,427672+0800 DEBUG (motion_controller_device.cpp:1483) sys/motion/3 [SMC] smc_check_done(card_id=2, axis=4) [always_executed_hook]
2026-02-02T16:40:37,428072+0800 DEBUG (motion_controller_device.cpp:1486) sys/motion/3 [SMC] smc_check_done() returned: 0 (0=moving, 1=stopped)
2026-02-02T16:40:37,428631+0800 INFO (motion_controller_device.cpp:1482) sys/motion/3 [SMC] Checking axis 5 motion status...
2026-02-02T16:40:37,428637+0800 DEBUG (motion_controller_device.cpp:1483) sys/motion/3 [SMC] smc_check_done(card_id=2, axis=5) [always_executed_hook]
2026-02-02T16:40:37,429122+0800 DEBUG (motion_controller_device.cpp:1486) sys/motion/3 [SMC] smc_check_done() returned: 0 (0=moving, 1=stopped)
2026-02-02T16:40:37,430040+0800 DEBUG (motion_controller_device.cpp:1102) sys/motion/3 [SMC] smc_read_eln_pin(card_id=2, axis=5)
2026-02-02T16:40:37,430048+0800 DEBUG (motion_controller_device.cpp:1103) sys/motion/3 [SMC] smc_read_elp_pin() returned: 1
2026-02-02T16:40:37,430423+0800 DEBUG (motion_controller_device.cpp:1105) sys/motion/3 [SMC] smc_read_eln_pin(card_id=2, axis=5)
2026-02-02T16:40:37,430429+0800 DEBUG (motion_controller_device.cpp:1106) sys/motion/3 [SMC] smc_read_eln_pin() returned: 1
2026-02-02T16:40:37,430601+0800 INFO (motion_controller_device.cpp:1482) sys/motion/3 [SMC] Checking axis 0 motion status...
2026-02-02T16:40:37,430621+0800 DEBUG (motion_controller_device.cpp:1483) sys/motion/3 [SMC] smc_check_done(card_id=2, axis=0) [always_executed_hook]
2026-02-02T16:40:37,431109+0800 DEBUG (motion_controller_device.cpp:1486) sys/motion/3 [SMC] smc_check_done() returned: 0 (0=moving, 1=stopped)
2026-02-02T16:40:37,431555+0800 INFO (motion_controller_device.cpp:1482) sys/motion/3 [SMC] Checking axis 2 motion status...
2026-02-02T16:40:37,431562+0800 DEBUG (motion_controller_device.cpp:1483) sys/motion/3 [SMC] smc_check_done(card_id=2, axis=2) [always_executed_hook]
2026-02-02T16:40:37,431982+0800 DEBUG (motion_controller_device.cpp:1486) sys/motion/3 [SMC] smc_check_done() returned: 0 (0=moving, 1=stopped)
2026-02-02T16:40:37,432479+0800 INFO (motion_controller_device.cpp:1482) sys/motion/3 [SMC] Checking axis 4 motion status...
2026-02-02T16:40:37,432486+0800 DEBUG (motion_controller_device.cpp:1483) sys/motion/3 [SMC] smc_check_done(card_id=2, axis=4) [always_executed_hook]
2026-02-02T16:40:37,432917+0800 DEBUG (motion_controller_device.cpp:1486) sys/motion/3 [SMC] smc_check_done() returned: 0 (0=moving, 1=stopped)
2026-02-02T16:40:37,433393+0800 INFO (motion_controller_device.cpp:1482) sys/motion/3 [SMC] Checking axis 5 motion status...
2026-02-02T16:40:37,433398+0800 DEBUG (motion_controller_device.cpp:1483) sys/motion/3 [SMC] smc_check_done(card_id=2, axis=5) [always_executed_hook]
2026-02-02T16:40:37,433836+0800 DEBUG (motion_controller_device.cpp:1486) sys/motion/3 [SMC] smc_check_done() returned: 1 (0=moving, 1=stopped)
2026-02-02T16:40:37,935657+0800 INFO (motion_controller_device.cpp:1482) sys/motion/3 [SMC] Checking axis 0 motion status...
2026-02-02T16:40:37,935731+0800 DEBUG (motion_controller_device.cpp:1483) sys/motion/3 [SMC] smc_check_done(card_id=2, axis=0) [always_executed_hook]
2026-02-02T16:40:37,936863+0800 DEBUG (motion_controller_device.cpp:1486) sys/motion/3 [SMC] smc_check_done() returned: 1 (0=moving, 1=stopped)
2026-02-02T16:40:37,936905+0800 INFO (motion_controller_device.cpp:1482) sys/motion/3 [SMC] Checking axis 2 motion status...
2026-02-02T16:40:37,936911+0800 DEBUG (motion_controller_device.cpp:1483) sys/motion/3 [SMC] smc_check_done(card_id=2, axis=2) [always_executed_hook]
2026-02-02T16:40:37,937467+0800 DEBUG (motion_controller_device.cpp:1486) sys/motion/3 [SMC] smc_check_done() returned: 1 (0=moving, 1=stopped)
2026-02-02T16:40:37,937490+0800 INFO (motion_controller_device.cpp:1482) sys/motion/3 [SMC] Checking axis 4 motion status...
2026-02-02T16:40:37,937493+0800 DEBUG (motion_controller_device.cpp:1483) sys/motion/3 [SMC] smc_check_done(card_id=2, axis=4) [always_executed_hook]
2026-02-02T16:40:37,938007+0800 DEBUG (motion_controller_device.cpp:1486) sys/motion/3 [SMC] smc_check_done() returned: 1 (0=moving, 1=stopped)
2026-02-02T16:40:37,938731+0800 DEBUG (motion_controller_device.cpp:1102) sys/motion/3 [SMC] smc_read_eln_pin(card_id=2, axis=0)
2026-02-02T16:40:37,938754+0800 DEBUG (motion_controller_device.cpp:1103) sys/motion/3 [SMC] smc_read_elp_pin() returned: 1
2026-02-02T16:40:37,939276+0800 DEBUG (motion_controller_device.cpp:1105) sys/motion/3 [SMC] smc_read_eln_pin(card_id=2, axis=0)
2026-02-02T16:40:37,939289+0800 DEBUG (motion_controller_device.cpp:1106) sys/motion/3 [SMC] smc_read_eln_pin() returned: 1
2026-02-02T16:40:37,940141+0800 DEBUG (motion_controller_device.cpp:1102) sys/motion/3 [SMC] smc_read_eln_pin(card_id=2, axis=1)
2026-02-02T16:40:37,940166+0800 DEBUG (motion_controller_device.cpp:1103) sys/motion/3 [SMC] smc_read_elp_pin() returned: 1
2026-02-02T16:40:37,940879+0800 DEBUG (motion_controller_device.cpp:1105) sys/motion/3 [SMC] smc_read_eln_pin(card_id=2, axis=1)
2026-02-02T16:40:37,940894+0800 DEBUG (motion_controller_device.cpp:1106) sys/motion/3 [SMC] smc_read_eln_pin() returned: 1
2026-02-02T16:40:37,941640+0800 DEBUG (motion_controller_device.cpp:1102) sys/motion/3 [SMC] smc_read_eln_pin(card_id=2, axis=2)
2026-02-02T16:40:37,941657+0800 DEBUG (motion_controller_device.cpp:1103) sys/motion/3 [SMC] smc_read_elp_pin() returned: 1
2026-02-02T16:40:37,942219+0800 DEBUG (motion_controller_device.cpp:1105) sys/motion/3 [SMC] smc_read_eln_pin(card_id=2, axis=2)
2026-02-02T16:40:37,942231+0800 DEBUG (motion_controller_device.cpp:1106) sys/motion/3 [SMC] smc_read_eln_pin() returned: 1
2026-02-02T16:40:37,943009+0800 DEBUG (motion_controller_device.cpp:1102) sys/motion/3 [SMC] smc_read_eln_pin(card_id=2, axis=3)
2026-02-02T16:40:37,943029+0800 DEBUG (motion_controller_device.cpp:1103) sys/motion/3 [SMC] smc_read_elp_pin() returned: 1
2026-02-02T16:40:37,943651+0800 DEBUG (motion_controller_device.cpp:1105) sys/motion/3 [SMC] smc_read_eln_pin(card_id=2, axis=3)
2026-02-02T16:40:37,943657+0800 DEBUG (motion_controller_device.cpp:1106) sys/motion/3 [SMC] smc_read_eln_pin() returned: 1
2026-02-02T16:40:37,947262+0800 DEBUG (motion_controller_device.cpp:1102) sys/motion/3 [SMC] smc_read_eln_pin(card_id=2, axis=4)
2026-02-02T16:40:37,947303+0800 DEBUG (motion_controller_device.cpp:1103) sys/motion/3 [SMC] smc_read_elp_pin() returned: 1
2026-02-02T16:40:37,948192+0800 DEBUG (motion_controller_device.cpp:1105) sys/motion/3 [SMC] smc_read_eln_pin(card_id=2, axis=4)
2026-02-02T16:40:37,948209+0800 DEBUG (motion_controller_device.cpp:1106) sys/motion/3 [SMC] smc_read_eln_pin() returned: 1
2026-02-02T16:40:37,949063+0800 DEBUG (motion_controller_device.cpp:1102) sys/motion/3 [SMC] smc_read_eln_pin(card_id=2, axis=5)
2026-02-02T16:40:37,949078+0800 DEBUG (motion_controller_device.cpp:1103) sys/motion/3 [SMC] smc_read_elp_pin() returned: 1
2026-02-02T16:40:37,949625+0800 DEBUG (motion_controller_device.cpp:1105) sys/motion/3 [SMC] smc_read_eln_pin(card_id=2, axis=5)
2026-02-02T16:40:37,949631+0800 DEBUG (motion_controller_device.cpp:1106) sys/motion/3 [SMC] smc_read_eln_pin() returned: 1
2026-02-02T16:41:10,288941+0800 DEBUG (motion_controller_device.cpp:983) sys/motion/3 [SMC] smc_set_profile_unit(card_id=2, axis=0, start_vel=3000, max_vel=10000, acc_time=0.1, dec_time=0.1, stop_vel=100)
2026-02-02T16:41:10,290089+0800 DEBUG (motion_controller_device.cpp:988) sys/motion/3 [SMC] smc_set_profile_unit() returned: 0
2026-02-02T16:41:10,291354+0800 DEBUG (motion_controller_device.cpp:983) sys/motion/3 [SMC] smc_set_profile_unit(card_id=2, axis=1, start_vel=3000, max_vel=10000, acc_time=0.1, dec_time=0.1, stop_vel=100)
2026-02-02T16:41:10,292236+0800 DEBUG (motion_controller_device.cpp:988) sys/motion/3 [SMC] smc_set_profile_unit() returned: 0
2026-02-02T16:41:10,292599+0800 DEBUG (motion_controller_device.cpp:983) sys/motion/3 [SMC] smc_set_profile_unit(card_id=2, axis=2, start_vel=3000, max_vel=10000, acc_time=0.1, dec_time=0.1, stop_vel=100)
2026-02-02T16:41:10,293356+0800 DEBUG (motion_controller_device.cpp:988) sys/motion/3 [SMC] smc_set_profile_unit() returned: 0
2026-02-02T16:41:10,293717+0800 DEBUG (motion_controller_device.cpp:983) sys/motion/3 [SMC] smc_set_profile_unit(card_id=2, axis=3, start_vel=3000, max_vel=10000, acc_time=0.1, dec_time=0.1, stop_vel=100)
2026-02-02T16:41:10,294522+0800 DEBUG (motion_controller_device.cpp:988) sys/motion/3 [SMC] smc_set_profile_unit() returned: 0
2026-02-02T16:41:10,294834+0800 DEBUG (motion_controller_device.cpp:983) sys/motion/3 [SMC] smc_set_profile_unit(card_id=2, axis=4, start_vel=3000, max_vel=10000, acc_time=0.1, dec_time=0.1, stop_vel=100)
2026-02-02T16:41:10,295671+0800 DEBUG (motion_controller_device.cpp:988) sys/motion/3 [SMC] smc_set_profile_unit() returned: 0
2026-02-02T16:41:10,295961+0800 DEBUG (motion_controller_device.cpp:983) sys/motion/3 [SMC] smc_set_profile_unit(card_id=2, axis=5, start_vel=3000, max_vel=10000, acc_time=0.1, dec_time=0.1, stop_vel=100)
2026-02-02T16:41:10,296773+0800 DEBUG (motion_controller_device.cpp:988) sys/motion/3 [SMC] smc_set_profile_unit() returned: 0
2026-02-02T16:41:10,297184+0800 DEBUG (motion_controller_device.cpp:656) sys/motion/3 [SMC] Checking axis 0 enable status...
2026-02-02T16:41:10,297611+0800 DEBUG (motion_controller_device.cpp:658) sys/motion/3 [SMC] smc_read_sevon_pin() returned: 1 (0=disabled, 1=enabled)
2026-02-02T16:41:10,297626+0800 DEBUG (motion_controller_device.cpp:672) sys/motion/3 [SMC] smc_pmove_unit(card_id=2, axis=0, dist=-11682, mode=relative)
2026-02-02T16:41:10,298394+0800 DEBUG (motion_controller_device.cpp:674) sys/motion/3 [SMC] smc_pmove_unit() returned: 0
2026-02-02T16:41:10,298535+0800 INFO (motion_controller_device.cpp:1482) sys/motion/3 [SMC] Checking axis 0 motion status...
2026-02-02T16:41:10,298556+0800 DEBUG (motion_controller_device.cpp:1483) sys/motion/3 [SMC] smc_check_done(card_id=2, axis=0) [always_executed_hook]
2026-02-02T16:41:10,299059+0800 DEBUG (motion_controller_device.cpp:1486) sys/motion/3 [SMC] smc_check_done() returned: 0 (0=moving, 1=stopped)
2026-02-02T16:41:10,299498+0800 DEBUG (motion_controller_device.cpp:656) sys/motion/3 [SMC] Checking axis 1 enable status...
2026-02-02T16:41:10,299899+0800 DEBUG (motion_controller_device.cpp:658) sys/motion/3 [SMC] smc_read_sevon_pin() returned: 1 (0=disabled, 1=enabled)
2026-02-02T16:41:10,299916+0800 DEBUG (motion_controller_device.cpp:672) sys/motion/3 [SMC] smc_pmove_unit(card_id=2, axis=1, dist=11280, mode=relative)
2026-02-02T16:41:10,300837+0800 DEBUG (motion_controller_device.cpp:674) sys/motion/3 [SMC] smc_pmove_unit() returned: 0
2026-02-02T16:41:10,301214+0800 INFO (motion_controller_device.cpp:1482) sys/motion/3 [SMC] Checking axis 0 motion status...
2026-02-02T16:41:10,301228+0800 DEBUG (motion_controller_device.cpp:1483) sys/motion/3 [SMC] smc_check_done(card_id=2, axis=0) [always_executed_hook]
2026-02-02T16:41:10,301803+0800 DEBUG (motion_controller_device.cpp:1486) sys/motion/3 [SMC] smc_check_done() returned: 0 (0=moving, 1=stopped)
2026-02-02T16:41:10,302248+0800 INFO (motion_controller_device.cpp:1482) sys/motion/3 [SMC] Checking axis 1 motion status...
2026-02-02T16:41:10,302256+0800 DEBUG (motion_controller_device.cpp:1483) sys/motion/3 [SMC] smc_check_done(card_id=2, axis=1) [always_executed_hook]
2026-02-02T16:41:10,302728+0800 DEBUG (motion_controller_device.cpp:1486) sys/motion/3 [SMC] smc_check_done() returned: 0 (0=moving, 1=stopped)
2026-02-02T16:41:10,303543+0800 DEBUG (motion_controller_device.cpp:656) sys/motion/3 [SMC] Checking axis 2 enable status...
2026-02-02T16:41:10,304132+0800 DEBUG (motion_controller_device.cpp:658) sys/motion/3 [SMC] smc_read_sevon_pin() returned: 1 (0=disabled, 1=enabled)
2026-02-02T16:41:10,304247+0800 DEBUG (motion_controller_device.cpp:672) sys/motion/3 [SMC] smc_pmove_unit(card_id=2, axis=2, dist=-11682, mode=relative)
2026-02-02T16:41:10,305336+0800 DEBUG (motion_controller_device.cpp:674) sys/motion/3 [SMC] smc_pmove_unit() returned: 0
2026-02-02T16:41:10,305672+0800 INFO (motion_controller_device.cpp:1482) sys/motion/3 [SMC] Checking axis 0 motion status...
2026-02-02T16:41:10,305688+0800 DEBUG (motion_controller_device.cpp:1483) sys/motion/3 [SMC] smc_check_done(card_id=2, axis=0) [always_executed_hook]
2026-02-02T16:41:10,306129+0800 DEBUG (motion_controller_device.cpp:1486) sys/motion/3 [SMC] smc_check_done() returned: 0 (0=moving, 1=stopped)
2026-02-02T16:41:10,306543+0800 INFO (motion_controller_device.cpp:1482) sys/motion/3 [SMC] Checking axis 1 motion status...
2026-02-02T16:41:10,306553+0800 DEBUG (motion_controller_device.cpp:1483) sys/motion/3 [SMC] smc_check_done(card_id=2, axis=1) [always_executed_hook]
2026-02-02T16:41:10,306940+0800 DEBUG (motion_controller_device.cpp:1486) sys/motion/3 [SMC] smc_check_done() returned: 0 (0=moving, 1=stopped)
2026-02-02T16:41:10,307340+0800 INFO (motion_controller_device.cpp:1482) sys/motion/3 [SMC] Checking axis 2 motion status...
2026-02-02T16:41:10,307347+0800 DEBUG (motion_controller_device.cpp:1483) sys/motion/3 [SMC] smc_check_done(card_id=2, axis=2) [always_executed_hook]
2026-02-02T16:41:10,307752+0800 DEBUG (motion_controller_device.cpp:1486) sys/motion/3 [SMC] smc_check_done() returned: 0 (0=moving, 1=stopped)
2026-02-02T16:41:10,308149+0800 DEBUG (motion_controller_device.cpp:656) sys/motion/3 [SMC] Checking axis 3 enable status...
2026-02-02T16:41:10,308512+0800 DEBUG (motion_controller_device.cpp:658) sys/motion/3 [SMC] smc_read_sevon_pin() returned: 1 (0=disabled, 1=enabled)
2026-02-02T16:41:10,308532+0800 DEBUG (motion_controller_device.cpp:672) sys/motion/3 [SMC] smc_pmove_unit(card_id=2, axis=3, dist=11280, mode=relative)
2026-02-02T16:41:10,309333+0800 DEBUG (motion_controller_device.cpp:674) sys/motion/3 [SMC] smc_pmove_unit() returned: 0
2026-02-02T16:41:10,309675+0800 INFO (motion_controller_device.cpp:1482) sys/motion/3 [SMC] Checking axis 0 motion status...
2026-02-02T16:41:10,309736+0800 DEBUG (motion_controller_device.cpp:1483) sys/motion/3 [SMC] smc_check_done(card_id=2, axis=0) [always_executed_hook]
2026-02-02T16:41:10,310573+0800 DEBUG (motion_controller_device.cpp:1486) sys/motion/3 [SMC] smc_check_done() returned: 0 (0=moving, 1=stopped)
2026-02-02T16:41:10,311190+0800 INFO (motion_controller_device.cpp:1482) sys/motion/3 [SMC] Checking axis 1 motion status...
2026-02-02T16:41:10,311249+0800 DEBUG (motion_controller_device.cpp:1483) sys/motion/3 [SMC] smc_check_done(card_id=2, axis=1) [always_executed_hook]
2026-02-02T16:41:10,311927+0800 DEBUG (motion_controller_device.cpp:1486) sys/motion/3 [SMC] smc_check_done() returned: 0 (0=moving, 1=stopped)
2026-02-02T16:41:10,312321+0800 INFO (motion_controller_device.cpp:1482) sys/motion/3 [SMC] Checking axis 2 motion status...
2026-02-02T16:41:10,312334+0800 DEBUG (motion_controller_device.cpp:1483) sys/motion/3 [SMC] smc_check_done(card_id=2, axis=2) [always_executed_hook]
2026-02-02T16:41:10,312777+0800 DEBUG (motion_controller_device.cpp:1486) sys/motion/3 [SMC] smc_check_done() returned: 0 (0=moving, 1=stopped)
2026-02-02T16:41:10,313236+0800 INFO (motion_controller_device.cpp:1482) sys/motion/3 [SMC] Checking axis 3 motion status...
2026-02-02T16:41:10,313242+0800 DEBUG (motion_controller_device.cpp:1483) sys/motion/3 [SMC] smc_check_done(card_id=2, axis=3) [always_executed_hook]
2026-02-02T16:41:10,313606+0800 DEBUG (motion_controller_device.cpp:1486) sys/motion/3 [SMC] smc_check_done() returned: 0 (0=moving, 1=stopped)
2026-02-02T16:41:10,314034+0800 DEBUG (motion_controller_device.cpp:656) sys/motion/3 [SMC] Checking axis 4 enable status...
2026-02-02T16:41:10,314419+0800 DEBUG (motion_controller_device.cpp:658) sys/motion/3 [SMC] smc_read_sevon_pin() returned: 1 (0=disabled, 1=enabled)
2026-02-02T16:41:10,314447+0800 DEBUG (motion_controller_device.cpp:672) sys/motion/3 [SMC] smc_pmove_unit(card_id=2, axis=4, dist=-11682, mode=relative)
2026-02-02T16:41:10,315464+0800 DEBUG (motion_controller_device.cpp:674) sys/motion/3 [SMC] smc_pmove_unit() returned: 0
2026-02-02T16:41:10,315830+0800 INFO (motion_controller_device.cpp:1482) sys/motion/3 [SMC] Checking axis 0 motion status...
2026-02-02T16:41:10,315854+0800 DEBUG (motion_controller_device.cpp:1483) sys/motion/3 [SMC] smc_check_done(card_id=2, axis=0) [always_executed_hook]
2026-02-02T16:41:10,316570+0800 DEBUG (motion_controller_device.cpp:1486) sys/motion/3 [SMC] smc_check_done() returned: 0 (0=moving, 1=stopped)
2026-02-02T16:41:10,317113+0800 INFO (motion_controller_device.cpp:1482) sys/motion/3 [SMC] Checking axis 1 motion status...
2026-02-02T16:41:10,317130+0800 DEBUG (motion_controller_device.cpp:1483) sys/motion/3 [SMC] smc_check_done(card_id=2, axis=1) [always_executed_hook]
2026-02-02T16:41:10,317524+0800 DEBUG (motion_controller_device.cpp:1486) sys/motion/3 [SMC] smc_check_done() returned: 0 (0=moving, 1=stopped)
2026-02-02T16:41:10,317924+0800 INFO (motion_controller_device.cpp:1482) sys/motion/3 [SMC] Checking axis 2 motion status...
2026-02-02T16:41:10,317999+0800 DEBUG (motion_controller_device.cpp:1483) sys/motion/3 [SMC] smc_check_done(card_id=2, axis=2) [always_executed_hook]
2026-02-02T16:41:10,318662+0800 DEBUG (motion_controller_device.cpp:1486) sys/motion/3 [SMC] smc_check_done() returned: 0 (0=moving, 1=stopped)
2026-02-02T16:41:10,319145+0800 INFO (motion_controller_device.cpp:1482) sys/motion/3 [SMC] Checking axis 3 motion status...
2026-02-02T16:41:10,319168+0800 DEBUG (motion_controller_device.cpp:1483) sys/motion/3 [SMC] smc_check_done(card_id=2, axis=3) [always_executed_hook]
2026-02-02T16:41:10,319529+0800 DEBUG (motion_controller_device.cpp:1486) sys/motion/3 [SMC] smc_check_done() returned: 0 (0=moving, 1=stopped)
2026-02-02T16:41:10,319960+0800 INFO (motion_controller_device.cpp:1482) sys/motion/3 [SMC] Checking axis 4 motion status...
2026-02-02T16:41:10,319970+0800 DEBUG (motion_controller_device.cpp:1483) sys/motion/3 [SMC] smc_check_done(card_id=2, axis=4) [always_executed_hook]
2026-02-02T16:41:10,320342+0800 DEBUG (motion_controller_device.cpp:1486) sys/motion/3 [SMC] smc_check_done() returned: 0 (0=moving, 1=stopped)
2026-02-02T16:41:10,320878+0800 DEBUG (motion_controller_device.cpp:656) sys/motion/3 [SMC] Checking axis 5 enable status...
2026-02-02T16:41:10,321238+0800 DEBUG (motion_controller_device.cpp:658) sys/motion/3 [SMC] smc_read_sevon_pin() returned: 1 (0=disabled, 1=enabled)
2026-02-02T16:41:10,321255+0800 DEBUG (motion_controller_device.cpp:672) sys/motion/3 [SMC] smc_pmove_unit(card_id=2, axis=5, dist=11280, mode=relative)
2026-02-02T16:41:10,322203+0800 DEBUG (motion_controller_device.cpp:674) sys/motion/3 [SMC] smc_pmove_unit() returned: 0
2026-02-02T16:41:10,323098+0800 INFO (motion_controller_device.cpp:1482) sys/motion/3 [SMC] Checking axis 0 motion status...
2026-02-02T16:41:10,323116+0800 DEBUG (motion_controller_device.cpp:1483) sys/motion/3 [SMC] smc_check_done(card_id=2, axis=0) [always_executed_hook]
2026-02-02T16:41:10,323577+0800 DEBUG (motion_controller_device.cpp:1486) sys/motion/3 [SMC] smc_check_done() returned: 0 (0=moving, 1=stopped)
2026-02-02T16:41:10,324014+0800 INFO (motion_controller_device.cpp:1482) sys/motion/3 [SMC] Checking axis 1 motion status...
2026-02-02T16:41:10,324025+0800 DEBUG (motion_controller_device.cpp:1483) sys/motion/3 [SMC] smc_check_done(card_id=2, axis=1) [always_executed_hook]
2026-02-02T16:41:10,324432+0800 DEBUG (motion_controller_device.cpp:1486) sys/motion/3 [SMC] smc_check_done() returned: 0 (0=moving, 1=stopped)
2026-02-02T16:41:10,324798+0800 INFO (motion_controller_device.cpp:1482) sys/motion/3 [SMC] Checking axis 2 motion status...
2026-02-02T16:41:10,324809+0800 DEBUG (motion_controller_device.cpp:1483) sys/motion/3 [SMC] smc_check_done(card_id=2, axis=2) [always_executed_hook]
2026-02-02T16:41:10,325313+0800 DEBUG (motion_controller_device.cpp:1486) sys/motion/3 [SMC] smc_check_done() returned: 0 (0=moving, 1=stopped)
2026-02-02T16:41:10,325745+0800 INFO (motion_controller_device.cpp:1482) sys/motion/3 [SMC] Checking axis 3 motion status...
2026-02-02T16:41:10,325758+0800 DEBUG (motion_controller_device.cpp:1483) sys/motion/3 [SMC] smc_check_done(card_id=2, axis=3) [always_executed_hook]
2026-02-02T16:41:10,326196+0800 DEBUG (motion_controller_device.cpp:1486) sys/motion/3 [SMC] smc_check_done() returned: 0 (0=moving, 1=stopped)
2026-02-02T16:41:10,326541+0800 INFO (motion_controller_device.cpp:1482) sys/motion/3 [SMC] Checking axis 4 motion status...
2026-02-02T16:41:10,326553+0800 DEBUG (motion_controller_device.cpp:1483) sys/motion/3 [SMC] smc_check_done(card_id=2, axis=4) [always_executed_hook]
2026-02-02T16:41:10,327014+0800 DEBUG (motion_controller_device.cpp:1486) sys/motion/3 [SMC] smc_check_done() returned: 0 (0=moving, 1=stopped)
2026-02-02T16:41:10,327765+0800 INFO (motion_controller_device.cpp:1482) sys/motion/3 [SMC] Checking axis 5 motion status...
2026-02-02T16:41:10,327782+0800 DEBUG (motion_controller_device.cpp:1483) sys/motion/3 [SMC] smc_check_done(card_id=2, axis=5) [always_executed_hook]
2026-02-02T16:41:10,328552+0800 DEBUG (motion_controller_device.cpp:1486) sys/motion/3 [SMC] smc_check_done() returned: 0 (0=moving, 1=stopped)
2026-02-02T16:41:10,329331+0800 DEBUG (motion_controller_device.cpp:1102) sys/motion/3 [SMC] smc_read_eln_pin(card_id=2, axis=0)
2026-02-02T16:41:10,329341+0800 DEBUG (motion_controller_device.cpp:1103) sys/motion/3 [SMC] smc_read_elp_pin() returned: 1
2026-02-02T16:41:10,329982+0800 DEBUG (motion_controller_device.cpp:1105) sys/motion/3 [SMC] smc_read_eln_pin(card_id=2, axis=0)
2026-02-02T16:41:10,330007+0800 DEBUG (motion_controller_device.cpp:1106) sys/motion/3 [SMC] smc_read_eln_pin() returned: 1
2026-02-02T16:41:10,330238+0800 INFO (motion_controller_device.cpp:1482) sys/motion/3 [SMC] Checking axis 0 motion status...
2026-02-02T16:41:10,330253+0800 DEBUG (motion_controller_device.cpp:1483) sys/motion/3 [SMC] smc_check_done(card_id=2, axis=0) [always_executed_hook]
2026-02-02T16:41:10,330866+0800 DEBUG (motion_controller_device.cpp:1486) sys/motion/3 [SMC] smc_check_done() returned: 0 (0=moving, 1=stopped)
2026-02-02T16:41:10,331444+0800 INFO (motion_controller_device.cpp:1482) sys/motion/3 [SMC] Checking axis 1 motion status...
2026-02-02T16:41:10,331456+0800 DEBUG (motion_controller_device.cpp:1483) sys/motion/3 [SMC] smc_check_done(card_id=2, axis=1) [always_executed_hook]
2026-02-02T16:41:10,331884+0800 DEBUG (motion_controller_device.cpp:1486) sys/motion/3 [SMC] smc_check_done() returned: 0 (0=moving, 1=stopped)
2026-02-02T16:41:10,332530+0800 INFO (motion_controller_device.cpp:1482) sys/motion/3 [SMC] Checking axis 2 motion status...
2026-02-02T16:41:10,332542+0800 DEBUG (motion_controller_device.cpp:1483) sys/motion/3 [SMC] smc_check_done(card_id=2, axis=2) [always_executed_hook]
2026-02-02T16:41:10,333109+0800 DEBUG (motion_controller_device.cpp:1486) sys/motion/3 [SMC] smc_check_done() returned: 0 (0=moving, 1=stopped)
2026-02-02T16:41:10,333503+0800 INFO (motion_controller_device.cpp:1482) sys/motion/3 [SMC] Checking axis 3 motion status...
2026-02-02T16:41:10,333515+0800 DEBUG (motion_controller_device.cpp:1483) sys/motion/3 [SMC] smc_check_done(card_id=2, axis=3) [always_executed_hook]
2026-02-02T16:41:10,334062+0800 DEBUG (motion_controller_device.cpp:1486) sys/motion/3 [SMC] smc_check_done() returned: 0 (0=moving, 1=stopped)
2026-02-02T16:41:10,334700+0800 INFO (motion_controller_device.cpp:1482) sys/motion/3 [SMC] Checking axis 4 motion status...
2026-02-02T16:41:10,334719+0800 DEBUG (motion_controller_device.cpp:1483) sys/motion/3 [SMC] smc_check_done(card_id=2, axis=4) [always_executed_hook]
2026-02-02T16:41:10,335257+0800 DEBUG (motion_controller_device.cpp:1486) sys/motion/3 [SMC] smc_check_done() returned: 0 (0=moving, 1=stopped)
2026-02-02T16:41:10,335691+0800 INFO (motion_controller_device.cpp:1482) sys/motion/3 [SMC] Checking axis 5 motion status...
2026-02-02T16:41:10,335703+0800 DEBUG (motion_controller_device.cpp:1483) sys/motion/3 [SMC] smc_check_done(card_id=2, axis=5) [always_executed_hook]
2026-02-02T16:41:10,336130+0800 DEBUG (motion_controller_device.cpp:1486) sys/motion/3 [SMC] smc_check_done() returned: 0 (0=moving, 1=stopped)
2026-02-02T16:41:10,337016+0800 DEBUG (motion_controller_device.cpp:1102) sys/motion/3 [SMC] smc_read_eln_pin(card_id=2, axis=1)
2026-02-02T16:41:10,337032+0800 DEBUG (motion_controller_device.cpp:1103) sys/motion/3 [SMC] smc_read_elp_pin() returned: 1
2026-02-02T16:41:10,337423+0800 DEBUG (motion_controller_device.cpp:1105) sys/motion/3 [SMC] smc_read_eln_pin(card_id=2, axis=1)
2026-02-02T16:41:10,337447+0800 DEBUG (motion_controller_device.cpp:1106) sys/motion/3 [SMC] smc_read_eln_pin() returned: 1
2026-02-02T16:41:10,337708+0800 INFO (motion_controller_device.cpp:1482) sys/motion/3 [SMC] Checking axis 0 motion status...
2026-02-02T16:41:10,337716+0800 DEBUG (motion_controller_device.cpp:1483) sys/motion/3 [SMC] smc_check_done(card_id=2, axis=0) [always_executed_hook]
2026-02-02T16:41:10,338352+0800 DEBUG (motion_controller_device.cpp:1486) sys/motion/3 [SMC] smc_check_done() returned: 0 (0=moving, 1=stopped)
2026-02-02T16:41:10,338793+0800 INFO (motion_controller_device.cpp:1482) sys/motion/3 [SMC] Checking axis 1 motion status...
2026-02-02T16:41:10,338809+0800 DEBUG (motion_controller_device.cpp:1483) sys/motion/3 [SMC] smc_check_done(card_id=2, axis=1) [always_executed_hook]
2026-02-02T16:41:10,339155+0800 DEBUG (motion_controller_device.cpp:1486) sys/motion/3 [SMC] smc_check_done() returned: 0 (0=moving, 1=stopped)
2026-02-02T16:41:10,339538+0800 INFO (motion_controller_device.cpp:1482) sys/motion/3 [SMC] Checking axis 2 motion status...
2026-02-02T16:41:10,339549+0800 DEBUG (motion_controller_device.cpp:1483) sys/motion/3 [SMC] smc_check_done(card_id=2, axis=2) [always_executed_hook]
2026-02-02T16:41:10,339974+0800 DEBUG (motion_controller_device.cpp:1486) sys/motion/3 [SMC] smc_check_done() returned: 0 (0=moving, 1=stopped)
2026-02-02T16:41:10,340581+0800 INFO (motion_controller_device.cpp:1482) sys/motion/3 [SMC] Checking axis 3 motion status...
2026-02-02T16:41:10,340593+0800 DEBUG (motion_controller_device.cpp:1483) sys/motion/3 [SMC] smc_check_done(card_id=2, axis=3) [always_executed_hook]
2026-02-02T16:41:10,341093+0800 DEBUG (motion_controller_device.cpp:1486) sys/motion/3 [SMC] smc_check_done() returned: 0 (0=moving, 1=stopped)
2026-02-02T16:41:10,341499+0800 INFO (motion_controller_device.cpp:1482) sys/motion/3 [SMC] Checking axis 4 motion status...
2026-02-02T16:41:10,341507+0800 DEBUG (motion_controller_device.cpp:1483) sys/motion/3 [SMC] smc_check_done(card_id=2, axis=4) [always_executed_hook]
2026-02-02T16:41:10,341920+0800 DEBUG (motion_controller_device.cpp:1486) sys/motion/3 [SMC] smc_check_done() returned: 0 (0=moving, 1=stopped)
2026-02-02T16:41:10,342372+0800 INFO (motion_controller_device.cpp:1482) sys/motion/3 [SMC] Checking axis 5 motion status...
2026-02-02T16:41:10,342378+0800 DEBUG (motion_controller_device.cpp:1483) sys/motion/3 [SMC] smc_check_done(card_id=2, axis=5) [always_executed_hook]
2026-02-02T16:41:10,342779+0800 DEBUG (motion_controller_device.cpp:1486) sys/motion/3 [SMC] smc_check_done() returned: 0 (0=moving, 1=stopped)
2026-02-02T16:41:10,343666+0800 DEBUG (motion_controller_device.cpp:1102) sys/motion/3 [SMC] smc_read_eln_pin(card_id=2, axis=2)
2026-02-02T16:41:10,343681+0800 DEBUG (motion_controller_device.cpp:1103) sys/motion/3 [SMC] smc_read_elp_pin() returned: 1
2026-02-02T16:41:10,344161+0800 DEBUG (motion_controller_device.cpp:1105) sys/motion/3 [SMC] smc_read_eln_pin(card_id=2, axis=2)
2026-02-02T16:41:10,344171+0800 DEBUG (motion_controller_device.cpp:1106) sys/motion/3 [SMC] smc_read_eln_pin() returned: 1
2026-02-02T16:41:10,344370+0800 INFO (motion_controller_device.cpp:1482) sys/motion/3 [SMC] Checking axis 0 motion status...
2026-02-02T16:41:10,344380+0800 DEBUG (motion_controller_device.cpp:1483) sys/motion/3 [SMC] smc_check_done(card_id=2, axis=0) [always_executed_hook]
2026-02-02T16:41:10,344799+0800 DEBUG (motion_controller_device.cpp:1486) sys/motion/3 [SMC] smc_check_done() returned: 0 (0=moving, 1=stopped)
2026-02-02T16:41:10,345247+0800 INFO (motion_controller_device.cpp:1482) sys/motion/3 [SMC] Checking axis 1 motion status...
2026-02-02T16:41:10,345258+0800 DEBUG (motion_controller_device.cpp:1483) sys/motion/3 [SMC] smc_check_done(card_id=2, axis=1) [always_executed_hook]
2026-02-02T16:41:10,345594+0800 DEBUG (motion_controller_device.cpp:1486) sys/motion/3 [SMC] smc_check_done() returned: 0 (0=moving, 1=stopped)
2026-02-02T16:41:10,346021+0800 INFO (motion_controller_device.cpp:1482) sys/motion/3 [SMC] Checking axis 2 motion status...
2026-02-02T16:41:10,346031+0800 DEBUG (motion_controller_device.cpp:1483) sys/motion/3 [SMC] smc_check_done(card_id=2, axis=2) [always_executed_hook]
2026-02-02T16:41:10,346510+0800 DEBUG (motion_controller_device.cpp:1486) sys/motion/3 [SMC] smc_check_done() returned: 0 (0=moving, 1=stopped)
2026-02-02T16:41:10,346971+0800 INFO (motion_controller_device.cpp:1482) sys/motion/3 [SMC] Checking axis 3 motion status...
2026-02-02T16:41:10,346979+0800 DEBUG (motion_controller_device.cpp:1483) sys/motion/3 [SMC] smc_check_done(card_id=2, axis=3) [always_executed_hook]
2026-02-02T16:41:10,347423+0800 DEBUG (motion_controller_device.cpp:1486) sys/motion/3 [SMC] smc_check_done() returned: 0 (0=moving, 1=stopped)
2026-02-02T16:41:10,347970+0800 INFO (motion_controller_device.cpp:1482) sys/motion/3 [SMC] Checking axis 4 motion status...
2026-02-02T16:41:10,347982+0800 DEBUG (motion_controller_device.cpp:1483) sys/motion/3 [SMC] smc_check_done(card_id=2, axis=4) [always_executed_hook]
2026-02-02T16:41:10,348425+0800 DEBUG (motion_controller_device.cpp:1486) sys/motion/3 [SMC] smc_check_done() returned: 0 (0=moving, 1=stopped)
2026-02-02T16:41:10,348829+0800 INFO (motion_controller_device.cpp:1482) sys/motion/3 [SMC] Checking axis 5 motion status...
2026-02-02T16:41:10,348841+0800 DEBUG (motion_controller_device.cpp:1483) sys/motion/3 [SMC] smc_check_done(card_id=2, axis=5) [always_executed_hook]
2026-02-02T16:41:10,349181+0800 DEBUG (motion_controller_device.cpp:1486) sys/motion/3 [SMC] smc_check_done() returned: 0 (0=moving, 1=stopped)
2026-02-02T16:41:10,350005+0800 DEBUG (motion_controller_device.cpp:1102) sys/motion/3 [SMC] smc_read_eln_pin(card_id=2, axis=3)
2026-02-02T16:41:10,350024+0800 DEBUG (motion_controller_device.cpp:1103) sys/motion/3 [SMC] smc_read_elp_pin() returned: 1
2026-02-02T16:41:10,350438+0800 DEBUG (motion_controller_device.cpp:1105) sys/motion/3 [SMC] smc_read_eln_pin(card_id=2, axis=3)
2026-02-02T16:41:10,350452+0800 DEBUG (motion_controller_device.cpp:1106) sys/motion/3 [SMC] smc_read_eln_pin() returned: 1
2026-02-02T16:41:10,350611+0800 INFO (motion_controller_device.cpp:1482) sys/motion/3 [SMC] Checking axis 0 motion status...
2026-02-02T16:41:10,350618+0800 DEBUG (motion_controller_device.cpp:1483) sys/motion/3 [SMC] smc_check_done(card_id=2, axis=0) [always_executed_hook]
2026-02-02T16:41:10,351108+0800 DEBUG (motion_controller_device.cpp:1486) sys/motion/3 [SMC] smc_check_done() returned: 0 (0=moving, 1=stopped)
2026-02-02T16:41:10,351450+0800 INFO (motion_controller_device.cpp:1482) sys/motion/3 [SMC] Checking axis 1 motion status...
2026-02-02T16:41:10,351460+0800 DEBUG (motion_controller_device.cpp:1483) sys/motion/3 [SMC] smc_check_done(card_id=2, axis=1) [always_executed_hook]
2026-02-02T16:41:10,351793+0800 DEBUG (motion_controller_device.cpp:1486) sys/motion/3 [SMC] smc_check_done() returned: 0 (0=moving, 1=stopped)
2026-02-02T16:41:10,352202+0800 INFO (motion_controller_device.cpp:1482) sys/motion/3 [SMC] Checking axis 2 motion status...
2026-02-02T16:41:10,352208+0800 DEBUG (motion_controller_device.cpp:1483) sys/motion/3 [SMC] smc_check_done(card_id=2, axis=2) [always_executed_hook]
2026-02-02T16:41:10,352622+0800 DEBUG (motion_controller_device.cpp:1486) sys/motion/3 [SMC] smc_check_done() returned: 0 (0=moving, 1=stopped)
2026-02-02T16:41:10,353101+0800 INFO (motion_controller_device.cpp:1482) sys/motion/3 [SMC] Checking axis 3 motion status...
2026-02-02T16:41:10,353139+0800 DEBUG (motion_controller_device.cpp:1483) sys/motion/3 [SMC] smc_check_done(card_id=2, axis=3) [always_executed_hook]
2026-02-02T16:41:10,353531+0800 DEBUG (motion_controller_device.cpp:1486) sys/motion/3 [SMC] smc_check_done() returned: 0 (0=moving, 1=stopped)
2026-02-02T16:41:10,353978+0800 INFO (motion_controller_device.cpp:1482) sys/motion/3 [SMC] Checking axis 4 motion status...
2026-02-02T16:41:10,353989+0800 DEBUG (motion_controller_device.cpp:1483) sys/motion/3 [SMC] smc_check_done(card_id=2, axis=4) [always_executed_hook]
2026-02-02T16:41:10,354466+0800 DEBUG (motion_controller_device.cpp:1486) sys/motion/3 [SMC] smc_check_done() returned: 0 (0=moving, 1=stopped)
2026-02-02T16:41:10,354835+0800 INFO (motion_controller_device.cpp:1482) sys/motion/3 [SMC] Checking axis 5 motion status...
2026-02-02T16:41:10,354845+0800 DEBUG (motion_controller_device.cpp:1483) sys/motion/3 [SMC] smc_check_done(card_id=2, axis=5) [always_executed_hook]
2026-02-02T16:41:10,355314+0800 DEBUG (motion_controller_device.cpp:1486) sys/motion/3 [SMC] smc_check_done() returned: 0 (0=moving, 1=stopped)
2026-02-02T16:41:10,356080+0800 DEBUG (motion_controller_device.cpp:1102) sys/motion/3 [SMC] smc_read_eln_pin(card_id=2, axis=4)
2026-02-02T16:41:10,356097+0800 DEBUG (motion_controller_device.cpp:1103) sys/motion/3 [SMC] smc_read_elp_pin() returned: 1
2026-02-02T16:41:10,356548+0800 DEBUG (motion_controller_device.cpp:1105) sys/motion/3 [SMC] smc_read_eln_pin(card_id=2, axis=4)
2026-02-02T16:41:10,356558+0800 DEBUG (motion_controller_device.cpp:1106) sys/motion/3 [SMC] smc_read_eln_pin() returned: 1
2026-02-02T16:41:10,356815+0800 INFO (motion_controller_device.cpp:1482) sys/motion/3 [SMC] Checking axis 0 motion status...
2026-02-02T16:41:10,356828+0800 DEBUG (motion_controller_device.cpp:1483) sys/motion/3 [SMC] smc_check_done(card_id=2, axis=0) [always_executed_hook]
2026-02-02T16:41:10,357303+0800 DEBUG (motion_controller_device.cpp:1486) sys/motion/3 [SMC] smc_check_done() returned: 0 (0=moving, 1=stopped)
2026-02-02T16:41:10,357653+0800 INFO (motion_controller_device.cpp:1482) sys/motion/3 [SMC] Checking axis 1 motion status...
2026-02-02T16:41:10,357660+0800 DEBUG (motion_controller_device.cpp:1483) sys/motion/3 [SMC] smc_check_done(card_id=2, axis=1) [always_executed_hook]
2026-02-02T16:41:10,358138+0800 DEBUG (motion_controller_device.cpp:1486) sys/motion/3 [SMC] smc_check_done() returned: 0 (0=moving, 1=stopped)
2026-02-02T16:41:10,358471+0800 INFO (motion_controller_device.cpp:1482) sys/motion/3 [SMC] Checking axis 2 motion status...
2026-02-02T16:41:10,358483+0800 DEBUG (motion_controller_device.cpp:1483) sys/motion/3 [SMC] smc_check_done(card_id=2, axis=2) [always_executed_hook]
2026-02-02T16:41:10,358883+0800 DEBUG (motion_controller_device.cpp:1486) sys/motion/3 [SMC] smc_check_done() returned: 0 (0=moving, 1=stopped)
2026-02-02T16:41:10,359290+0800 INFO (motion_controller_device.cpp:1482) sys/motion/3 [SMC] Checking axis 3 motion status...
2026-02-02T16:41:10,359296+0800 DEBUG (motion_controller_device.cpp:1483) sys/motion/3 [SMC] smc_check_done(card_id=2, axis=3) [always_executed_hook]
2026-02-02T16:41:10,359689+0800 DEBUG (motion_controller_device.cpp:1486) sys/motion/3 [SMC] smc_check_done() returned: 0 (0=moving, 1=stopped)
2026-02-02T16:41:10,360096+0800 INFO (motion_controller_device.cpp:1482) sys/motion/3 [SMC] Checking axis 4 motion status...
2026-02-02T16:41:10,360109+0800 DEBUG (motion_controller_device.cpp:1483) sys/motion/3 [SMC] smc_check_done(card_id=2, axis=4) [always_executed_hook]
2026-02-02T16:41:10,360529+0800 DEBUG (motion_controller_device.cpp:1486) sys/motion/3 [SMC] smc_check_done() returned: 0 (0=moving, 1=stopped)
2026-02-02T16:41:10,360970+0800 INFO (motion_controller_device.cpp:1482) sys/motion/3 [SMC] Checking axis 5 motion status...
2026-02-02T16:41:10,360981+0800 DEBUG (motion_controller_device.cpp:1483) sys/motion/3 [SMC] smc_check_done(card_id=2, axis=5) [always_executed_hook]
2026-02-02T16:41:10,361312+0800 DEBUG (motion_controller_device.cpp:1486) sys/motion/3 [SMC] smc_check_done() returned: 0 (0=moving, 1=stopped)
2026-02-02T16:41:10,362276+0800 DEBUG (motion_controller_device.cpp:1102) sys/motion/3 [SMC] smc_read_eln_pin(card_id=2, axis=5)
2026-02-02T16:41:10,362288+0800 DEBUG (motion_controller_device.cpp:1103) sys/motion/3 [SMC] smc_read_elp_pin() returned: 1
2026-02-02T16:41:10,362710+0800 DEBUG (motion_controller_device.cpp:1105) sys/motion/3 [SMC] smc_read_eln_pin(card_id=2, axis=5)
2026-02-02T16:41:10,362716+0800 DEBUG (motion_controller_device.cpp:1106) sys/motion/3 [SMC] smc_read_eln_pin() returned: 1
2026-02-02T16:41:10,362914+0800 INFO (motion_controller_device.cpp:1482) sys/motion/3 [SMC] Checking axis 0 motion status...
2026-02-02T16:41:10,362980+0800 DEBUG (motion_controller_device.cpp:1483) sys/motion/3 [SMC] smc_check_done(card_id=2, axis=0) [always_executed_hook]
2026-02-02T16:41:10,363415+0800 DEBUG (motion_controller_device.cpp:1486) sys/motion/3 [SMC] smc_check_done() returned: 0 (0=moving, 1=stopped)
2026-02-02T16:41:10,363880+0800 INFO (motion_controller_device.cpp:1482) sys/motion/3 [SMC] Checking axis 1 motion status...
2026-02-02T16:41:10,363891+0800 DEBUG (motion_controller_device.cpp:1483) sys/motion/3 [SMC] smc_check_done(card_id=2, axis=1) [always_executed_hook]
2026-02-02T16:41:10,364475+0800 DEBUG (motion_controller_device.cpp:1486) sys/motion/3 [SMC] smc_check_done() returned: 0 (0=moving, 1=stopped)
2026-02-02T16:41:10,364987+0800 INFO (motion_controller_device.cpp:1482) sys/motion/3 [SMC] Checking axis 2 motion status...
2026-02-02T16:41:10,365006+0800 DEBUG (motion_controller_device.cpp:1483) sys/motion/3 [SMC] smc_check_done(card_id=2, axis=2) [always_executed_hook]
2026-02-02T16:41:10,365448+0800 DEBUG (motion_controller_device.cpp:1486) sys/motion/3 [SMC] smc_check_done() returned: 0 (0=moving, 1=stopped)
2026-02-02T16:41:10,365799+0800 INFO (motion_controller_device.cpp:1482) sys/motion/3 [SMC] Checking axis 3 motion status...
2026-02-02T16:41:10,365809+0800 DEBUG (motion_controller_device.cpp:1483) sys/motion/3 [SMC] smc_check_done(card_id=2, axis=3) [always_executed_hook]
2026-02-02T16:41:10,366217+0800 DEBUG (motion_controller_device.cpp:1486) sys/motion/3 [SMC] smc_check_done() returned: 0 (0=moving, 1=stopped)
2026-02-02T16:41:10,366642+0800 INFO (motion_controller_device.cpp:1482) sys/motion/3 [SMC] Checking axis 4 motion status...
2026-02-02T16:41:10,366660+0800 DEBUG (motion_controller_device.cpp:1483) sys/motion/3 [SMC] smc_check_done(card_id=2, axis=4) [always_executed_hook]
2026-02-02T16:41:10,367142+0800 DEBUG (motion_controller_device.cpp:1486) sys/motion/3 [SMC] smc_check_done() returned: 0 (0=moving, 1=stopped)
2026-02-02T16:41:10,367522+0800 INFO (motion_controller_device.cpp:1482) sys/motion/3 [SMC] Checking axis 5 motion status...
2026-02-02T16:41:10,367529+0800 DEBUG (motion_controller_device.cpp:1483) sys/motion/3 [SMC] smc_check_done(card_id=2, axis=5) [always_executed_hook]
2026-02-02T16:41:10,368038+0800 DEBUG (motion_controller_device.cpp:1486) sys/motion/3 [SMC] smc_check_done() returned: 0 (0=moving, 1=stopped)
2026-02-02T16:41:10,870269+0800 INFO (motion_controller_device.cpp:1482) sys/motion/3 [SMC] Checking axis 0 motion status...
2026-02-02T16:41:10,870306+0800 DEBUG (motion_controller_device.cpp:1483) sys/motion/3 [SMC] smc_check_done(card_id=2, axis=0) [always_executed_hook]
2026-02-02T16:41:10,871087+0800 DEBUG (motion_controller_device.cpp:1486) sys/motion/3 [SMC] smc_check_done() returned: 0 (0=moving, 1=stopped)
2026-02-02T16:41:10,871545+0800 INFO (motion_controller_device.cpp:1482) sys/motion/3 [SMC] Checking axis 1 motion status...
2026-02-02T16:41:10,871557+0800 DEBUG (motion_controller_device.cpp:1483) sys/motion/3 [SMC] smc_check_done(card_id=2, axis=1) [always_executed_hook]
2026-02-02T16:41:10,872029+0800 DEBUG (motion_controller_device.cpp:1486) sys/motion/3 [SMC] smc_check_done() returned: 0 (0=moving, 1=stopped)
2026-02-02T16:41:10,872367+0800 INFO (motion_controller_device.cpp:1482) sys/motion/3 [SMC] Checking axis 2 motion status...
2026-02-02T16:41:10,872377+0800 DEBUG (motion_controller_device.cpp:1483) sys/motion/3 [SMC] smc_check_done(card_id=2, axis=2) [always_executed_hook]
2026-02-02T16:41:10,872796+0800 DEBUG (motion_controller_device.cpp:1486) sys/motion/3 [SMC] smc_check_done() returned: 0 (0=moving, 1=stopped)
2026-02-02T16:41:10,873138+0800 INFO (motion_controller_device.cpp:1482) sys/motion/3 [SMC] Checking axis 3 motion status...
2026-02-02T16:41:10,873144+0800 DEBUG (motion_controller_device.cpp:1483) sys/motion/3 [SMC] smc_check_done(card_id=2, axis=3) [always_executed_hook]
2026-02-02T16:41:10,873523+0800 DEBUG (motion_controller_device.cpp:1486) sys/motion/3 [SMC] smc_check_done() returned: 0 (0=moving, 1=stopped)
2026-02-02T16:41:10,873873+0800 INFO (motion_controller_device.cpp:1482) sys/motion/3 [SMC] Checking axis 4 motion status...
2026-02-02T16:41:10,873883+0800 DEBUG (motion_controller_device.cpp:1483) sys/motion/3 [SMC] smc_check_done(card_id=2, axis=4) [always_executed_hook]
2026-02-02T16:41:10,874255+0800 DEBUG (motion_controller_device.cpp:1486) sys/motion/3 [SMC] smc_check_done() returned: 0 (0=moving, 1=stopped)
2026-02-02T16:41:10,874651+0800 INFO (motion_controller_device.cpp:1482) sys/motion/3 [SMC] Checking axis 5 motion status...
2026-02-02T16:41:10,874656+0800 DEBUG (motion_controller_device.cpp:1483) sys/motion/3 [SMC] smc_check_done(card_id=2, axis=5) [always_executed_hook]
2026-02-02T16:41:10,875034+0800 DEBUG (motion_controller_device.cpp:1486) sys/motion/3 [SMC] smc_check_done() returned: 0 (0=moving, 1=stopped)
2026-02-02T16:41:10,875786+0800 DEBUG (motion_controller_device.cpp:1102) sys/motion/3 [SMC] smc_read_eln_pin(card_id=2, axis=0)
2026-02-02T16:41:10,875795+0800 DEBUG (motion_controller_device.cpp:1103) sys/motion/3 [SMC] smc_read_elp_pin() returned: 1
2026-02-02T16:41:10,876246+0800 DEBUG (motion_controller_device.cpp:1105) sys/motion/3 [SMC] smc_read_eln_pin(card_id=2, axis=0)
2026-02-02T16:41:10,876256+0800 DEBUG (motion_controller_device.cpp:1106) sys/motion/3 [SMC] smc_read_eln_pin() returned: 1
2026-02-02T16:41:10,876435+0800 INFO (motion_controller_device.cpp:1482) sys/motion/3 [SMC] Checking axis 0 motion status...
2026-02-02T16:41:10,876453+0800 DEBUG (motion_controller_device.cpp:1483) sys/motion/3 [SMC] smc_check_done(card_id=2, axis=0) [always_executed_hook]
2026-02-02T16:41:10,877011+0800 DEBUG (motion_controller_device.cpp:1486) sys/motion/3 [SMC] smc_check_done() returned: 0 (0=moving, 1=stopped)
2026-02-02T16:41:10,877518+0800 INFO (motion_controller_device.cpp:1482) sys/motion/3 [SMC] Checking axis 1 motion status...
2026-02-02T16:41:10,877530+0800 DEBUG (motion_controller_device.cpp:1483) sys/motion/3 [SMC] smc_check_done(card_id=2, axis=1) [always_executed_hook]
2026-02-02T16:41:10,877919+0800 DEBUG (motion_controller_device.cpp:1486) sys/motion/3 [SMC] smc_check_done() returned: 0 (0=moving, 1=stopped)
2026-02-02T16:41:10,878299+0800 INFO (motion_controller_device.cpp:1482) sys/motion/3 [SMC] Checking axis 2 motion status...
2026-02-02T16:41:10,878306+0800 DEBUG (motion_controller_device.cpp:1483) sys/motion/3 [SMC] smc_check_done(card_id=2, axis=2) [always_executed_hook]
2026-02-02T16:41:10,878833+0800 DEBUG (motion_controller_device.cpp:1486) sys/motion/3 [SMC] smc_check_done() returned: 0 (0=moving, 1=stopped)
2026-02-02T16:41:10,879264+0800 INFO (motion_controller_device.cpp:1482) sys/motion/3 [SMC] Checking axis 3 motion status...
2026-02-02T16:41:10,879275+0800 DEBUG (motion_controller_device.cpp:1483) sys/motion/3 [SMC] smc_check_done(card_id=2, axis=3) [always_executed_hook]
2026-02-02T16:41:10,879685+0800 DEBUG (motion_controller_device.cpp:1486) sys/motion/3 [SMC] smc_check_done() returned: 0 (0=moving, 1=stopped)
2026-02-02T16:41:10,880051+0800 INFO (motion_controller_device.cpp:1482) sys/motion/3 [SMC] Checking axis 4 motion status...
2026-02-02T16:41:10,880057+0800 DEBUG (motion_controller_device.cpp:1483) sys/motion/3 [SMC] smc_check_done(card_id=2, axis=4) [always_executed_hook]
2026-02-02T16:41:10,880449+0800 DEBUG (motion_controller_device.cpp:1486) sys/motion/3 [SMC] smc_check_done() returned: 0 (0=moving, 1=stopped)
2026-02-02T16:41:10,881353+0800 INFO (motion_controller_device.cpp:1482) sys/motion/3 [SMC] Checking axis 5 motion status...
2026-02-02T16:41:10,881363+0800 DEBUG (motion_controller_device.cpp:1483) sys/motion/3 [SMC] smc_check_done(card_id=2, axis=5) [always_executed_hook]
2026-02-02T16:41:10,881785+0800 DEBUG (motion_controller_device.cpp:1486) sys/motion/3 [SMC] smc_check_done() returned: 0 (0=moving, 1=stopped)
2026-02-02T16:41:10,883095+0800 DEBUG (motion_controller_device.cpp:1102) sys/motion/3 [SMC] smc_read_eln_pin(card_id=2, axis=1)
2026-02-02T16:41:10,883109+0800 DEBUG (motion_controller_device.cpp:1103) sys/motion/3 [SMC] smc_read_elp_pin() returned: 1
2026-02-02T16:41:10,883553+0800 DEBUG (motion_controller_device.cpp:1105) sys/motion/3 [SMC] smc_read_eln_pin(card_id=2, axis=1)
2026-02-02T16:41:10,883560+0800 DEBUG (motion_controller_device.cpp:1106) sys/motion/3 [SMC] smc_read_eln_pin() returned: 1
2026-02-02T16:41:10,883678+0800 INFO (motion_controller_device.cpp:1482) sys/motion/3 [SMC] Checking axis 0 motion status...
2026-02-02T16:41:10,883685+0800 DEBUG (motion_controller_device.cpp:1483) sys/motion/3 [SMC] smc_check_done(card_id=2, axis=0) [always_executed_hook]
2026-02-02T16:41:10,884168+0800 DEBUG (motion_controller_device.cpp:1486) sys/motion/3 [SMC] smc_check_done() returned: 0 (0=moving, 1=stopped)
2026-02-02T16:41:10,884696+0800 INFO (motion_controller_device.cpp:1482) sys/motion/3 [SMC] Checking axis 1 motion status...
2026-02-02T16:41:10,884706+0800 DEBUG (motion_controller_device.cpp:1483) sys/motion/3 [SMC] smc_check_done(card_id=2, axis=1) [always_executed_hook]
2026-02-02T16:41:10,885315+0800 DEBUG (motion_controller_device.cpp:1486) sys/motion/3 [SMC] smc_check_done() returned: 0 (0=moving, 1=stopped)
2026-02-02T16:41:10,885874+0800 INFO (motion_controller_device.cpp:1482) sys/motion/3 [SMC] Checking axis 2 motion status...
2026-02-02T16:41:10,885884+0800 DEBUG (motion_controller_device.cpp:1483) sys/motion/3 [SMC] smc_check_done(card_id=2, axis=2) [always_executed_hook]
2026-02-02T16:41:10,886373+0800 DEBUG (motion_controller_device.cpp:1486) sys/motion/3 [SMC] smc_check_done() returned: 0 (0=moving, 1=stopped)
2026-02-02T16:41:10,887015+0800 INFO (motion_controller_device.cpp:1482) sys/motion/3 [SMC] Checking axis 3 motion status...
2026-02-02T16:41:10,887026+0800 DEBUG (motion_controller_device.cpp:1483) sys/motion/3 [SMC] smc_check_done(card_id=2, axis=3) [always_executed_hook]
2026-02-02T16:41:10,887624+0800 DEBUG (motion_controller_device.cpp:1486) sys/motion/3 [SMC] smc_check_done() returned: 0 (0=moving, 1=stopped)
2026-02-02T16:41:10,888305+0800 INFO (motion_controller_device.cpp:1482) sys/motion/3 [SMC] Checking axis 4 motion status...
2026-02-02T16:41:10,888318+0800 DEBUG (motion_controller_device.cpp:1483) sys/motion/3 [SMC] smc_check_done(card_id=2, axis=4) [always_executed_hook]
2026-02-02T16:41:10,889036+0800 DEBUG (motion_controller_device.cpp:1486) sys/motion/3 [SMC] smc_check_done() returned: 0 (0=moving, 1=stopped)
2026-02-02T16:41:10,889662+0800 INFO (motion_controller_device.cpp:1482) sys/motion/3 [SMC] Checking axis 5 motion status...
2026-02-02T16:41:10,889671+0800 DEBUG (motion_controller_device.cpp:1483) sys/motion/3 [SMC] smc_check_done(card_id=2, axis=5) [always_executed_hook]
2026-02-02T16:41:10,890394+0800 DEBUG (motion_controller_device.cpp:1486) sys/motion/3 [SMC] smc_check_done() returned: 0 (0=moving, 1=stopped)
2026-02-02T16:41:10,891846+0800 DEBUG (motion_controller_device.cpp:1102) sys/motion/3 [SMC] smc_read_eln_pin(card_id=2, axis=2)
2026-02-02T16:41:10,891860+0800 DEBUG (motion_controller_device.cpp:1103) sys/motion/3 [SMC] smc_read_elp_pin() returned: 1
2026-02-02T16:41:10,892316+0800 DEBUG (motion_controller_device.cpp:1105) sys/motion/3 [SMC] smc_read_eln_pin(card_id=2, axis=2)
2026-02-02T16:41:10,892327+0800 DEBUG (motion_controller_device.cpp:1106) sys/motion/3 [SMC] smc_read_eln_pin() returned: 1
2026-02-02T16:41:10,892546+0800 INFO (motion_controller_device.cpp:1482) sys/motion/3 [SMC] Checking axis 0 motion status...
2026-02-02T16:41:10,892561+0800 DEBUG (motion_controller_device.cpp:1483) sys/motion/3 [SMC] smc_check_done(card_id=2, axis=0) [always_executed_hook]
2026-02-02T16:41:10,893008+0800 DEBUG (motion_controller_device.cpp:1486) sys/motion/3 [SMC] smc_check_done() returned: 0 (0=moving, 1=stopped)
2026-02-02T16:41:10,893586+0800 INFO (motion_controller_device.cpp:1482) sys/motion/3 [SMC] Checking axis 1 motion status...
2026-02-02T16:41:10,893598+0800 DEBUG (motion_controller_device.cpp:1483) sys/motion/3 [SMC] smc_check_done(card_id=2, axis=1) [always_executed_hook]
2026-02-02T16:41:10,893980+0800 DEBUG (motion_controller_device.cpp:1486) sys/motion/3 [SMC] smc_check_done() returned: 0 (0=moving, 1=stopped)
2026-02-02T16:41:10,894532+0800 INFO (motion_controller_device.cpp:1482) sys/motion/3 [SMC] Checking axis 2 motion status...
2026-02-02T16:41:10,894542+0800 DEBUG (motion_controller_device.cpp:1483) sys/motion/3 [SMC] smc_check_done(card_id=2, axis=2) [always_executed_hook]
2026-02-02T16:41:10,895093+0800 DEBUG (motion_controller_device.cpp:1486) sys/motion/3 [SMC] smc_check_done() returned: 0 (0=moving, 1=stopped)
2026-02-02T16:41:10,895594+0800 INFO (motion_controller_device.cpp:1482) sys/motion/3 [SMC] Checking axis 3 motion status...
2026-02-02T16:41:10,895604+0800 DEBUG (motion_controller_device.cpp:1483) sys/motion/3 [SMC] smc_check_done(card_id=2, axis=3) [always_executed_hook]
2026-02-02T16:41:10,895991+0800 DEBUG (motion_controller_device.cpp:1486) sys/motion/3 [SMC] smc_check_done() returned: 0 (0=moving, 1=stopped)
2026-02-02T16:41:10,896465+0800 INFO (motion_controller_device.cpp:1482) sys/motion/3 [SMC] Checking axis 4 motion status...
2026-02-02T16:41:10,896475+0800 DEBUG (motion_controller_device.cpp:1483) sys/motion/3 [SMC] smc_check_done(card_id=2, axis=4) [always_executed_hook]
2026-02-02T16:41:10,897443+0800 DEBUG (motion_controller_device.cpp:1486) sys/motion/3 [SMC] smc_check_done() returned: 0 (0=moving, 1=stopped)
2026-02-02T16:41:10,898148+0800 INFO (motion_controller_device.cpp:1482) sys/motion/3 [SMC] Checking axis 5 motion status...
2026-02-02T16:41:10,898161+0800 DEBUG (motion_controller_device.cpp:1483) sys/motion/3 [SMC] smc_check_done(card_id=2, axis=5) [always_executed_hook]
2026-02-02T16:41:10,898822+0800 DEBUG (motion_controller_device.cpp:1486) sys/motion/3 [SMC] smc_check_done() returned: 0 (0=moving, 1=stopped)
2026-02-02T16:41:10,899871+0800 DEBUG (motion_controller_device.cpp:1102) sys/motion/3 [SMC] smc_read_eln_pin(card_id=2, axis=3)
2026-02-02T16:41:10,899886+0800 DEBUG (motion_controller_device.cpp:1103) sys/motion/3 [SMC] smc_read_elp_pin() returned: 1
2026-02-02T16:41:10,900253+0800 DEBUG (motion_controller_device.cpp:1105) sys/motion/3 [SMC] smc_read_eln_pin(card_id=2, axis=3)
2026-02-02T16:41:10,900259+0800 DEBUG (motion_controller_device.cpp:1106) sys/motion/3 [SMC] smc_read_eln_pin() returned: 1
2026-02-02T16:41:10,900484+0800 INFO (motion_controller_device.cpp:1482) sys/motion/3 [SMC] Checking axis 0 motion status...
2026-02-02T16:41:10,900500+0800 DEBUG (motion_controller_device.cpp:1483) sys/motion/3 [SMC] smc_check_done(card_id=2, axis=0) [always_executed_hook]
2026-02-02T16:41:10,901216+0800 DEBUG (motion_controller_device.cpp:1486) sys/motion/3 [SMC] smc_check_done() returned: 0 (0=moving, 1=stopped)
2026-02-02T16:41:10,901883+0800 INFO (motion_controller_device.cpp:1482) sys/motion/3 [SMC] Checking axis 1 motion status...
2026-02-02T16:41:10,901896+0800 DEBUG (motion_controller_device.cpp:1483) sys/motion/3 [SMC] smc_check_done(card_id=2, axis=1) [always_executed_hook]
2026-02-02T16:41:10,902821+0800 DEBUG (motion_controller_device.cpp:1486) sys/motion/3 [SMC] smc_check_done() returned: 0 (0=moving, 1=stopped)
2026-02-02T16:41:10,904146+0800 INFO (motion_controller_device.cpp:1482) sys/motion/3 [SMC] Checking axis 2 motion status...
2026-02-02T16:41:10,904166+0800 DEBUG (motion_controller_device.cpp:1483) sys/motion/3 [SMC] smc_check_done(card_id=2, axis=2) [always_executed_hook]
2026-02-02T16:41:10,904751+0800 DEBUG (motion_controller_device.cpp:1486) sys/motion/3 [SMC] smc_check_done() returned: 0 (0=moving, 1=stopped)
2026-02-02T16:41:10,905338+0800 INFO (motion_controller_device.cpp:1482) sys/motion/3 [SMC] Checking axis 3 motion status...
2026-02-02T16:41:10,905349+0800 DEBUG (motion_controller_device.cpp:1483) sys/motion/3 [SMC] smc_check_done(card_id=2, axis=3) [always_executed_hook]
2026-02-02T16:41:10,906075+0800 DEBUG (motion_controller_device.cpp:1486) sys/motion/3 [SMC] smc_check_done() returned: 0 (0=moving, 1=stopped)
2026-02-02T16:41:10,906784+0800 INFO (motion_controller_device.cpp:1482) sys/motion/3 [SMC] Checking axis 4 motion status...
2026-02-02T16:41:10,906795+0800 DEBUG (motion_controller_device.cpp:1483) sys/motion/3 [SMC] smc_check_done(card_id=2, axis=4) [always_executed_hook]
2026-02-02T16:41:10,907578+0800 DEBUG (motion_controller_device.cpp:1486) sys/motion/3 [SMC] smc_check_done() returned: 0 (0=moving, 1=stopped)
2026-02-02T16:41:10,908161+0800 INFO (motion_controller_device.cpp:1482) sys/motion/3 [SMC] Checking axis 5 motion status...
2026-02-02T16:41:10,908172+0800 DEBUG (motion_controller_device.cpp:1483) sys/motion/3 [SMC] smc_check_done(card_id=2, axis=5) [always_executed_hook]
2026-02-02T16:41:10,908896+0800 DEBUG (motion_controller_device.cpp:1486) sys/motion/3 [SMC] smc_check_done() returned: 0 (0=moving, 1=stopped)
2026-02-02T16:41:10,910183+0800 DEBUG (motion_controller_device.cpp:1102) sys/motion/3 [SMC] smc_read_eln_pin(card_id=2, axis=4)
2026-02-02T16:41:10,910192+0800 DEBUG (motion_controller_device.cpp:1103) sys/motion/3 [SMC] smc_read_elp_pin() returned: 1
2026-02-02T16:41:10,910788+0800 DEBUG (motion_controller_device.cpp:1105) sys/motion/3 [SMC] smc_read_eln_pin(card_id=2, axis=4)
2026-02-02T16:41:10,910795+0800 DEBUG (motion_controller_device.cpp:1106) sys/motion/3 [SMC] smc_read_eln_pin() returned: 1
2026-02-02T16:41:10,911055+0800 INFO (motion_controller_device.cpp:1482) sys/motion/3 [SMC] Checking axis 0 motion status...
2026-02-02T16:41:10,911101+0800 DEBUG (motion_controller_device.cpp:1483) sys/motion/3 [SMC] smc_check_done(card_id=2, axis=0) [always_executed_hook]
2026-02-02T16:41:10,911825+0800 DEBUG (motion_controller_device.cpp:1486) sys/motion/3 [SMC] smc_check_done() returned: 0 (0=moving, 1=stopped)
2026-02-02T16:41:10,912828+0800 INFO (motion_controller_device.cpp:1482) sys/motion/3 [SMC] Checking axis 1 motion status...
2026-02-02T16:41:10,912842+0800 DEBUG (motion_controller_device.cpp:1483) sys/motion/3 [SMC] smc_check_done(card_id=2, axis=1) [always_executed_hook]
2026-02-02T16:41:10,913448+0800 DEBUG (motion_controller_device.cpp:1486) sys/motion/3 [SMC] smc_check_done() returned: 0 (0=moving, 1=stopped)
2026-02-02T16:41:10,914188+0800 INFO (motion_controller_device.cpp:1482) sys/motion/3 [SMC] Checking axis 2 motion status...
2026-02-02T16:41:10,914200+0800 DEBUG (motion_controller_device.cpp:1483) sys/motion/3 [SMC] smc_check_done(card_id=2, axis=2) [always_executed_hook]
2026-02-02T16:41:10,914780+0800 DEBUG (motion_controller_device.cpp:1486) sys/motion/3 [SMC] smc_check_done() returned: 0 (0=moving, 1=stopped)
2026-02-02T16:41:10,917448+0800 INFO (motion_controller_device.cpp:1482) sys/motion/3 [SMC] Checking axis 3 motion status...
2026-02-02T16:41:10,917468+0800 DEBUG (motion_controller_device.cpp:1483) sys/motion/3 [SMC] smc_check_done(card_id=2, axis=3) [always_executed_hook]
2026-02-02T16:41:10,918159+0800 DEBUG (motion_controller_device.cpp:1486) sys/motion/3 [SMC] smc_check_done() returned: 0 (0=moving, 1=stopped)
2026-02-02T16:41:10,918736+0800 INFO (motion_controller_device.cpp:1482) sys/motion/3 [SMC] Checking axis 4 motion status...
2026-02-02T16:41:10,918748+0800 DEBUG (motion_controller_device.cpp:1483) sys/motion/3 [SMC] smc_check_done(card_id=2, axis=4) [always_executed_hook]
2026-02-02T16:41:10,919372+0800 DEBUG (motion_controller_device.cpp:1486) sys/motion/3 [SMC] smc_check_done() returned: 0 (0=moving, 1=stopped)
2026-02-02T16:41:10,919870+0800 INFO (motion_controller_device.cpp:1482) sys/motion/3 [SMC] Checking axis 5 motion status...
2026-02-02T16:41:10,919882+0800 DEBUG (motion_controller_device.cpp:1483) sys/motion/3 [SMC] smc_check_done(card_id=2, axis=5) [always_executed_hook]
2026-02-02T16:41:10,920354+0800 DEBUG (motion_controller_device.cpp:1486) sys/motion/3 [SMC] smc_check_done() returned: 0 (0=moving, 1=stopped)
2026-02-02T16:41:10,921762+0800 DEBUG (motion_controller_device.cpp:1102) sys/motion/3 [SMC] smc_read_eln_pin(card_id=2, axis=5)
2026-02-02T16:41:10,921779+0800 DEBUG (motion_controller_device.cpp:1103) sys/motion/3 [SMC] smc_read_elp_pin() returned: 1
2026-02-02T16:41:10,923071+0800 DEBUG (motion_controller_device.cpp:1105) sys/motion/3 [SMC] smc_read_eln_pin(card_id=2, axis=5)
2026-02-02T16:41:10,923086+0800 DEBUG (motion_controller_device.cpp:1106) sys/motion/3 [SMC] smc_read_eln_pin() returned: 1
2026-02-02T16:41:10,923338+0800 INFO (motion_controller_device.cpp:1482) sys/motion/3 [SMC] Checking axis 0 motion status...
2026-02-02T16:41:10,923441+0800 DEBUG (motion_controller_device.cpp:1483) sys/motion/3 [SMC] smc_check_done(card_id=2, axis=0) [always_executed_hook]
2026-02-02T16:41:10,924226+0800 DEBUG (motion_controller_device.cpp:1486) sys/motion/3 [SMC] smc_check_done() returned: 0 (0=moving, 1=stopped)
2026-02-02T16:41:10,924852+0800 INFO (motion_controller_device.cpp:1482) sys/motion/3 [SMC] Checking axis 1 motion status...
2026-02-02T16:41:10,924865+0800 DEBUG (motion_controller_device.cpp:1483) sys/motion/3 [SMC] smc_check_done(card_id=2, axis=1) [always_executed_hook]
2026-02-02T16:41:10,925453+0800 DEBUG (motion_controller_device.cpp:1486) sys/motion/3 [SMC] smc_check_done() returned: 0 (0=moving, 1=stopped)
2026-02-02T16:41:10,926225+0800 INFO (motion_controller_device.cpp:1482) sys/motion/3 [SMC] Checking axis 2 motion status...
2026-02-02T16:41:10,926248+0800 DEBUG (motion_controller_device.cpp:1483) sys/motion/3 [SMC] smc_check_done(card_id=2, axis=2) [always_executed_hook]
2026-02-02T16:41:10,926837+0800 DEBUG (motion_controller_device.cpp:1486) sys/motion/3 [SMC] smc_check_done() returned: 0 (0=moving, 1=stopped)
2026-02-02T16:41:10,927351+0800 INFO (motion_controller_device.cpp:1482) sys/motion/3 [SMC] Checking axis 3 motion status...
2026-02-02T16:41:10,927372+0800 DEBUG (motion_controller_device.cpp:1483) sys/motion/3 [SMC] smc_check_done(card_id=2, axis=3) [always_executed_hook]
2026-02-02T16:41:10,928390+0800 DEBUG (motion_controller_device.cpp:1486) sys/motion/3 [SMC] smc_check_done() returned: 0 (0=moving, 1=stopped)
2026-02-02T16:41:10,928979+0800 INFO (motion_controller_device.cpp:1482) sys/motion/3 [SMC] Checking axis 4 motion status...
2026-02-02T16:41:10,928998+0800 DEBUG (motion_controller_device.cpp:1483) sys/motion/3 [SMC] smc_check_done(card_id=2, axis=4) [always_executed_hook]
2026-02-02T16:41:10,929598+0800 DEBUG (motion_controller_device.cpp:1486) sys/motion/3 [SMC] smc_check_done() returned: 0 (0=moving, 1=stopped)
2026-02-02T16:41:10,930108+0800 INFO (motion_controller_device.cpp:1482) sys/motion/3 [SMC] Checking axis 5 motion status...
2026-02-02T16:41:10,930120+0800 DEBUG (motion_controller_device.cpp:1483) sys/motion/3 [SMC] smc_check_done(card_id=2, axis=5) [always_executed_hook]
2026-02-02T16:41:10,930656+0800 DEBUG (motion_controller_device.cpp:1486) sys/motion/3 [SMC] smc_check_done() returned: 0 (0=moving, 1=stopped)
2026-02-02T16:41:11,432984+0800 INFO (motion_controller_device.cpp:1482) sys/motion/3 [SMC] Checking axis 0 motion status...
2026-02-02T16:41:11,433020+0800 DEBUG (motion_controller_device.cpp:1483) sys/motion/3 [SMC] smc_check_done(card_id=2, axis=0) [always_executed_hook]
2026-02-02T16:41:11,433464+0800 DEBUG (motion_controller_device.cpp:1486) sys/motion/3 [SMC] smc_check_done() returned: 0 (0=moving, 1=stopped)
2026-02-02T16:41:11,433854+0800 INFO (motion_controller_device.cpp:1482) sys/motion/3 [SMC] Checking axis 1 motion status...
2026-02-02T16:41:11,433859+0800 DEBUG (motion_controller_device.cpp:1483) sys/motion/3 [SMC] smc_check_done(card_id=2, axis=1) [always_executed_hook]
2026-02-02T16:41:11,434226+0800 DEBUG (motion_controller_device.cpp:1486) sys/motion/3 [SMC] smc_check_done() returned: 0 (0=moving, 1=stopped)
2026-02-02T16:41:11,434639+0800 INFO (motion_controller_device.cpp:1482) sys/motion/3 [SMC] Checking axis 2 motion status...
2026-02-02T16:41:11,434644+0800 DEBUG (motion_controller_device.cpp:1483) sys/motion/3 [SMC] smc_check_done(card_id=2, axis=2) [always_executed_hook]
2026-02-02T16:41:11,435036+0800 DEBUG (motion_controller_device.cpp:1486) sys/motion/3 [SMC] smc_check_done() returned: 0 (0=moving, 1=stopped)
2026-02-02T16:41:11,435380+0800 INFO (motion_controller_device.cpp:1482) sys/motion/3 [SMC] Checking axis 3 motion status...
2026-02-02T16:41:11,435383+0800 DEBUG (motion_controller_device.cpp:1483) sys/motion/3 [SMC] smc_check_done(card_id=2, axis=3) [always_executed_hook]
2026-02-02T16:41:11,436075+0800 DEBUG (motion_controller_device.cpp:1486) sys/motion/3 [SMC] smc_check_done() returned: 0 (0=moving, 1=stopped)
2026-02-02T16:41:11,436567+0800 INFO (motion_controller_device.cpp:1482) sys/motion/3 [SMC] Checking axis 4 motion status...
2026-02-02T16:41:11,436577+0800 DEBUG (motion_controller_device.cpp:1483) sys/motion/3 [SMC] smc_check_done(card_id=2, axis=4) [always_executed_hook]
2026-02-02T16:41:11,436999+0800 DEBUG (motion_controller_device.cpp:1486) sys/motion/3 [SMC] smc_check_done() returned: 0 (0=moving, 1=stopped)
2026-02-02T16:41:11,437409+0800 INFO (motion_controller_device.cpp:1482) sys/motion/3 [SMC] Checking axis 5 motion status...
2026-02-02T16:41:11,437435+0800 DEBUG (motion_controller_device.cpp:1483) sys/motion/3 [SMC] smc_check_done(card_id=2, axis=5) [always_executed_hook]
2026-02-02T16:41:11,437787+0800 DEBUG (motion_controller_device.cpp:1486) sys/motion/3 [SMC] smc_check_done() returned: 0 (0=moving, 1=stopped)
2026-02-02T16:41:11,438478+0800 DEBUG (motion_controller_device.cpp:1102) sys/motion/3 [SMC] smc_read_eln_pin(card_id=2, axis=0)
2026-02-02T16:41:11,438496+0800 DEBUG (motion_controller_device.cpp:1103) sys/motion/3 [SMC] smc_read_elp_pin() returned: 1
2026-02-02T16:41:11,438872+0800 DEBUG (motion_controller_device.cpp:1105) sys/motion/3 [SMC] smc_read_eln_pin(card_id=2, axis=0)
2026-02-02T16:41:11,438884+0800 DEBUG (motion_controller_device.cpp:1106) sys/motion/3 [SMC] smc_read_eln_pin() returned: 1
2026-02-02T16:41:11,439103+0800 INFO (motion_controller_device.cpp:1482) sys/motion/3 [SMC] Checking axis 0 motion status...
2026-02-02T16:41:11,439109+0800 DEBUG (motion_controller_device.cpp:1483) sys/motion/3 [SMC] smc_check_done(card_id=2, axis=0) [always_executed_hook]
2026-02-02T16:41:11,439487+0800 DEBUG (motion_controller_device.cpp:1486) sys/motion/3 [SMC] smc_check_done() returned: 0 (0=moving, 1=stopped)
2026-02-02T16:41:11,439966+0800 INFO (motion_controller_device.cpp:1482) sys/motion/3 [SMC] Checking axis 1 motion status...
2026-02-02T16:41:11,439970+0800 DEBUG (motion_controller_device.cpp:1483) sys/motion/3 [SMC] smc_check_done(card_id=2, axis=1) [always_executed_hook]
2026-02-02T16:41:11,440351+0800 DEBUG (motion_controller_device.cpp:1486) sys/motion/3 [SMC] smc_check_done() returned: 0 (0=moving, 1=stopped)
2026-02-02T16:41:11,440760+0800 INFO (motion_controller_device.cpp:1482) sys/motion/3 [SMC] Checking axis 2 motion status...
2026-02-02T16:41:11,440763+0800 DEBUG (motion_controller_device.cpp:1483) sys/motion/3 [SMC] smc_check_done(card_id=2, axis=2) [always_executed_hook]
2026-02-02T16:41:11,441206+0800 DEBUG (motion_controller_device.cpp:1486) sys/motion/3 [SMC] smc_check_done() returned: 0 (0=moving, 1=stopped)
2026-02-02T16:41:11,441774+0800 INFO (motion_controller_device.cpp:1482) sys/motion/3 [SMC] Checking axis 3 motion status...
2026-02-02T16:41:11,441778+0800 DEBUG (motion_controller_device.cpp:1483) sys/motion/3 [SMC] smc_check_done(card_id=2, axis=3) [always_executed_hook]
2026-02-02T16:41:11,442324+0800 DEBUG (motion_controller_device.cpp:1486) sys/motion/3 [SMC] smc_check_done() returned: 0 (0=moving, 1=stopped)
2026-02-02T16:41:11,442761+0800 INFO (motion_controller_device.cpp:1482) sys/motion/3 [SMC] Checking axis 4 motion status...
2026-02-02T16:41:11,442772+0800 DEBUG (motion_controller_device.cpp:1483) sys/motion/3 [SMC] smc_check_done(card_id=2, axis=4) [always_executed_hook]
2026-02-02T16:41:11,443229+0800 DEBUG (motion_controller_device.cpp:1486) sys/motion/3 [SMC] smc_check_done() returned: 0 (0=moving, 1=stopped)
2026-02-02T16:41:11,443611+0800 INFO (motion_controller_device.cpp:1482) sys/motion/3 [SMC] Checking axis 5 motion status...
2026-02-02T16:41:11,443619+0800 DEBUG (motion_controller_device.cpp:1483) sys/motion/3 [SMC] smc_check_done(card_id=2, axis=5) [always_executed_hook]
2026-02-02T16:41:11,444044+0800 DEBUG (motion_controller_device.cpp:1486) sys/motion/3 [SMC] smc_check_done() returned: 0 (0=moving, 1=stopped)
2026-02-02T16:41:11,444813+0800 DEBUG (motion_controller_device.cpp:1102) sys/motion/3 [SMC] smc_read_eln_pin(card_id=2, axis=1)
2026-02-02T16:41:11,444827+0800 DEBUG (motion_controller_device.cpp:1103) sys/motion/3 [SMC] smc_read_elp_pin() returned: 1
2026-02-02T16:41:11,445235+0800 DEBUG (motion_controller_device.cpp:1105) sys/motion/3 [SMC] smc_read_eln_pin(card_id=2, axis=1)
2026-02-02T16:41:11,445248+0800 DEBUG (motion_controller_device.cpp:1106) sys/motion/3 [SMC] smc_read_eln_pin() returned: 1
2026-02-02T16:41:11,445416+0800 INFO (motion_controller_device.cpp:1482) sys/motion/3 [SMC] Checking axis 0 motion status...
2026-02-02T16:41:11,445424+0800 DEBUG (motion_controller_device.cpp:1483) sys/motion/3 [SMC] smc_check_done(card_id=2, axis=0) [always_executed_hook]
2026-02-02T16:41:11,445761+0800 DEBUG (motion_controller_device.cpp:1486) sys/motion/3 [SMC] smc_check_done() returned: 0 (0=moving, 1=stopped)
2026-02-02T16:41:11,446171+0800 INFO (motion_controller_device.cpp:1482) sys/motion/3 [SMC] Checking axis 1 motion status...
2026-02-02T16:41:11,446175+0800 DEBUG (motion_controller_device.cpp:1483) sys/motion/3 [SMC] smc_check_done(card_id=2, axis=1) [always_executed_hook]
2026-02-02T16:41:11,446581+0800 DEBUG (motion_controller_device.cpp:1486) sys/motion/3 [SMC] smc_check_done() returned: 0 (0=moving, 1=stopped)
2026-02-02T16:41:11,447228+0800 INFO (motion_controller_device.cpp:1482) sys/motion/3 [SMC] Checking axis 2 motion status...
2026-02-02T16:41:11,447249+0800 DEBUG (motion_controller_device.cpp:1483) sys/motion/3 [SMC] smc_check_done(card_id=2, axis=2) [always_executed_hook]
2026-02-02T16:41:11,447757+0800 DEBUG (motion_controller_device.cpp:1486) sys/motion/3 [SMC] smc_check_done() returned: 0 (0=moving, 1=stopped)
2026-02-02T16:41:11,448273+0800 INFO (motion_controller_device.cpp:1482) sys/motion/3 [SMC] Checking axis 3 motion status...
2026-02-02T16:41:11,448283+0800 DEBUG (motion_controller_device.cpp:1483) sys/motion/3 [SMC] smc_check_done(card_id=2, axis=3) [always_executed_hook]
2026-02-02T16:41:11,448717+0800 DEBUG (motion_controller_device.cpp:1486) sys/motion/3 [SMC] smc_check_done() returned: 0 (0=moving, 1=stopped)
2026-02-02T16:41:11,449176+0800 INFO (motion_controller_device.cpp:1482) sys/motion/3 [SMC] Checking axis 4 motion status...
2026-02-02T16:41:11,449185+0800 DEBUG (motion_controller_device.cpp:1483) sys/motion/3 [SMC] smc_check_done(card_id=2, axis=4) [always_executed_hook]
2026-02-02T16:41:11,449530+0800 DEBUG (motion_controller_device.cpp:1486) sys/motion/3 [SMC] smc_check_done() returned: 0 (0=moving, 1=stopped)
2026-02-02T16:41:11,449972+0800 INFO (motion_controller_device.cpp:1482) sys/motion/3 [SMC] Checking axis 5 motion status...
2026-02-02T16:41:11,449979+0800 DEBUG (motion_controller_device.cpp:1483) sys/motion/3 [SMC] smc_check_done(card_id=2, axis=5) [always_executed_hook]
2026-02-02T16:41:11,450378+0800 DEBUG (motion_controller_device.cpp:1486) sys/motion/3 [SMC] smc_check_done() returned: 0 (0=moving, 1=stopped)
2026-02-02T16:41:11,451339+0800 DEBUG (motion_controller_device.cpp:1102) sys/motion/3 [SMC] smc_read_eln_pin(card_id=2, axis=2)
2026-02-02T16:41:11,451354+0800 DEBUG (motion_controller_device.cpp:1103) sys/motion/3 [SMC] smc_read_elp_pin() returned: 1
2026-02-02T16:41:11,451753+0800 DEBUG (motion_controller_device.cpp:1105) sys/motion/3 [SMC] smc_read_eln_pin(card_id=2, axis=2)
2026-02-02T16:41:11,451772+0800 DEBUG (motion_controller_device.cpp:1106) sys/motion/3 [SMC] smc_read_eln_pin() returned: 1
2026-02-02T16:41:11,452001+0800 INFO (motion_controller_device.cpp:1482) sys/motion/3 [SMC] Checking axis 0 motion status...
2026-02-02T16:41:11,452009+0800 DEBUG (motion_controller_device.cpp:1483) sys/motion/3 [SMC] smc_check_done(card_id=2, axis=0) [always_executed_hook]
2026-02-02T16:41:11,452570+0800 DEBUG (motion_controller_device.cpp:1486) sys/motion/3 [SMC] smc_check_done() returned: 0 (0=moving, 1=stopped)
2026-02-02T16:41:11,452947+0800 INFO (motion_controller_device.cpp:1482) sys/motion/3 [SMC] Checking axis 1 motion status...
2026-02-02T16:41:11,452952+0800 DEBUG (motion_controller_device.cpp:1483) sys/motion/3 [SMC] smc_check_done(card_id=2, axis=1) [always_executed_hook]
2026-02-02T16:41:11,453396+0800 DEBUG (motion_controller_device.cpp:1486) sys/motion/3 [SMC] smc_check_done() returned: 0 (0=moving, 1=stopped)
2026-02-02T16:41:11,453893+0800 INFO (motion_controller_device.cpp:1482) sys/motion/3 [SMC] Checking axis 2 motion status...
2026-02-02T16:41:11,453904+0800 DEBUG (motion_controller_device.cpp:1483) sys/motion/3 [SMC] smc_check_done(card_id=2, axis=2) [always_executed_hook]
2026-02-02T16:41:11,454368+0800 DEBUG (motion_controller_device.cpp:1486) sys/motion/3 [SMC] smc_check_done() returned: 0 (0=moving, 1=stopped)
2026-02-02T16:41:11,454797+0800 INFO (motion_controller_device.cpp:1482) sys/motion/3 [SMC] Checking axis 3 motion status...
2026-02-02T16:41:11,454807+0800 DEBUG (motion_controller_device.cpp:1483) sys/motion/3 [SMC] smc_check_done(card_id=2, axis=3) [always_executed_hook]
2026-02-02T16:41:11,455236+0800 DEBUG (motion_controller_device.cpp:1486) sys/motion/3 [SMC] smc_check_done() returned: 0 (0=moving, 1=stopped)
2026-02-02T16:41:11,455678+0800 INFO (motion_controller_device.cpp:1482) sys/motion/3 [SMC] Checking axis 4 motion status...
2026-02-02T16:41:11,455689+0800 DEBUG (motion_controller_device.cpp:1483) sys/motion/3 [SMC] smc_check_done(card_id=2, axis=4) [always_executed_hook]
2026-02-02T16:41:11,456062+0800 DEBUG (motion_controller_device.cpp:1486) sys/motion/3 [SMC] smc_check_done() returned: 0 (0=moving, 1=stopped)
2026-02-02T16:41:11,456490+0800 INFO (motion_controller_device.cpp:1482) sys/motion/3 [SMC] Checking axis 5 motion status...
2026-02-02T16:41:11,456494+0800 DEBUG (motion_controller_device.cpp:1483) sys/motion/3 [SMC] smc_check_done(card_id=2, axis=5) [always_executed_hook]
2026-02-02T16:41:11,456913+0800 DEBUG (motion_controller_device.cpp:1486) sys/motion/3 [SMC] smc_check_done() returned: 0 (0=moving, 1=stopped)
2026-02-02T16:41:11,457741+0800 DEBUG (motion_controller_device.cpp:1102) sys/motion/3 [SMC] smc_read_eln_pin(card_id=2, axis=3)
2026-02-02T16:41:11,457753+0800 DEBUG (motion_controller_device.cpp:1103) sys/motion/3 [SMC] smc_read_elp_pin() returned: 1
2026-02-02T16:41:11,458165+0800 DEBUG (motion_controller_device.cpp:1105) sys/motion/3 [SMC] smc_read_eln_pin(card_id=2, axis=3)
2026-02-02T16:41:11,458179+0800 DEBUG (motion_controller_device.cpp:1106) sys/motion/3 [SMC] smc_read_eln_pin() returned: 1
2026-02-02T16:41:11,458453+0800 INFO (motion_controller_device.cpp:1482) sys/motion/3 [SMC] Checking axis 0 motion status...
2026-02-02T16:41:11,458461+0800 DEBUG (motion_controller_device.cpp:1483) sys/motion/3 [SMC] smc_check_done(card_id=2, axis=0) [always_executed_hook]
2026-02-02T16:41:11,458826+0800 DEBUG (motion_controller_device.cpp:1486) sys/motion/3 [SMC] smc_check_done() returned: 0 (0=moving, 1=stopped)
2026-02-02T16:41:11,459213+0800 INFO (motion_controller_device.cpp:1482) sys/motion/3 [SMC] Checking axis 1 motion status...
2026-02-02T16:41:11,459217+0800 DEBUG (motion_controller_device.cpp:1483) sys/motion/3 [SMC] smc_check_done(card_id=2, axis=1) [always_executed_hook]
2026-02-02T16:41:11,459699+0800 DEBUG (motion_controller_device.cpp:1486) sys/motion/3 [SMC] smc_check_done() returned: 0 (0=moving, 1=stopped)
2026-02-02T16:41:11,460222+0800 INFO (motion_controller_device.cpp:1482) sys/motion/3 [SMC] Checking axis 2 motion status...
2026-02-02T16:41:11,460226+0800 DEBUG (motion_controller_device.cpp:1483) sys/motion/3 [SMC] smc_check_done(card_id=2, axis=2) [always_executed_hook]
2026-02-02T16:41:11,460818+0800 DEBUG (motion_controller_device.cpp:1486) sys/motion/3 [SMC] smc_check_done() returned: 0 (0=moving, 1=stopped)
2026-02-02T16:41:11,461368+0800 INFO (motion_controller_device.cpp:1482) sys/motion/3 [SMC] Checking axis 3 motion status...
2026-02-02T16:41:11,461375+0800 DEBUG (motion_controller_device.cpp:1483) sys/motion/3 [SMC] smc_check_done(card_id=2, axis=3) [always_executed_hook]
2026-02-02T16:41:11,461806+0800 DEBUG (motion_controller_device.cpp:1486) sys/motion/3 [SMC] smc_check_done() returned: 0 (0=moving, 1=stopped)
2026-02-02T16:41:11,462447+0800 INFO (motion_controller_device.cpp:1482) sys/motion/3 [SMC] Checking axis 4 motion status...
2026-02-02T16:41:11,462459+0800 DEBUG (motion_controller_device.cpp:1483) sys/motion/3 [SMC] smc_check_done(card_id=2, axis=4) [always_executed_hook]
2026-02-02T16:41:11,463001+0800 DEBUG (motion_controller_device.cpp:1486) sys/motion/3 [SMC] smc_check_done() returned: 0 (0=moving, 1=stopped)
2026-02-02T16:41:11,463417+0800 INFO (motion_controller_device.cpp:1482) sys/motion/3 [SMC] Checking axis 5 motion status...
2026-02-02T16:41:11,463423+0800 DEBUG (motion_controller_device.cpp:1483) sys/motion/3 [SMC] smc_check_done(card_id=2, axis=5) [always_executed_hook]
2026-02-02T16:41:11,463845+0800 DEBUG (motion_controller_device.cpp:1486) sys/motion/3 [SMC] smc_check_done() returned: 0 (0=moving, 1=stopped)
2026-02-02T16:41:11,464848+0800 DEBUG (motion_controller_device.cpp:1102) sys/motion/3 [SMC] smc_read_eln_pin(card_id=2, axis=4)
2026-02-02T16:41:11,464872+0800 DEBUG (motion_controller_device.cpp:1103) sys/motion/3 [SMC] smc_read_elp_pin() returned: 1
2026-02-02T16:41:11,465387+0800 DEBUG (motion_controller_device.cpp:1105) sys/motion/3 [SMC] smc_read_eln_pin(card_id=2, axis=4)
2026-02-02T16:41:11,465410+0800 DEBUG (motion_controller_device.cpp:1106) sys/motion/3 [SMC] smc_read_eln_pin() returned: 1
2026-02-02T16:41:11,465701+0800 INFO (motion_controller_device.cpp:1482) sys/motion/3 [SMC] Checking axis 0 motion status...
2026-02-02T16:41:11,465714+0800 DEBUG (motion_controller_device.cpp:1483) sys/motion/3 [SMC] smc_check_done(card_id=2, axis=0) [always_executed_hook]
2026-02-02T16:41:11,466290+0800 DEBUG (motion_controller_device.cpp:1486) sys/motion/3 [SMC] smc_check_done() returned: 0 (0=moving, 1=stopped)
2026-02-02T16:41:11,466687+0800 INFO (motion_controller_device.cpp:1482) sys/motion/3 [SMC] Checking axis 1 motion status...
2026-02-02T16:41:11,466703+0800 DEBUG (motion_controller_device.cpp:1483) sys/motion/3 [SMC] smc_check_done(card_id=2, axis=1) [always_executed_hook]
2026-02-02T16:41:11,467413+0800 DEBUG (motion_controller_device.cpp:1486) sys/motion/3 [SMC] smc_check_done() returned: 0 (0=moving, 1=stopped)
2026-02-02T16:41:11,467948+0800 INFO (motion_controller_device.cpp:1482) sys/motion/3 [SMC] Checking axis 2 motion status...
2026-02-02T16:41:11,467973+0800 DEBUG (motion_controller_device.cpp:1483) sys/motion/3 [SMC] smc_check_done(card_id=2, axis=2) [always_executed_hook]
2026-02-02T16:41:11,468337+0800 DEBUG (motion_controller_device.cpp:1486) sys/motion/3 [SMC] smc_check_done() returned: 0 (0=moving, 1=stopped)
2026-02-02T16:41:11,468752+0800 INFO (motion_controller_device.cpp:1482) sys/motion/3 [SMC] Checking axis 3 motion status...
2026-02-02T16:41:11,468765+0800 DEBUG (motion_controller_device.cpp:1483) sys/motion/3 [SMC] smc_check_done(card_id=2, axis=3) [always_executed_hook]
2026-02-02T16:41:11,469131+0800 DEBUG (motion_controller_device.cpp:1486) sys/motion/3 [SMC] smc_check_done() returned: 0 (0=moving, 1=stopped)
2026-02-02T16:41:11,469520+0800 INFO (motion_controller_device.cpp:1482) sys/motion/3 [SMC] Checking axis 4 motion status...
2026-02-02T16:41:11,469526+0800 DEBUG (motion_controller_device.cpp:1483) sys/motion/3 [SMC] smc_check_done(card_id=2, axis=4) [always_executed_hook]
2026-02-02T16:41:11,469978+0800 DEBUG (motion_controller_device.cpp:1486) sys/motion/3 [SMC] smc_check_done() returned: 0 (0=moving, 1=stopped)
2026-02-02T16:41:11,470361+0800 INFO (motion_controller_device.cpp:1482) sys/motion/3 [SMC] Checking axis 5 motion status...
2026-02-02T16:41:11,470370+0800 DEBUG (motion_controller_device.cpp:1483) sys/motion/3 [SMC] smc_check_done(card_id=2, axis=5) [always_executed_hook]
2026-02-02T16:41:11,470837+0800 DEBUG (motion_controller_device.cpp:1486) sys/motion/3 [SMC] smc_check_done() returned: 0 (0=moving, 1=stopped)
2026-02-02T16:41:11,471807+0800 DEBUG (motion_controller_device.cpp:1102) sys/motion/3 [SMC] smc_read_eln_pin(card_id=2, axis=5)
2026-02-02T16:41:11,471817+0800 DEBUG (motion_controller_device.cpp:1103) sys/motion/3 [SMC] smc_read_elp_pin() returned: 1
2026-02-02T16:41:11,472417+0800 DEBUG (motion_controller_device.cpp:1105) sys/motion/3 [SMC] smc_read_eln_pin(card_id=2, axis=5)
2026-02-02T16:41:11,472438+0800 DEBUG (motion_controller_device.cpp:1106) sys/motion/3 [SMC] smc_read_eln_pin() returned: 1
2026-02-02T16:41:11,472737+0800 INFO (motion_controller_device.cpp:1482) sys/motion/3 [SMC] Checking axis 0 motion status...
2026-02-02T16:41:11,472745+0800 DEBUG (motion_controller_device.cpp:1483) sys/motion/3 [SMC] smc_check_done(card_id=2, axis=0) [always_executed_hook]
2026-02-02T16:41:11,473469+0800 DEBUG (motion_controller_device.cpp:1486) sys/motion/3 [SMC] smc_check_done() returned: 0 (0=moving, 1=stopped)
2026-02-02T16:41:11,473850+0800 INFO (motion_controller_device.cpp:1482) sys/motion/3 [SMC] Checking axis 1 motion status...
2026-02-02T16:41:11,473856+0800 DEBUG (motion_controller_device.cpp:1483) sys/motion/3 [SMC] smc_check_done(card_id=2, axis=1) [always_executed_hook]
2026-02-02T16:41:11,474255+0800 DEBUG (motion_controller_device.cpp:1486) sys/motion/3 [SMC] smc_check_done() returned: 0 (0=moving, 1=stopped)
2026-02-02T16:41:11,474664+0800 INFO (motion_controller_device.cpp:1482) sys/motion/3 [SMC] Checking axis 2 motion status...
2026-02-02T16:41:11,474671+0800 DEBUG (motion_controller_device.cpp:1483) sys/motion/3 [SMC] smc_check_done(card_id=2, axis=2) [always_executed_hook]
2026-02-02T16:41:11,475154+0800 DEBUG (motion_controller_device.cpp:1486) sys/motion/3 [SMC] smc_check_done() returned: 0 (0=moving, 1=stopped)
2026-02-02T16:41:11,475602+0800 INFO (motion_controller_device.cpp:1482) sys/motion/3 [SMC] Checking axis 3 motion status...
2026-02-02T16:41:11,475610+0800 DEBUG (motion_controller_device.cpp:1483) sys/motion/3 [SMC] smc_check_done(card_id=2, axis=3) [always_executed_hook]
2026-02-02T16:41:11,476005+0800 DEBUG (motion_controller_device.cpp:1486) sys/motion/3 [SMC] smc_check_done() returned: 0 (0=moving, 1=stopped)
2026-02-02T16:41:11,476496+0800 INFO (motion_controller_device.cpp:1482) sys/motion/3 [SMC] Checking axis 4 motion status...
2026-02-02T16:41:11,476502+0800 DEBUG (motion_controller_device.cpp:1483) sys/motion/3 [SMC] smc_check_done(card_id=2, axis=4) [always_executed_hook]
2026-02-02T16:41:11,476866+0800 DEBUG (motion_controller_device.cpp:1486) sys/motion/3 [SMC] smc_check_done() returned: 0 (0=moving, 1=stopped)
2026-02-02T16:41:11,477474+0800 INFO (motion_controller_device.cpp:1482) sys/motion/3 [SMC] Checking axis 5 motion status...
2026-02-02T16:41:11,477484+0800 DEBUG (motion_controller_device.cpp:1483) sys/motion/3 [SMC] smc_check_done(card_id=2, axis=5) [always_executed_hook]
2026-02-02T16:41:11,477997+0800 DEBUG (motion_controller_device.cpp:1486) sys/motion/3 [SMC] smc_check_done() returned: 0 (0=moving, 1=stopped)
2026-02-02T16:41:11,980066+0800 INFO (motion_controller_device.cpp:1482) sys/motion/3 [SMC] Checking axis 0 motion status...
2026-02-02T16:41:11,980094+0800 DEBUG (motion_controller_device.cpp:1483) sys/motion/3 [SMC] smc_check_done(card_id=2, axis=0) [always_executed_hook]
2026-02-02T16:41:11,980799+0800 DEBUG (motion_controller_device.cpp:1486) sys/motion/3 [SMC] smc_check_done() returned: 1 (0=moving, 1=stopped)
2026-02-02T16:41:11,980840+0800 INFO (motion_controller_device.cpp:1482) sys/motion/3 [SMC] Checking axis 1 motion status...
2026-02-02T16:41:11,980846+0800 DEBUG (motion_controller_device.cpp:1483) sys/motion/3 [SMC] smc_check_done(card_id=2, axis=1) [always_executed_hook]
2026-02-02T16:41:11,981384+0800 DEBUG (motion_controller_device.cpp:1486) sys/motion/3 [SMC] smc_check_done() returned: 1 (0=moving, 1=stopped)
2026-02-02T16:41:11,981399+0800 INFO (motion_controller_device.cpp:1482) sys/motion/3 [SMC] Checking axis 2 motion status...
2026-02-02T16:41:11,981403+0800 DEBUG (motion_controller_device.cpp:1483) sys/motion/3 [SMC] smc_check_done(card_id=2, axis=2) [always_executed_hook]
2026-02-02T16:41:11,981951+0800 DEBUG (motion_controller_device.cpp:1486) sys/motion/3 [SMC] smc_check_done() returned: 1 (0=moving, 1=stopped)
2026-02-02T16:41:11,981964+0800 INFO (motion_controller_device.cpp:1482) sys/motion/3 [SMC] Checking axis 3 motion status...
2026-02-02T16:41:11,981968+0800 DEBUG (motion_controller_device.cpp:1483) sys/motion/3 [SMC] smc_check_done(card_id=2, axis=3) [always_executed_hook]
2026-02-02T16:41:11,982421+0800 DEBUG (motion_controller_device.cpp:1486) sys/motion/3 [SMC] smc_check_done() returned: 1 (0=moving, 1=stopped)
2026-02-02T16:41:11,982434+0800 INFO (motion_controller_device.cpp:1482) sys/motion/3 [SMC] Checking axis 4 motion status...
2026-02-02T16:41:11,982438+0800 DEBUG (motion_controller_device.cpp:1483) sys/motion/3 [SMC] smc_check_done(card_id=2, axis=4) [always_executed_hook]
2026-02-02T16:41:11,982958+0800 DEBUG (motion_controller_device.cpp:1486) sys/motion/3 [SMC] smc_check_done() returned: 1 (0=moving, 1=stopped)
2026-02-02T16:41:11,982966+0800 INFO (motion_controller_device.cpp:1482) sys/motion/3 [SMC] Checking axis 5 motion status...
2026-02-02T16:41:11,982969+0800 DEBUG (motion_controller_device.cpp:1483) sys/motion/3 [SMC] smc_check_done(card_id=2, axis=5) [always_executed_hook]
2026-02-02T16:41:11,983421+0800 DEBUG (motion_controller_device.cpp:1486) sys/motion/3 [SMC] smc_check_done() returned: 1 (0=moving, 1=stopped)
2026-02-02T16:41:11,983934+0800 DEBUG (motion_controller_device.cpp:1102) sys/motion/3 [SMC] smc_read_eln_pin(card_id=2, axis=0)
2026-02-02T16:41:11,983944+0800 DEBUG (motion_controller_device.cpp:1103) sys/motion/3 [SMC] smc_read_elp_pin() returned: 1
2026-02-02T16:41:11,984318+0800 DEBUG (motion_controller_device.cpp:1105) sys/motion/3 [SMC] smc_read_eln_pin(card_id=2, axis=0)
2026-02-02T16:41:11,984326+0800 DEBUG (motion_controller_device.cpp:1106) sys/motion/3 [SMC] smc_read_eln_pin() returned: 1
2026-02-02T16:41:11,985006+0800 DEBUG (motion_controller_device.cpp:1102) sys/motion/3 [SMC] smc_read_eln_pin(card_id=2, axis=1)
2026-02-02T16:41:11,985015+0800 DEBUG (motion_controller_device.cpp:1103) sys/motion/3 [SMC] smc_read_elp_pin() returned: 1
2026-02-02T16:41:11,985395+0800 DEBUG (motion_controller_device.cpp:1105) sys/motion/3 [SMC] smc_read_eln_pin(card_id=2, axis=1)
2026-02-02T16:41:11,985399+0800 DEBUG (motion_controller_device.cpp:1106) sys/motion/3 [SMC] smc_read_eln_pin() returned: 1
2026-02-02T16:41:11,985960+0800 DEBUG (motion_controller_device.cpp:1102) sys/motion/3 [SMC] smc_read_eln_pin(card_id=2, axis=2)
2026-02-02T16:41:11,986024+0800 DEBUG (motion_controller_device.cpp:1103) sys/motion/3 [SMC] smc_read_elp_pin() returned: 1
2026-02-02T16:41:11,986562+0800 DEBUG (motion_controller_device.cpp:1105) sys/motion/3 [SMC] smc_read_eln_pin(card_id=2, axis=2)
2026-02-02T16:41:11,986581+0800 DEBUG (motion_controller_device.cpp:1106) sys/motion/3 [SMC] smc_read_eln_pin() returned: 1
2026-02-02T16:41:11,987239+0800 DEBUG (motion_controller_device.cpp:1102) sys/motion/3 [SMC] smc_read_eln_pin(card_id=2, axis=3)
2026-02-02T16:41:11,987245+0800 DEBUG (motion_controller_device.cpp:1103) sys/motion/3 [SMC] smc_read_elp_pin() returned: 1
2026-02-02T16:41:11,987557+0800 DEBUG (motion_controller_device.cpp:1105) sys/motion/3 [SMC] smc_read_eln_pin(card_id=2, axis=3)
2026-02-02T16:41:11,987561+0800 DEBUG (motion_controller_device.cpp:1106) sys/motion/3 [SMC] smc_read_eln_pin() returned: 1
2026-02-02T16:41:11,988069+0800 DEBUG (motion_controller_device.cpp:1102) sys/motion/3 [SMC] smc_read_eln_pin(card_id=2, axis=4)
2026-02-02T16:41:11,988081+0800 DEBUG (motion_controller_device.cpp:1103) sys/motion/3 [SMC] smc_read_elp_pin() returned: 1
2026-02-02T16:41:11,988545+0800 DEBUG (motion_controller_device.cpp:1105) sys/motion/3 [SMC] smc_read_eln_pin(card_id=2, axis=4)
2026-02-02T16:41:11,988557+0800 DEBUG (motion_controller_device.cpp:1106) sys/motion/3 [SMC] smc_read_eln_pin() returned: 1
2026-02-02T16:41:11,989098+0800 DEBUG (motion_controller_device.cpp:1102) sys/motion/3 [SMC] smc_read_eln_pin(card_id=2, axis=5)
2026-02-02T16:41:11,989108+0800 DEBUG (motion_controller_device.cpp:1103) sys/motion/3 [SMC] smc_read_elp_pin() returned: 1
2026-02-02T16:41:11,989504+0800 DEBUG (motion_controller_device.cpp:1105) sys/motion/3 [SMC] smc_read_eln_pin(card_id=2, axis=5)
2026-02-02T16:41:11,989510+0800 DEBUG (motion_controller_device.cpp:1106) sys/motion/3 [SMC] smc_read_eln_pin() returned: 1
2026-02-02T16:41:27,103917+0800 DEBUG (motion_controller_device.cpp:983) sys/motion/3 [SMC] smc_set_profile_unit(card_id=2, axis=0, start_vel=3000, max_vel=10000, acc_time=0.1, dec_time=0.1, stop_vel=100)
2026-02-02T16:41:27,105301+0800 DEBUG (motion_controller_device.cpp:988) sys/motion/3 [SMC] smc_set_profile_unit() returned: 0
2026-02-02T16:41:27,107739+0800 DEBUG (motion_controller_device.cpp:983) sys/motion/3 [SMC] smc_set_profile_unit(card_id=2, axis=1, start_vel=3000, max_vel=10000, acc_time=0.1, dec_time=0.1, stop_vel=100)
2026-02-02T16:41:27,108681+0800 DEBUG (motion_controller_device.cpp:988) sys/motion/3 [SMC] smc_set_profile_unit() returned: 0
2026-02-02T16:41:27,109042+0800 DEBUG (motion_controller_device.cpp:983) sys/motion/3 [SMC] smc_set_profile_unit(card_id=2, axis=2, start_vel=3000, max_vel=10000, acc_time=0.1, dec_time=0.1, stop_vel=100)
2026-02-02T16:41:27,109879+0800 DEBUG (motion_controller_device.cpp:988) sys/motion/3 [SMC] smc_set_profile_unit() returned: 0
2026-02-02T16:41:27,110230+0800 DEBUG (motion_controller_device.cpp:983) sys/motion/3 [SMC] smc_set_profile_unit(card_id=2, axis=3, start_vel=3000, max_vel=10000, acc_time=0.1, dec_time=0.1, stop_vel=100)
2026-02-02T16:41:27,111242+0800 DEBUG (motion_controller_device.cpp:988) sys/motion/3 [SMC] smc_set_profile_unit() returned: 0
2026-02-02T16:41:27,111546+0800 DEBUG (motion_controller_device.cpp:983) sys/motion/3 [SMC] smc_set_profile_unit(card_id=2, axis=4, start_vel=3000, max_vel=10000, acc_time=0.1, dec_time=0.1, stop_vel=100)
2026-02-02T16:41:27,112570+0800 DEBUG (motion_controller_device.cpp:988) sys/motion/3 [SMC] smc_set_profile_unit() returned: 0
2026-02-02T16:41:27,113123+0800 DEBUG (motion_controller_device.cpp:983) sys/motion/3 [SMC] smc_set_profile_unit(card_id=2, axis=5, start_vel=3000, max_vel=10000, acc_time=0.1, dec_time=0.1, stop_vel=100)
2026-02-02T16:41:27,113877+0800 DEBUG (motion_controller_device.cpp:988) sys/motion/3 [SMC] smc_set_profile_unit() returned: 0
2026-02-02T16:41:27,114321+0800 DEBUG (motion_controller_device.cpp:656) sys/motion/3 [SMC] Checking axis 0 enable status...
2026-02-02T16:41:27,114743+0800 DEBUG (motion_controller_device.cpp:658) sys/motion/3 [SMC] smc_read_sevon_pin() returned: 1 (0=disabled, 1=enabled)
2026-02-02T16:41:27,114764+0800 DEBUG (motion_controller_device.cpp:672) sys/motion/3 [SMC] smc_pmove_unit(card_id=2, axis=0, dist=11682, mode=relative)
2026-02-02T16:41:27,115930+0800 DEBUG (motion_controller_device.cpp:674) sys/motion/3 [SMC] smc_pmove_unit() returned: 0
2026-02-02T16:41:27,116301+0800 INFO (motion_controller_device.cpp:1482) sys/motion/3 [SMC] Checking axis 0 motion status...
2026-02-02T16:41:27,116315+0800 DEBUG (motion_controller_device.cpp:1483) sys/motion/3 [SMC] smc_check_done(card_id=2, axis=0) [always_executed_hook]
2026-02-02T16:41:27,116868+0800 DEBUG (motion_controller_device.cpp:1486) sys/motion/3 [SMC] smc_check_done() returned: 0 (0=moving, 1=stopped)
2026-02-02T16:41:27,117417+0800 DEBUG (motion_controller_device.cpp:656) sys/motion/3 [SMC] Checking axis 1 enable status...
2026-02-02T16:41:27,118059+0800 DEBUG (motion_controller_device.cpp:658) sys/motion/3 [SMC] smc_read_sevon_pin() returned: 1 (0=disabled, 1=enabled)
2026-02-02T16:41:27,118183+0800 DEBUG (motion_controller_device.cpp:672) sys/motion/3 [SMC] smc_pmove_unit(card_id=2, axis=1, dist=-11280, mode=relative)
2026-02-02T16:41:27,119434+0800 DEBUG (motion_controller_device.cpp:674) sys/motion/3 [SMC] smc_pmove_unit() returned: 0
2026-02-02T16:41:27,119691+0800 DEBUG (motion_controller_device.cpp:322) sys/motion/3 [SMC] smc_get_position_unit(card_id=2, axis=0) [health check]
2026-02-02T16:41:27,120287+0800 DEBUG (motion_controller_device.cpp:324) sys/motion/3 [SMC] smc_get_position_unit() returned: 0 [health check]
2026-02-02T16:41:27,120302+0800 INFO (motion_controller_device.cpp:1482) sys/motion/3 [SMC] Checking axis 0 motion status...
2026-02-02T16:41:27,120307+0800 DEBUG (motion_controller_device.cpp:1483) sys/motion/3 [SMC] smc_check_done(card_id=2, axis=0) [always_executed_hook]
2026-02-02T16:41:27,120845+0800 DEBUG (motion_controller_device.cpp:1486) sys/motion/3 [SMC] smc_check_done() returned: 0 (0=moving, 1=stopped)
2026-02-02T16:41:27,121513+0800 INFO (motion_controller_device.cpp:1482) sys/motion/3 [SMC] Checking axis 1 motion status...
2026-02-02T16:41:27,121524+0800 DEBUG (motion_controller_device.cpp:1483) sys/motion/3 [SMC] smc_check_done(card_id=2, axis=1) [always_executed_hook]
2026-02-02T16:41:27,122035+0800 DEBUG (motion_controller_device.cpp:1486) sys/motion/3 [SMC] smc_check_done() returned: 0 (0=moving, 1=stopped)
2026-02-02T16:41:27,122395+0800 DEBUG (motion_controller_device.cpp:656) sys/motion/3 [SMC] Checking axis 2 enable status...
2026-02-02T16:41:27,123037+0800 DEBUG (motion_controller_device.cpp:658) sys/motion/3 [SMC] smc_read_sevon_pin() returned: 1 (0=disabled, 1=enabled)
2026-02-02T16:41:27,123055+0800 DEBUG (motion_controller_device.cpp:672) sys/motion/3 [SMC] smc_pmove_unit(card_id=2, axis=2, dist=11682, mode=relative)
2026-02-02T16:41:27,124215+0800 DEBUG (motion_controller_device.cpp:674) sys/motion/3 [SMC] smc_pmove_unit() returned: 0
2026-02-02T16:41:27,124487+0800 INFO (motion_controller_device.cpp:1482) sys/motion/3 [SMC] Checking axis 0 motion status...
2026-02-02T16:41:27,124502+0800 DEBUG (motion_controller_device.cpp:1483) sys/motion/3 [SMC] smc_check_done(card_id=2, axis=0) [always_executed_hook]
2026-02-02T16:41:27,124950+0800 DEBUG (motion_controller_device.cpp:1486) sys/motion/3 [SMC] smc_check_done() returned: 0 (0=moving, 1=stopped)
2026-02-02T16:41:27,125636+0800 INFO (motion_controller_device.cpp:1482) sys/motion/3 [SMC] Checking axis 1 motion status...
2026-02-02T16:41:27,125647+0800 DEBUG (motion_controller_device.cpp:1483) sys/motion/3 [SMC] smc_check_done(card_id=2, axis=1) [always_executed_hook]
2026-02-02T16:41:27,126092+0800 DEBUG (motion_controller_device.cpp:1486) sys/motion/3 [SMC] smc_check_done() returned: 0 (0=moving, 1=stopped)
2026-02-02T16:41:27,126716+0800 INFO (motion_controller_device.cpp:1482) sys/motion/3 [SMC] Checking axis 2 motion status...
2026-02-02T16:41:27,126736+0800 DEBUG (motion_controller_device.cpp:1483) sys/motion/3 [SMC] smc_check_done(card_id=2, axis=2) [always_executed_hook]
2026-02-02T16:41:27,127325+0800 DEBUG (motion_controller_device.cpp:1486) sys/motion/3 [SMC] smc_check_done() returned: 0 (0=moving, 1=stopped)
2026-02-02T16:41:27,128127+0800 DEBUG (motion_controller_device.cpp:656) sys/motion/3 [SMC] Checking axis 3 enable status...
2026-02-02T16:41:27,128788+0800 DEBUG (motion_controller_device.cpp:658) sys/motion/3 [SMC] smc_read_sevon_pin() returned: 1 (0=disabled, 1=enabled)
2026-02-02T16:41:27,128806+0800 DEBUG (motion_controller_device.cpp:672) sys/motion/3 [SMC] smc_pmove_unit(card_id=2, axis=3, dist=-11280, mode=relative)
2026-02-02T16:41:27,129812+0800 DEBUG (motion_controller_device.cpp:674) sys/motion/3 [SMC] smc_pmove_unit() returned: 0
2026-02-02T16:41:27,130031+0800 INFO (motion_controller_device.cpp:1482) sys/motion/3 [SMC] Checking axis 0 motion status...
2026-02-02T16:41:27,130045+0800 DEBUG (motion_controller_device.cpp:1483) sys/motion/3 [SMC] smc_check_done(card_id=2, axis=0) [always_executed_hook]
2026-02-02T16:41:27,130454+0800 DEBUG (motion_controller_device.cpp:1486) sys/motion/3 [SMC] smc_check_done() returned: 0 (0=moving, 1=stopped)
2026-02-02T16:41:27,130966+0800 INFO (motion_controller_device.cpp:1482) sys/motion/3 [SMC] Checking axis 1 motion status...
2026-02-02T16:41:27,130981+0800 DEBUG (motion_controller_device.cpp:1483) sys/motion/3 [SMC] smc_check_done(card_id=2, axis=1) [always_executed_hook]
2026-02-02T16:41:27,131423+0800 DEBUG (motion_controller_device.cpp:1486) sys/motion/3 [SMC] smc_check_done() returned: 0 (0=moving, 1=stopped)
2026-02-02T16:41:27,131822+0800 INFO (motion_controller_device.cpp:1482) sys/motion/3 [SMC] Checking axis 2 motion status...
2026-02-02T16:41:27,131833+0800 DEBUG (motion_controller_device.cpp:1483) sys/motion/3 [SMC] smc_check_done(card_id=2, axis=2) [always_executed_hook]
2026-02-02T16:41:27,132240+0800 DEBUG (motion_controller_device.cpp:1486) sys/motion/3 [SMC] smc_check_done() returned: 0 (0=moving, 1=stopped)
2026-02-02T16:41:27,132765+0800 INFO (motion_controller_device.cpp:1482) sys/motion/3 [SMC] Checking axis 3 motion status...
2026-02-02T16:41:27,132772+0800 DEBUG (motion_controller_device.cpp:1483) sys/motion/3 [SMC] smc_check_done(card_id=2, axis=3) [always_executed_hook]
2026-02-02T16:41:27,133105+0800 DEBUG (motion_controller_device.cpp:1486) sys/motion/3 [SMC] smc_check_done() returned: 0 (0=moving, 1=stopped)
2026-02-02T16:41:27,133575+0800 DEBUG (motion_controller_device.cpp:656) sys/motion/3 [SMC] Checking axis 4 enable status...
2026-02-02T16:41:27,134202+0800 DEBUG (motion_controller_device.cpp:658) sys/motion/3 [SMC] smc_read_sevon_pin() returned: 1 (0=disabled, 1=enabled)
2026-02-02T16:41:27,134280+0800 DEBUG (motion_controller_device.cpp:672) sys/motion/3 [SMC] smc_pmove_unit(card_id=2, axis=4, dist=11682, mode=relative)
2026-02-02T16:41:27,135177+0800 DEBUG (motion_controller_device.cpp:674) sys/motion/3 [SMC] smc_pmove_unit() returned: 0
2026-02-02T16:41:27,135443+0800 INFO (motion_controller_device.cpp:1482) sys/motion/3 [SMC] Checking axis 0 motion status...
2026-02-02T16:41:27,135461+0800 DEBUG (motion_controller_device.cpp:1483) sys/motion/3 [SMC] smc_check_done(card_id=2, axis=0) [always_executed_hook]
2026-02-02T16:41:27,135905+0800 DEBUG (motion_controller_device.cpp:1486) sys/motion/3 [SMC] smc_check_done() returned: 0 (0=moving, 1=stopped)
2026-02-02T16:41:27,136400+0800 INFO (motion_controller_device.cpp:1482) sys/motion/3 [SMC] Checking axis 1 motion status...
2026-02-02T16:41:27,136411+0800 DEBUG (motion_controller_device.cpp:1483) sys/motion/3 [SMC] smc_check_done(card_id=2, axis=1) [always_executed_hook]
2026-02-02T16:41:27,136875+0800 DEBUG (motion_controller_device.cpp:1486) sys/motion/3 [SMC] smc_check_done() returned: 0 (0=moving, 1=stopped)
2026-02-02T16:41:27,137437+0800 INFO (motion_controller_device.cpp:1482) sys/motion/3 [SMC] Checking axis 2 motion status...
2026-02-02T16:41:27,137452+0800 DEBUG (motion_controller_device.cpp:1483) sys/motion/3 [SMC] smc_check_done(card_id=2, axis=2) [always_executed_hook]
2026-02-02T16:41:27,137923+0800 DEBUG (motion_controller_device.cpp:1486) sys/motion/3 [SMC] smc_check_done() returned: 0 (0=moving, 1=stopped)
2026-02-02T16:41:27,138340+0800 INFO (motion_controller_device.cpp:1482) sys/motion/3 [SMC] Checking axis 3 motion status...
2026-02-02T16:41:27,138347+0800 DEBUG (motion_controller_device.cpp:1483) sys/motion/3 [SMC] smc_check_done(card_id=2, axis=3) [always_executed_hook]
2026-02-02T16:41:27,138762+0800 DEBUG (motion_controller_device.cpp:1486) sys/motion/3 [SMC] smc_check_done() returned: 0 (0=moving, 1=stopped)
2026-02-02T16:41:27,139131+0800 INFO (motion_controller_device.cpp:1482) sys/motion/3 [SMC] Checking axis 4 motion status...
2026-02-02T16:41:27,139136+0800 DEBUG (motion_controller_device.cpp:1483) sys/motion/3 [SMC] smc_check_done(card_id=2, axis=4) [always_executed_hook]
2026-02-02T16:41:27,139596+0800 DEBUG (motion_controller_device.cpp:1486) sys/motion/3 [SMC] smc_check_done() returned: 0 (0=moving, 1=stopped)
2026-02-02T16:41:27,140254+0800 DEBUG (motion_controller_device.cpp:656) sys/motion/3 [SMC] Checking axis 5 enable status...
2026-02-02T16:41:27,140764+0800 DEBUG (motion_controller_device.cpp:658) sys/motion/3 [SMC] smc_read_sevon_pin() returned: 1 (0=disabled, 1=enabled)
2026-02-02T16:41:27,140792+0800 DEBUG (motion_controller_device.cpp:672) sys/motion/3 [SMC] smc_pmove_unit(card_id=2, axis=5, dist=-11280, mode=relative)
2026-02-02T16:41:27,141750+0800 DEBUG (motion_controller_device.cpp:674) sys/motion/3 [SMC] smc_pmove_unit() returned: 0
2026-02-02T16:41:27,142552+0800 INFO (motion_controller_device.cpp:1482) sys/motion/3 [SMC] Checking axis 0 motion status...
2026-02-02T16:41:27,142566+0800 DEBUG (motion_controller_device.cpp:1483) sys/motion/3 [SMC] smc_check_done(card_id=2, axis=0) [always_executed_hook]
2026-02-02T16:41:27,143258+0800 DEBUG (motion_controller_device.cpp:1486) sys/motion/3 [SMC] smc_check_done() returned: 0 (0=moving, 1=stopped)
2026-02-02T16:41:27,143810+0800 INFO (motion_controller_device.cpp:1482) sys/motion/3 [SMC] Checking axis 1 motion status...
2026-02-02T16:41:27,143824+0800 DEBUG (motion_controller_device.cpp:1483) sys/motion/3 [SMC] smc_check_done(card_id=2, axis=1) [always_executed_hook]
2026-02-02T16:41:27,144222+0800 DEBUG (motion_controller_device.cpp:1486) sys/motion/3 [SMC] smc_check_done() returned: 0 (0=moving, 1=stopped)
2026-02-02T16:41:27,144685+0800 INFO (motion_controller_device.cpp:1482) sys/motion/3 [SMC] Checking axis 2 motion status...
2026-02-02T16:41:27,144696+0800 DEBUG (motion_controller_device.cpp:1483) sys/motion/3 [SMC] smc_check_done(card_id=2, axis=2) [always_executed_hook]
2026-02-02T16:41:27,145247+0800 DEBUG (motion_controller_device.cpp:1486) sys/motion/3 [SMC] smc_check_done() returned: 0 (0=moving, 1=stopped)
2026-02-02T16:41:27,145750+0800 INFO (motion_controller_device.cpp:1482) sys/motion/3 [SMC] Checking axis 3 motion status...
2026-02-02T16:41:27,145756+0800 DEBUG (motion_controller_device.cpp:1483) sys/motion/3 [SMC] smc_check_done(card_id=2, axis=3) [always_executed_hook]
2026-02-02T16:41:27,146293+0800 DEBUG (motion_controller_device.cpp:1486) sys/motion/3 [SMC] smc_check_done() returned: 0 (0=moving, 1=stopped)
2026-02-02T16:41:27,146632+0800 INFO (motion_controller_device.cpp:1482) sys/motion/3 [SMC] Checking axis 4 motion status...
2026-02-02T16:41:27,146641+0800 DEBUG (motion_controller_device.cpp:1483) sys/motion/3 [SMC] smc_check_done(card_id=2, axis=4) [always_executed_hook]
2026-02-02T16:41:27,147168+0800 DEBUG (motion_controller_device.cpp:1486) sys/motion/3 [SMC] smc_check_done() returned: 0 (0=moving, 1=stopped)
2026-02-02T16:41:27,147827+0800 INFO (motion_controller_device.cpp:1482) sys/motion/3 [SMC] Checking axis 5 motion status...
2026-02-02T16:41:27,147846+0800 DEBUG (motion_controller_device.cpp:1483) sys/motion/3 [SMC] smc_check_done(card_id=2, axis=5) [always_executed_hook]
2026-02-02T16:41:27,148530+0800 DEBUG (motion_controller_device.cpp:1486) sys/motion/3 [SMC] smc_check_done() returned: 0 (0=moving, 1=stopped)
2026-02-02T16:41:27,149852+0800 DEBUG (motion_controller_device.cpp:1102) sys/motion/3 [SMC] smc_read_eln_pin(card_id=2, axis=0)
2026-02-02T16:41:27,149880+0800 DEBUG (motion_controller_device.cpp:1103) sys/motion/3 [SMC] smc_read_elp_pin() returned: 1
2026-02-02T16:41:27,150836+0800 DEBUG (motion_controller_device.cpp:1105) sys/motion/3 [SMC] smc_read_eln_pin(card_id=2, axis=0)
2026-02-02T16:41:27,150850+0800 DEBUG (motion_controller_device.cpp:1106) sys/motion/3 [SMC] smc_read_eln_pin() returned: 1
2026-02-02T16:41:27,151070+0800 INFO (motion_controller_device.cpp:1482) sys/motion/3 [SMC] Checking axis 0 motion status...
2026-02-02T16:41:27,151081+0800 DEBUG (motion_controller_device.cpp:1483) sys/motion/3 [SMC] smc_check_done(card_id=2, axis=0) [always_executed_hook]
2026-02-02T16:41:27,180545+0800 DEBUG (motion_controller_device.cpp:1486) sys/motion/3 [SMC] smc_check_done() returned: 0 (0=moving, 1=stopped)
2026-02-02T16:41:27,187556+0800 INFO (motion_controller_device.cpp:1482) sys/motion/3 [SMC] Checking axis 1 motion status...
2026-02-02T16:41:27,187712+0800 DEBUG (motion_controller_device.cpp:1483) sys/motion/3 [SMC] smc_check_done(card_id=2, axis=1) [always_executed_hook]
2026-02-02T16:41:27,189934+0800 DEBUG (motion_controller_device.cpp:1486) sys/motion/3 [SMC] smc_check_done() returned: 0 (0=moving, 1=stopped)
2026-02-02T16:41:27,191280+0800 INFO (motion_controller_device.cpp:1482) sys/motion/3 [SMC] Checking axis 2 motion status...
2026-02-02T16:41:27,191313+0800 DEBUG (motion_controller_device.cpp:1483) sys/motion/3 [SMC] smc_check_done(card_id=2, axis=2) [always_executed_hook]
2026-02-02T16:41:27,192169+0800 DEBUG (motion_controller_device.cpp:1486) sys/motion/3 [SMC] smc_check_done() returned: 0 (0=moving, 1=stopped)
2026-02-02T16:41:27,192823+0800 INFO (motion_controller_device.cpp:1482) sys/motion/3 [SMC] Checking axis 3 motion status...
2026-02-02T16:41:27,192854+0800 DEBUG (motion_controller_device.cpp:1483) sys/motion/3 [SMC] smc_check_done(card_id=2, axis=3) [always_executed_hook]
2026-02-02T16:41:27,197005+0800 DEBUG (motion_controller_device.cpp:1486) sys/motion/3 [SMC] smc_check_done() returned: 0 (0=moving, 1=stopped)
2026-02-02T16:41:27,201252+0800 INFO (motion_controller_device.cpp:1482) sys/motion/3 [SMC] Checking axis 4 motion status...
2026-02-02T16:41:27,201320+0800 DEBUG (motion_controller_device.cpp:1483) sys/motion/3 [SMC] smc_check_done(card_id=2, axis=4) [always_executed_hook]
2026-02-02T16:41:27,202705+0800 DEBUG (motion_controller_device.cpp:1486) sys/motion/3 [SMC] smc_check_done() returned: 0 (0=moving, 1=stopped)
2026-02-02T16:41:27,203385+0800 INFO (motion_controller_device.cpp:1482) sys/motion/3 [SMC] Checking axis 5 motion status...
2026-02-02T16:41:27,203459+0800 DEBUG (motion_controller_device.cpp:1483) sys/motion/3 [SMC] smc_check_done(card_id=2, axis=5) [always_executed_hook]
2026-02-02T16:41:27,204083+0800 DEBUG (motion_controller_device.cpp:1486) sys/motion/3 [SMC] smc_check_done() returned: 0 (0=moving, 1=stopped)
2026-02-02T16:41:27,204973+0800 DEBUG (motion_controller_device.cpp:1102) sys/motion/3 [SMC] smc_read_eln_pin(card_id=2, axis=1)
2026-02-02T16:41:27,204993+0800 DEBUG (motion_controller_device.cpp:1103) sys/motion/3 [SMC] smc_read_elp_pin() returned: 1
2026-02-02T16:41:27,205402+0800 DEBUG (motion_controller_device.cpp:1105) sys/motion/3 [SMC] smc_read_eln_pin(card_id=2, axis=1)
2026-02-02T16:41:27,205420+0800 DEBUG (motion_controller_device.cpp:1106) sys/motion/3 [SMC] smc_read_eln_pin() returned: 1
2026-02-02T16:41:27,205663+0800 INFO (motion_controller_device.cpp:1482) sys/motion/3 [SMC] Checking axis 0 motion status...
2026-02-02T16:41:27,205689+0800 DEBUG (motion_controller_device.cpp:1483) sys/motion/3 [SMC] smc_check_done(card_id=2, axis=0) [always_executed_hook]
2026-02-02T16:41:27,206187+0800 DEBUG (motion_controller_device.cpp:1486) sys/motion/3 [SMC] smc_check_done() returned: 0 (0=moving, 1=stopped)
2026-02-02T16:41:27,206567+0800 INFO (motion_controller_device.cpp:1482) sys/motion/3 [SMC] Checking axis 1 motion status...
2026-02-02T16:41:27,206580+0800 DEBUG (motion_controller_device.cpp:1483) sys/motion/3 [SMC] smc_check_done(card_id=2, axis=1) [always_executed_hook]
2026-02-02T16:41:27,207009+0800 DEBUG (motion_controller_device.cpp:1486) sys/motion/3 [SMC] smc_check_done() returned: 0 (0=moving, 1=stopped)
2026-02-02T16:41:27,207509+0800 INFO (motion_controller_device.cpp:1482) sys/motion/3 [SMC] Checking axis 2 motion status...
2026-02-02T16:41:27,207531+0800 DEBUG (motion_controller_device.cpp:1483) sys/motion/3 [SMC] smc_check_done(card_id=2, axis=2) [always_executed_hook]
2026-02-02T16:41:27,207959+0800 DEBUG (motion_controller_device.cpp:1486) sys/motion/3 [SMC] smc_check_done() returned: 0 (0=moving, 1=stopped)
2026-02-02T16:41:27,208389+0800 INFO (motion_controller_device.cpp:1482) sys/motion/3 [SMC] Checking axis 3 motion status...
2026-02-02T16:41:27,208395+0800 DEBUG (motion_controller_device.cpp:1483) sys/motion/3 [SMC] smc_check_done(card_id=2, axis=3) [always_executed_hook]
2026-02-02T16:41:27,208826+0800 DEBUG (motion_controller_device.cpp:1486) sys/motion/3 [SMC] smc_check_done() returned: 0 (0=moving, 1=stopped)
2026-02-02T16:41:27,209243+0800 INFO (motion_controller_device.cpp:1482) sys/motion/3 [SMC] Checking axis 4 motion status...
2026-02-02T16:41:27,209259+0800 DEBUG (motion_controller_device.cpp:1483) sys/motion/3 [SMC] smc_check_done(card_id=2, axis=4) [always_executed_hook]
2026-02-02T16:41:27,209597+0800 DEBUG (motion_controller_device.cpp:1486) sys/motion/3 [SMC] smc_check_done() returned: 0 (0=moving, 1=stopped)
2026-02-02T16:41:27,210209+0800 INFO (motion_controller_device.cpp:1482) sys/motion/3 [SMC] Checking axis 5 motion status...
2026-02-02T16:41:27,210223+0800 DEBUG (motion_controller_device.cpp:1483) sys/motion/3 [SMC] smc_check_done(card_id=2, axis=5) [always_executed_hook]
2026-02-02T16:41:27,210938+0800 DEBUG (motion_controller_device.cpp:1486) sys/motion/3 [SMC] smc_check_done() returned: 0 (0=moving, 1=stopped)
2026-02-02T16:41:27,211856+0800 DEBUG (motion_controller_device.cpp:1102) sys/motion/3 [SMC] smc_read_eln_pin(card_id=2, axis=2)
2026-02-02T16:41:27,211877+0800 DEBUG (motion_controller_device.cpp:1103) sys/motion/3 [SMC] smc_read_elp_pin() returned: 1
2026-02-02T16:41:27,212364+0800 DEBUG (motion_controller_device.cpp:1105) sys/motion/3 [SMC] smc_read_eln_pin(card_id=2, axis=2)
2026-02-02T16:41:27,212376+0800 DEBUG (motion_controller_device.cpp:1106) sys/motion/3 [SMC] smc_read_eln_pin() returned: 1
2026-02-02T16:41:27,212567+0800 INFO (motion_controller_device.cpp:1482) sys/motion/3 [SMC] Checking axis 0 motion status...
2026-02-02T16:41:27,212581+0800 DEBUG (motion_controller_device.cpp:1483) sys/motion/3 [SMC] smc_check_done(card_id=2, axis=0) [always_executed_hook]
2026-02-02T16:41:27,213149+0800 DEBUG (motion_controller_device.cpp:1486) sys/motion/3 [SMC] smc_check_done() returned: 0 (0=moving, 1=stopped)
2026-02-02T16:41:27,213604+0800 INFO (motion_controller_device.cpp:1482) sys/motion/3 [SMC] Checking axis 1 motion status...
2026-02-02T16:41:27,213615+0800 DEBUG (motion_controller_device.cpp:1483) sys/motion/3 [SMC] smc_check_done(card_id=2, axis=1) [always_executed_hook]
2026-02-02T16:41:27,214074+0800 DEBUG (motion_controller_device.cpp:1486) sys/motion/3 [SMC] smc_check_done() returned: 0 (0=moving, 1=stopped)
2026-02-02T16:41:27,214566+0800 INFO (motion_controller_device.cpp:1482) sys/motion/3 [SMC] Checking axis 2 motion status...
2026-02-02T16:41:27,214583+0800 DEBUG (motion_controller_device.cpp:1483) sys/motion/3 [SMC] smc_check_done(card_id=2, axis=2) [always_executed_hook]
2026-02-02T16:41:27,214898+0800 DEBUG (motion_controller_device.cpp:1486) sys/motion/3 [SMC] smc_check_done() returned: 0 (0=moving, 1=stopped)
2026-02-02T16:41:27,215337+0800 INFO (motion_controller_device.cpp:1482) sys/motion/3 [SMC] Checking axis 3 motion status...
2026-02-02T16:41:27,215344+0800 DEBUG (motion_controller_device.cpp:1483) sys/motion/3 [SMC] smc_check_done(card_id=2, axis=3) [always_executed_hook]
2026-02-02T16:41:27,215877+0800 DEBUG (motion_controller_device.cpp:1486) sys/motion/3 [SMC] smc_check_done() returned: 0 (0=moving, 1=stopped)
2026-02-02T16:41:27,216246+0800 INFO (motion_controller_device.cpp:1482) sys/motion/3 [SMC] Checking axis 4 motion status...
2026-02-02T16:41:27,216251+0800 DEBUG (motion_controller_device.cpp:1483) sys/motion/3 [SMC] smc_check_done(card_id=2, axis=4) [always_executed_hook]
2026-02-02T16:41:27,216681+0800 DEBUG (motion_controller_device.cpp:1486) sys/motion/3 [SMC] smc_check_done() returned: 0 (0=moving, 1=stopped)
2026-02-02T16:41:27,217185+0800 INFO (motion_controller_device.cpp:1482) sys/motion/3 [SMC] Checking axis 5 motion status...
2026-02-02T16:41:27,217195+0800 DEBUG (motion_controller_device.cpp:1483) sys/motion/3 [SMC] smc_check_done(card_id=2, axis=5) [always_executed_hook]
2026-02-02T16:41:27,217612+0800 DEBUG (motion_controller_device.cpp:1486) sys/motion/3 [SMC] smc_check_done() returned: 0 (0=moving, 1=stopped)
2026-02-02T16:41:27,218418+0800 DEBUG (motion_controller_device.cpp:1102) sys/motion/3 [SMC] smc_read_eln_pin(card_id=2, axis=3)
2026-02-02T16:41:27,218439+0800 DEBUG (motion_controller_device.cpp:1103) sys/motion/3 [SMC] smc_read_elp_pin() returned: 1
2026-02-02T16:41:27,218815+0800 DEBUG (motion_controller_device.cpp:1105) sys/motion/3 [SMC] smc_read_eln_pin(card_id=2, axis=3)
2026-02-02T16:41:27,218822+0800 DEBUG (motion_controller_device.cpp:1106) sys/motion/3 [SMC] smc_read_eln_pin() returned: 1
2026-02-02T16:41:27,218976+0800 INFO (motion_controller_device.cpp:1482) sys/motion/3 [SMC] Checking axis 0 motion status...
2026-02-02T16:41:27,218982+0800 DEBUG (motion_controller_device.cpp:1483) sys/motion/3 [SMC] smc_check_done(card_id=2, axis=0) [always_executed_hook]
2026-02-02T16:41:27,219375+0800 DEBUG (motion_controller_device.cpp:1486) sys/motion/3 [SMC] smc_check_done() returned: 0 (0=moving, 1=stopped)
2026-02-02T16:41:27,219777+0800 INFO (motion_controller_device.cpp:1482) sys/motion/3 [SMC] Checking axis 1 motion status...
2026-02-02T16:41:27,219788+0800 DEBUG (motion_controller_device.cpp:1483) sys/motion/3 [SMC] smc_check_done(card_id=2, axis=1) [always_executed_hook]
2026-02-02T16:41:27,220301+0800 DEBUG (motion_controller_device.cpp:1486) sys/motion/3 [SMC] smc_check_done() returned: 0 (0=moving, 1=stopped)
2026-02-02T16:41:27,220693+0800 INFO (motion_controller_device.cpp:1482) sys/motion/3 [SMC] Checking axis 2 motion status...
2026-02-02T16:41:27,220699+0800 DEBUG (motion_controller_device.cpp:1483) sys/motion/3 [SMC] smc_check_done(card_id=2, axis=2) [always_executed_hook]
2026-02-02T16:41:27,221288+0800 DEBUG (motion_controller_device.cpp:1486) sys/motion/3 [SMC] smc_check_done() returned: 0 (0=moving, 1=stopped)
2026-02-02T16:41:27,221725+0800 INFO (motion_controller_device.cpp:1482) sys/motion/3 [SMC] Checking axis 3 motion status...
2026-02-02T16:41:27,221735+0800 DEBUG (motion_controller_device.cpp:1483) sys/motion/3 [SMC] smc_check_done(card_id=2, axis=3) [always_executed_hook]
2026-02-02T16:41:27,222262+0800 DEBUG (motion_controller_device.cpp:1486) sys/motion/3 [SMC] smc_check_done() returned: 0 (0=moving, 1=stopped)
2026-02-02T16:41:27,222831+0800 INFO (motion_controller_device.cpp:1482) sys/motion/3 [SMC] Checking axis 4 motion status...
2026-02-02T16:41:27,222840+0800 DEBUG (motion_controller_device.cpp:1483) sys/motion/3 [SMC] smc_check_done(card_id=2, axis=4) [always_executed_hook]
2026-02-02T16:41:27,223258+0800 DEBUG (motion_controller_device.cpp:1486) sys/motion/3 [SMC] smc_check_done() returned: 0 (0=moving, 1=stopped)
2026-02-02T16:41:27,223589+0800 INFO (motion_controller_device.cpp:1482) sys/motion/3 [SMC] Checking axis 5 motion status...
2026-02-02T16:41:27,223600+0800 DEBUG (motion_controller_device.cpp:1483) sys/motion/3 [SMC] smc_check_done(card_id=2, axis=5) [always_executed_hook]
2026-02-02T16:41:27,224262+0800 DEBUG (motion_controller_device.cpp:1486) sys/motion/3 [SMC] smc_check_done() returned: 0 (0=moving, 1=stopped)
2026-02-02T16:41:27,224938+0800 DEBUG (motion_controller_device.cpp:1102) sys/motion/3 [SMC] smc_read_eln_pin(card_id=2, axis=4)
2026-02-02T16:41:27,224947+0800 DEBUG (motion_controller_device.cpp:1103) sys/motion/3 [SMC] smc_read_elp_pin() returned: 1
2026-02-02T16:41:27,225537+0800 DEBUG (motion_controller_device.cpp:1105) sys/motion/3 [SMC] smc_read_eln_pin(card_id=2, axis=4)
2026-02-02T16:41:27,225544+0800 DEBUG (motion_controller_device.cpp:1106) sys/motion/3 [SMC] smc_read_eln_pin() returned: 1
2026-02-02T16:41:27,225778+0800 INFO (motion_controller_device.cpp:1482) sys/motion/3 [SMC] Checking axis 0 motion status...
2026-02-02T16:41:27,225793+0800 DEBUG (motion_controller_device.cpp:1483) sys/motion/3 [SMC] smc_check_done(card_id=2, axis=0) [always_executed_hook]
2026-02-02T16:41:27,226127+0800 DEBUG (motion_controller_device.cpp:1486) sys/motion/3 [SMC] smc_check_done() returned: 0 (0=moving, 1=stopped)
2026-02-02T16:41:27,226522+0800 INFO (motion_controller_device.cpp:1482) sys/motion/3 [SMC] Checking axis 1 motion status...
2026-02-02T16:41:27,226526+0800 DEBUG (motion_controller_device.cpp:1483) sys/motion/3 [SMC] smc_check_done(card_id=2, axis=1) [always_executed_hook]
2026-02-02T16:41:27,226962+0800 DEBUG (motion_controller_device.cpp:1486) sys/motion/3 [SMC] smc_check_done() returned: 0 (0=moving, 1=stopped)
2026-02-02T16:41:27,227466+0800 INFO (motion_controller_device.cpp:1482) sys/motion/3 [SMC] Checking axis 2 motion status...
2026-02-02T16:41:27,227477+0800 DEBUG (motion_controller_device.cpp:1483) sys/motion/3 [SMC] smc_check_done(card_id=2, axis=2) [always_executed_hook]
2026-02-02T16:41:27,227835+0800 DEBUG (motion_controller_device.cpp:1486) sys/motion/3 [SMC] smc_check_done() returned: 0 (0=moving, 1=stopped)
2026-02-02T16:41:27,228376+0800 INFO (motion_controller_device.cpp:1482) sys/motion/3 [SMC] Checking axis 3 motion status...
2026-02-02T16:41:27,228382+0800 DEBUG (motion_controller_device.cpp:1483) sys/motion/3 [SMC] smc_check_done(card_id=2, axis=3) [always_executed_hook]
2026-02-02T16:41:27,228801+0800 DEBUG (motion_controller_device.cpp:1486) sys/motion/3 [SMC] smc_check_done() returned: 0 (0=moving, 1=stopped)
2026-02-02T16:41:27,229277+0800 INFO (motion_controller_device.cpp:1482) sys/motion/3 [SMC] Checking axis 4 motion status...
2026-02-02T16:41:27,229289+0800 DEBUG (motion_controller_device.cpp:1483) sys/motion/3 [SMC] smc_check_done(card_id=2, axis=4) [always_executed_hook]
2026-02-02T16:41:27,229722+0800 DEBUG (motion_controller_device.cpp:1486) sys/motion/3 [SMC] smc_check_done() returned: 0 (0=moving, 1=stopped)
2026-02-02T16:41:27,230170+0800 INFO (motion_controller_device.cpp:1482) sys/motion/3 [SMC] Checking axis 5 motion status...
2026-02-02T16:41:27,230181+0800 DEBUG (motion_controller_device.cpp:1483) sys/motion/3 [SMC] smc_check_done(card_id=2, axis=5) [always_executed_hook]
2026-02-02T16:41:27,230640+0800 DEBUG (motion_controller_device.cpp:1486) sys/motion/3 [SMC] smc_check_done() returned: 0 (0=moving, 1=stopped)
2026-02-02T16:41:27,231468+0800 DEBUG (motion_controller_device.cpp:1102) sys/motion/3 [SMC] smc_read_eln_pin(card_id=2, axis=5)
2026-02-02T16:41:27,231475+0800 DEBUG (motion_controller_device.cpp:1103) sys/motion/3 [SMC] smc_read_elp_pin() returned: 1
2026-02-02T16:41:27,231908+0800 DEBUG (motion_controller_device.cpp:1105) sys/motion/3 [SMC] smc_read_eln_pin(card_id=2, axis=5)
2026-02-02T16:41:27,231919+0800 DEBUG (motion_controller_device.cpp:1106) sys/motion/3 [SMC] smc_read_eln_pin() returned: 1
2026-02-02T16:41:27,232098+0800 INFO (motion_controller_device.cpp:1482) sys/motion/3 [SMC] Checking axis 0 motion status...
2026-02-02T16:41:27,232105+0800 DEBUG (motion_controller_device.cpp:1483) sys/motion/3 [SMC] smc_check_done(card_id=2, axis=0) [always_executed_hook]
2026-02-02T16:41:27,232562+0800 DEBUG (motion_controller_device.cpp:1486) sys/motion/3 [SMC] smc_check_done() returned: 0 (0=moving, 1=stopped)
2026-02-02T16:41:27,233117+0800 INFO (motion_controller_device.cpp:1482) sys/motion/3 [SMC] Checking axis 1 motion status...
2026-02-02T16:41:27,233125+0800 DEBUG (motion_controller_device.cpp:1483) sys/motion/3 [SMC] smc_check_done(card_id=2, axis=1) [always_executed_hook]
2026-02-02T16:41:27,233575+0800 DEBUG (motion_controller_device.cpp:1486) sys/motion/3 [SMC] smc_check_done() returned: 0 (0=moving, 1=stopped)
2026-02-02T16:41:27,234091+0800 INFO (motion_controller_device.cpp:1482) sys/motion/3 [SMC] Checking axis 2 motion status...
2026-02-02T16:41:27,234113+0800 DEBUG (motion_controller_device.cpp:1483) sys/motion/3 [SMC] smc_check_done(card_id=2, axis=2) [always_executed_hook]
2026-02-02T16:41:27,234500+0800 DEBUG (motion_controller_device.cpp:1486) sys/motion/3 [SMC] smc_check_done() returned: 0 (0=moving, 1=stopped)
2026-02-02T16:41:27,234980+0800 INFO (motion_controller_device.cpp:1482) sys/motion/3 [SMC] Checking axis 3 motion status...
2026-02-02T16:41:27,234987+0800 DEBUG (motion_controller_device.cpp:1483) sys/motion/3 [SMC] smc_check_done(card_id=2, axis=3) [always_executed_hook]
2026-02-02T16:41:27,235338+0800 DEBUG (motion_controller_device.cpp:1486) sys/motion/3 [SMC] smc_check_done() returned: 0 (0=moving, 1=stopped)
2026-02-02T16:41:27,235708+0800 INFO (motion_controller_device.cpp:1482) sys/motion/3 [SMC] Checking axis 4 motion status...
2026-02-02T16:41:27,235722+0800 DEBUG (motion_controller_device.cpp:1483) sys/motion/3 [SMC] smc_check_done(card_id=2, axis=4) [always_executed_hook]
2026-02-02T16:41:27,236088+0800 DEBUG (motion_controller_device.cpp:1486) sys/motion/3 [SMC] smc_check_done() returned: 0 (0=moving, 1=stopped)
2026-02-02T16:41:27,236502+0800 INFO (motion_controller_device.cpp:1482) sys/motion/3 [SMC] Checking axis 5 motion status...
2026-02-02T16:41:27,236509+0800 DEBUG (motion_controller_device.cpp:1483) sys/motion/3 [SMC] smc_check_done(card_id=2, axis=5) [always_executed_hook]
2026-02-02T16:41:27,236877+0800 DEBUG (motion_controller_device.cpp:1486) sys/motion/3 [SMC] smc_check_done() returned: 0 (0=moving, 1=stopped)
2026-02-02T16:41:27,739521+0800 INFO (motion_controller_device.cpp:1482) sys/motion/3 [SMC] Checking axis 0 motion status...
2026-02-02T16:41:27,739594+0800 DEBUG (motion_controller_device.cpp:1483) sys/motion/3 [SMC] smc_check_done(card_id=2, axis=0) [always_executed_hook]
2026-02-02T16:41:27,740474+0800 DEBUG (motion_controller_device.cpp:1486) sys/motion/3 [SMC] smc_check_done() returned: 0 (0=moving, 1=stopped)
2026-02-02T16:41:27,741151+0800 INFO (motion_controller_device.cpp:1482) sys/motion/3 [SMC] Checking axis 1 motion status...
2026-02-02T16:41:27,741177+0800 DEBUG (motion_controller_device.cpp:1483) sys/motion/3 [SMC] smc_check_done(card_id=2, axis=1) [always_executed_hook]
2026-02-02T16:41:27,741833+0800 DEBUG (motion_controller_device.cpp:1486) sys/motion/3 [SMC] smc_check_done() returned: 0 (0=moving, 1=stopped)
2026-02-02T16:41:27,742366+0800 INFO (motion_controller_device.cpp:1482) sys/motion/3 [SMC] Checking axis 2 motion status...
2026-02-02T16:41:27,742382+0800 DEBUG (motion_controller_device.cpp:1483) sys/motion/3 [SMC] smc_check_done(card_id=2, axis=2) [always_executed_hook]
2026-02-02T16:41:27,742988+0800 DEBUG (motion_controller_device.cpp:1486) sys/motion/3 [SMC] smc_check_done() returned: 0 (0=moving, 1=stopped)
2026-02-02T16:41:27,743544+0800 INFO (motion_controller_device.cpp:1482) sys/motion/3 [SMC] Checking axis 3 motion status...
2026-02-02T16:41:27,743556+0800 DEBUG (motion_controller_device.cpp:1483) sys/motion/3 [SMC] smc_check_done(card_id=2, axis=3) [always_executed_hook]
2026-02-02T16:41:27,744079+0800 DEBUG (motion_controller_device.cpp:1486) sys/motion/3 [SMC] smc_check_done() returned: 0 (0=moving, 1=stopped)
2026-02-02T16:41:27,744551+0800 INFO (motion_controller_device.cpp:1482) sys/motion/3 [SMC] Checking axis 4 motion status...
2026-02-02T16:41:27,744561+0800 DEBUG (motion_controller_device.cpp:1483) sys/motion/3 [SMC] smc_check_done(card_id=2, axis=4) [always_executed_hook]
2026-02-02T16:41:27,745031+0800 DEBUG (motion_controller_device.cpp:1486) sys/motion/3 [SMC] smc_check_done() returned: 0 (0=moving, 1=stopped)
2026-02-02T16:41:27,745572+0800 INFO (motion_controller_device.cpp:1482) sys/motion/3 [SMC] Checking axis 5 motion status...
2026-02-02T16:41:27,745581+0800 DEBUG (motion_controller_device.cpp:1483) sys/motion/3 [SMC] smc_check_done(card_id=2, axis=5) [always_executed_hook]
2026-02-02T16:41:27,746013+0800 DEBUG (motion_controller_device.cpp:1486) sys/motion/3 [SMC] smc_check_done() returned: 0 (0=moving, 1=stopped)
2026-02-02T16:41:27,746876+0800 DEBUG (motion_controller_device.cpp:1102) sys/motion/3 [SMC] smc_read_eln_pin(card_id=2, axis=0)
2026-02-02T16:41:27,746887+0800 DEBUG (motion_controller_device.cpp:1103) sys/motion/3 [SMC] smc_read_elp_pin() returned: 1
2026-02-02T16:41:27,747390+0800 DEBUG (motion_controller_device.cpp:1105) sys/motion/3 [SMC] smc_read_eln_pin(card_id=2, axis=0)
2026-02-02T16:41:27,747401+0800 DEBUG (motion_controller_device.cpp:1106) sys/motion/3 [SMC] smc_read_eln_pin() returned: 1
2026-02-02T16:41:27,747685+0800 INFO (motion_controller_device.cpp:1482) sys/motion/3 [SMC] Checking axis 0 motion status...
2026-02-02T16:41:27,747703+0800 DEBUG (motion_controller_device.cpp:1483) sys/motion/3 [SMC] smc_check_done(card_id=2, axis=0) [always_executed_hook]
2026-02-02T16:41:27,748183+0800 DEBUG (motion_controller_device.cpp:1486) sys/motion/3 [SMC] smc_check_done() returned: 0 (0=moving, 1=stopped)
2026-02-02T16:41:27,748722+0800 INFO (motion_controller_device.cpp:1482) sys/motion/3 [SMC] Checking axis 1 motion status...
2026-02-02T16:41:27,748736+0800 DEBUG (motion_controller_device.cpp:1483) sys/motion/3 [SMC] smc_check_done(card_id=2, axis=1) [always_executed_hook]
2026-02-02T16:41:27,749223+0800 DEBUG (motion_controller_device.cpp:1486) sys/motion/3 [SMC] smc_check_done() returned: 0 (0=moving, 1=stopped)
2026-02-02T16:41:27,749700+0800 INFO (motion_controller_device.cpp:1482) sys/motion/3 [SMC] Checking axis 2 motion status...
2026-02-02T16:41:27,749708+0800 DEBUG (motion_controller_device.cpp:1483) sys/motion/3 [SMC] smc_check_done(card_id=2, axis=2) [always_executed_hook]
2026-02-02T16:41:27,750219+0800 DEBUG (motion_controller_device.cpp:1486) sys/motion/3 [SMC] smc_check_done() returned: 0 (0=moving, 1=stopped)
2026-02-02T16:41:27,750751+0800 INFO (motion_controller_device.cpp:1482) sys/motion/3 [SMC] Checking axis 3 motion status...
2026-02-02T16:41:27,750757+0800 DEBUG (motion_controller_device.cpp:1483) sys/motion/3 [SMC] smc_check_done(card_id=2, axis=3) [always_executed_hook]
2026-02-02T16:41:27,751377+0800 DEBUG (motion_controller_device.cpp:1486) sys/motion/3 [SMC] smc_check_done() returned: 0 (0=moving, 1=stopped)
2026-02-02T16:41:27,751862+0800 INFO (motion_controller_device.cpp:1482) sys/motion/3 [SMC] Checking axis 4 motion status...
2026-02-02T16:41:27,751870+0800 DEBUG (motion_controller_device.cpp:1483) sys/motion/3 [SMC] smc_check_done(card_id=2, axis=4) [always_executed_hook]
2026-02-02T16:41:27,752399+0800 DEBUG (motion_controller_device.cpp:1486) sys/motion/3 [SMC] smc_check_done() returned: 0 (0=moving, 1=stopped)
2026-02-02T16:41:27,753087+0800 INFO (motion_controller_device.cpp:1482) sys/motion/3 [SMC] Checking axis 5 motion status...
2026-02-02T16:41:27,753168+0800 DEBUG (motion_controller_device.cpp:1483) sys/motion/3 [SMC] smc_check_done(card_id=2, axis=5) [always_executed_hook]
2026-02-02T16:41:27,753682+0800 DEBUG (motion_controller_device.cpp:1486) sys/motion/3 [SMC] smc_check_done() returned: 0 (0=moving, 1=stopped)
2026-02-02T16:41:27,755097+0800 DEBUG (motion_controller_device.cpp:1102) sys/motion/3 [SMC] smc_read_eln_pin(card_id=2, axis=1)
2026-02-02T16:41:27,755111+0800 DEBUG (motion_controller_device.cpp:1103) sys/motion/3 [SMC] smc_read_elp_pin() returned: 1
2026-02-02T16:41:27,755969+0800 DEBUG (motion_controller_device.cpp:1105) sys/motion/3 [SMC] smc_read_eln_pin(card_id=2, axis=1)
2026-02-02T16:41:27,755995+0800 DEBUG (motion_controller_device.cpp:1106) sys/motion/3 [SMC] smc_read_eln_pin() returned: 1
2026-02-02T16:41:27,756354+0800 INFO (motion_controller_device.cpp:1482) sys/motion/3 [SMC] Checking axis 0 motion status...
2026-02-02T16:41:27,756374+0800 DEBUG (motion_controller_device.cpp:1483) sys/motion/3 [SMC] smc_check_done(card_id=2, axis=0) [always_executed_hook]
2026-02-02T16:41:27,757564+0800 DEBUG (motion_controller_device.cpp:1486) sys/motion/3 [SMC] smc_check_done() returned: 0 (0=moving, 1=stopped)
2026-02-02T16:41:27,758494+0800 INFO (motion_controller_device.cpp:1482) sys/motion/3 [SMC] Checking axis 1 motion status...
2026-02-02T16:41:27,758523+0800 DEBUG (motion_controller_device.cpp:1483) sys/motion/3 [SMC] smc_check_done(card_id=2, axis=1) [always_executed_hook]
2026-02-02T16:41:27,759187+0800 DEBUG (motion_controller_device.cpp:1486) sys/motion/3 [SMC] smc_check_done() returned: 0 (0=moving, 1=stopped)
2026-02-02T16:41:27,759906+0800 INFO (motion_controller_device.cpp:1482) sys/motion/3 [SMC] Checking axis 2 motion status...
2026-02-02T16:41:27,759926+0800 DEBUG (motion_controller_device.cpp:1483) sys/motion/3 [SMC] smc_check_done(card_id=2, axis=2) [always_executed_hook]
2026-02-02T16:41:27,760691+0800 DEBUG (motion_controller_device.cpp:1486) sys/motion/3 [SMC] smc_check_done() returned: 0 (0=moving, 1=stopped)
2026-02-02T16:41:27,761279+0800 INFO (motion_controller_device.cpp:1482) sys/motion/3 [SMC] Checking axis 3 motion status...
2026-02-02T16:41:27,761295+0800 DEBUG (motion_controller_device.cpp:1483) sys/motion/3 [SMC] smc_check_done(card_id=2, axis=3) [always_executed_hook]
2026-02-02T16:41:27,761962+0800 DEBUG (motion_controller_device.cpp:1486) sys/motion/3 [SMC] smc_check_done() returned: 0 (0=moving, 1=stopped)
2026-02-02T16:41:27,762716+0800 INFO (motion_controller_device.cpp:1482) sys/motion/3 [SMC] Checking axis 4 motion status...
2026-02-02T16:41:27,762725+0800 DEBUG (motion_controller_device.cpp:1483) sys/motion/3 [SMC] smc_check_done(card_id=2, axis=4) [always_executed_hook]
2026-02-02T16:41:27,763460+0800 DEBUG (motion_controller_device.cpp:1486) sys/motion/3 [SMC] smc_check_done() returned: 0 (0=moving, 1=stopped)
2026-02-02T16:41:27,764205+0800 INFO (motion_controller_device.cpp:1482) sys/motion/3 [SMC] Checking axis 5 motion status...
2026-02-02T16:41:27,764213+0800 DEBUG (motion_controller_device.cpp:1483) sys/motion/3 [SMC] smc_check_done(card_id=2, axis=5) [always_executed_hook]
2026-02-02T16:41:27,764776+0800 DEBUG (motion_controller_device.cpp:1486) sys/motion/3 [SMC] smc_check_done() returned: 0 (0=moving, 1=stopped)
2026-02-02T16:41:27,765971+0800 DEBUG (motion_controller_device.cpp:1102) sys/motion/3 [SMC] smc_read_eln_pin(card_id=2, axis=2)
2026-02-02T16:41:27,765980+0800 DEBUG (motion_controller_device.cpp:1103) sys/motion/3 [SMC] smc_read_elp_pin() returned: 1
2026-02-02T16:41:27,766674+0800 DEBUG (motion_controller_device.cpp:1105) sys/motion/3 [SMC] smc_read_eln_pin(card_id=2, axis=2)
2026-02-02T16:41:27,766683+0800 DEBUG (motion_controller_device.cpp:1106) sys/motion/3 [SMC] smc_read_eln_pin() returned: 1
2026-02-02T16:41:27,767160+0800 INFO (motion_controller_device.cpp:1482) sys/motion/3 [SMC] Checking axis 0 motion status...
2026-02-02T16:41:27,767301+0800 DEBUG (motion_controller_device.cpp:1483) sys/motion/3 [SMC] smc_check_done(card_id=2, axis=0) [always_executed_hook]
2026-02-02T16:41:27,768127+0800 DEBUG (motion_controller_device.cpp:1486) sys/motion/3 [SMC] smc_check_done() returned: 0 (0=moving, 1=stopped)
2026-02-02T16:41:27,769013+0800 INFO (motion_controller_device.cpp:1482) sys/motion/3 [SMC] Checking axis 1 motion status...
2026-02-02T16:41:27,769024+0800 DEBUG (motion_controller_device.cpp:1483) sys/motion/3 [SMC] smc_check_done(card_id=2, axis=1) [always_executed_hook]
2026-02-02T16:41:27,769840+0800 DEBUG (motion_controller_device.cpp:1486) sys/motion/3 [SMC] smc_check_done() returned: 0 (0=moving, 1=stopped)
2026-02-02T16:41:27,770524+0800 INFO (motion_controller_device.cpp:1482) sys/motion/3 [SMC] Checking axis 2 motion status...
2026-02-02T16:41:27,770539+0800 DEBUG (motion_controller_device.cpp:1483) sys/motion/3 [SMC] smc_check_done(card_id=2, axis=2) [always_executed_hook]
2026-02-02T16:41:27,771148+0800 DEBUG (motion_controller_device.cpp:1486) sys/motion/3 [SMC] smc_check_done() returned: 0 (0=moving, 1=stopped)
2026-02-02T16:41:27,771880+0800 INFO (motion_controller_device.cpp:1482) sys/motion/3 [SMC] Checking axis 3 motion status...
2026-02-02T16:41:27,771893+0800 DEBUG (motion_controller_device.cpp:1483) sys/motion/3 [SMC] smc_check_done(card_id=2, axis=3) [always_executed_hook]
2026-02-02T16:41:27,772634+0800 DEBUG (motion_controller_device.cpp:1486) sys/motion/3 [SMC] smc_check_done() returned: 0 (0=moving, 1=stopped)
2026-02-02T16:41:27,773738+0800 INFO (motion_controller_device.cpp:1482) sys/motion/3 [SMC] Checking axis 4 motion status...
2026-02-02T16:41:27,773753+0800 DEBUG (motion_controller_device.cpp:1483) sys/motion/3 [SMC] smc_check_done(card_id=2, axis=4) [always_executed_hook]
2026-02-02T16:41:27,774790+0800 DEBUG (motion_controller_device.cpp:1486) sys/motion/3 [SMC] smc_check_done() returned: 0 (0=moving, 1=stopped)
2026-02-02T16:41:27,775946+0800 INFO (motion_controller_device.cpp:1482) sys/motion/3 [SMC] Checking axis 5 motion status...
2026-02-02T16:41:27,775960+0800 DEBUG (motion_controller_device.cpp:1483) sys/motion/3 [SMC] smc_check_done(card_id=2, axis=5) [always_executed_hook]
2026-02-02T16:41:27,776761+0800 DEBUG (motion_controller_device.cpp:1486) sys/motion/3 [SMC] smc_check_done() returned: 0 (0=moving, 1=stopped)
2026-02-02T16:41:27,778144+0800 DEBUG (motion_controller_device.cpp:1102) sys/motion/3 [SMC] smc_read_eln_pin(card_id=2, axis=3)
2026-02-02T16:41:27,778174+0800 DEBUG (motion_controller_device.cpp:1103) sys/motion/3 [SMC] smc_read_elp_pin() returned: 1
2026-02-02T16:41:27,778771+0800 DEBUG (motion_controller_device.cpp:1105) sys/motion/3 [SMC] smc_read_eln_pin(card_id=2, axis=3)
2026-02-02T16:41:27,778785+0800 DEBUG (motion_controller_device.cpp:1106) sys/motion/3 [SMC] smc_read_eln_pin() returned: 1
2026-02-02T16:41:27,779159+0800 INFO (motion_controller_device.cpp:1482) sys/motion/3 [SMC] Checking axis 0 motion status...
2026-02-02T16:41:27,779169+0800 DEBUG (motion_controller_device.cpp:1483) sys/motion/3 [SMC] smc_check_done(card_id=2, axis=0) [always_executed_hook]
2026-02-02T16:41:27,779661+0800 DEBUG (motion_controller_device.cpp:1486) sys/motion/3 [SMC] smc_check_done() returned: 0 (0=moving, 1=stopped)
2026-02-02T16:41:27,780369+0800 INFO (motion_controller_device.cpp:1482) sys/motion/3 [SMC] Checking axis 1 motion status...
2026-02-02T16:41:27,780382+0800 DEBUG (motion_controller_device.cpp:1483) sys/motion/3 [SMC] smc_check_done(card_id=2, axis=1) [always_executed_hook]
2026-02-02T16:41:27,781063+0800 DEBUG (motion_controller_device.cpp:1486) sys/motion/3 [SMC] smc_check_done() returned: 0 (0=moving, 1=stopped)
2026-02-02T16:41:27,781686+0800 INFO (motion_controller_device.cpp:1482) sys/motion/3 [SMC] Checking axis 2 motion status...
2026-02-02T16:41:27,781694+0800 DEBUG (motion_controller_device.cpp:1483) sys/motion/3 [SMC] smc_check_done(card_id=2, axis=2) [always_executed_hook]
2026-02-02T16:41:27,783042+0800 DEBUG (motion_controller_device.cpp:1486) sys/motion/3 [SMC] smc_check_done() returned: 0 (0=moving, 1=stopped)
2026-02-02T16:41:27,783960+0800 INFO (motion_controller_device.cpp:1482) sys/motion/3 [SMC] Checking axis 3 motion status...
2026-02-02T16:41:27,783984+0800 DEBUG (motion_controller_device.cpp:1483) sys/motion/3 [SMC] smc_check_done(card_id=2, axis=3) [always_executed_hook]
2026-02-02T16:41:27,784794+0800 DEBUG (motion_controller_device.cpp:1486) sys/motion/3 [SMC] smc_check_done() returned: 0 (0=moving, 1=stopped)
2026-02-02T16:41:27,785420+0800 INFO (motion_controller_device.cpp:1482) sys/motion/3 [SMC] Checking axis 4 motion status...
2026-02-02T16:41:27,785441+0800 DEBUG (motion_controller_device.cpp:1483) sys/motion/3 [SMC] smc_check_done(card_id=2, axis=4) [always_executed_hook]
2026-02-02T16:41:27,786349+0800 DEBUG (motion_controller_device.cpp:1486) sys/motion/3 [SMC] smc_check_done() returned: 0 (0=moving, 1=stopped)
2026-02-02T16:41:27,786944+0800 INFO (motion_controller_device.cpp:1482) sys/motion/3 [SMC] Checking axis 5 motion status...
2026-02-02T16:41:27,786958+0800 DEBUG (motion_controller_device.cpp:1483) sys/motion/3 [SMC] smc_check_done(card_id=2, axis=5) [always_executed_hook]
2026-02-02T16:41:27,787716+0800 DEBUG (motion_controller_device.cpp:1486) sys/motion/3 [SMC] smc_check_done() returned: 0 (0=moving, 1=stopped)
2026-02-02T16:41:27,788816+0800 DEBUG (motion_controller_device.cpp:1102) sys/motion/3 [SMC] smc_read_eln_pin(card_id=2, axis=4)
2026-02-02T16:41:27,788829+0800 DEBUG (motion_controller_device.cpp:1103) sys/motion/3 [SMC] smc_read_elp_pin() returned: 1
2026-02-02T16:41:27,789620+0800 DEBUG (motion_controller_device.cpp:1105) sys/motion/3 [SMC] smc_read_eln_pin(card_id=2, axis=4)
2026-02-02T16:41:27,789633+0800 DEBUG (motion_controller_device.cpp:1106) sys/motion/3 [SMC] smc_read_eln_pin() returned: 1
2026-02-02T16:41:27,789898+0800 INFO (motion_controller_device.cpp:1482) sys/motion/3 [SMC] Checking axis 0 motion status...
2026-02-02T16:41:27,789916+0800 DEBUG (motion_controller_device.cpp:1483) sys/motion/3 [SMC] smc_check_done(card_id=2, axis=0) [always_executed_hook]
2026-02-02T16:41:27,790630+0800 DEBUG (motion_controller_device.cpp:1486) sys/motion/3 [SMC] smc_check_done() returned: 0 (0=moving, 1=stopped)
2026-02-02T16:41:27,791319+0800 INFO (motion_controller_device.cpp:1482) sys/motion/3 [SMC] Checking axis 1 motion status...
2026-02-02T16:41:27,791332+0800 DEBUG (motion_controller_device.cpp:1483) sys/motion/3 [SMC] smc_check_done(card_id=2, axis=1) [always_executed_hook]
2026-02-02T16:41:27,791987+0800 DEBUG (motion_controller_device.cpp:1486) sys/motion/3 [SMC] smc_check_done() returned: 0 (0=moving, 1=stopped)
2026-02-02T16:41:27,793119+0800 INFO (motion_controller_device.cpp:1482) sys/motion/3 [SMC] Checking axis 2 motion status...
2026-02-02T16:41:27,793138+0800 DEBUG (motion_controller_device.cpp:1483) sys/motion/3 [SMC] smc_check_done(card_id=2, axis=2) [always_executed_hook]
2026-02-02T16:41:27,793800+0800 DEBUG (motion_controller_device.cpp:1486) sys/motion/3 [SMC] smc_check_done() returned: 0 (0=moving, 1=stopped)
2026-02-02T16:41:27,794460+0800 INFO (motion_controller_device.cpp:1482) sys/motion/3 [SMC] Checking axis 3 motion status...
2026-02-02T16:41:27,794472+0800 DEBUG (motion_controller_device.cpp:1483) sys/motion/3 [SMC] smc_check_done(card_id=2, axis=3) [always_executed_hook]
2026-02-02T16:41:27,795024+0800 DEBUG (motion_controller_device.cpp:1486) sys/motion/3 [SMC] smc_check_done() returned: 0 (0=moving, 1=stopped)
2026-02-02T16:41:27,795548+0800 INFO (motion_controller_device.cpp:1482) sys/motion/3 [SMC] Checking axis 4 motion status...
2026-02-02T16:41:27,795559+0800 DEBUG (motion_controller_device.cpp:1483) sys/motion/3 [SMC] smc_check_done(card_id=2, axis=4) [always_executed_hook]
2026-02-02T16:41:27,796053+0800 DEBUG (motion_controller_device.cpp:1486) sys/motion/3 [SMC] smc_check_done() returned: 0 (0=moving, 1=stopped)
2026-02-02T16:41:27,796584+0800 INFO (motion_controller_device.cpp:1482) sys/motion/3 [SMC] Checking axis 5 motion status...
2026-02-02T16:41:27,796595+0800 DEBUG (motion_controller_device.cpp:1483) sys/motion/3 [SMC] smc_check_done(card_id=2, axis=5) [always_executed_hook]
2026-02-02T16:41:27,797042+0800 DEBUG (motion_controller_device.cpp:1486) sys/motion/3 [SMC] smc_check_done() returned: 0 (0=moving, 1=stopped)
2026-02-02T16:41:27,798703+0800 DEBUG (motion_controller_device.cpp:1102) sys/motion/3 [SMC] smc_read_eln_pin(card_id=2, axis=5)
2026-02-02T16:41:27,798722+0800 DEBUG (motion_controller_device.cpp:1103) sys/motion/3 [SMC] smc_read_elp_pin() returned: 1
2026-02-02T16:41:27,799385+0800 DEBUG (motion_controller_device.cpp:1105) sys/motion/3 [SMC] smc_read_eln_pin(card_id=2, axis=5)
2026-02-02T16:41:27,799393+0800 DEBUG (motion_controller_device.cpp:1106) sys/motion/3 [SMC] smc_read_eln_pin() returned: 1
2026-02-02T16:41:27,799662+0800 INFO (motion_controller_device.cpp:1482) sys/motion/3 [SMC] Checking axis 0 motion status...
2026-02-02T16:41:27,799730+0800 DEBUG (motion_controller_device.cpp:1483) sys/motion/3 [SMC] smc_check_done(card_id=2, axis=0) [always_executed_hook]
2026-02-02T16:41:27,800398+0800 DEBUG (motion_controller_device.cpp:1486) sys/motion/3 [SMC] smc_check_done() returned: 0 (0=moving, 1=stopped)
2026-02-02T16:41:27,800856+0800 INFO (motion_controller_device.cpp:1482) sys/motion/3 [SMC] Checking axis 1 motion status...
2026-02-02T16:41:27,800864+0800 DEBUG (motion_controller_device.cpp:1483) sys/motion/3 [SMC] smc_check_done(card_id=2, axis=1) [always_executed_hook]
2026-02-02T16:41:27,801302+0800 DEBUG (motion_controller_device.cpp:1486) sys/motion/3 [SMC] smc_check_done() returned: 0 (0=moving, 1=stopped)
2026-02-02T16:41:27,801911+0800 INFO (motion_controller_device.cpp:1482) sys/motion/3 [SMC] Checking axis 2 motion status...
2026-02-02T16:41:27,801918+0800 DEBUG (motion_controller_device.cpp:1483) sys/motion/3 [SMC] smc_check_done(card_id=2, axis=2) [always_executed_hook]
2026-02-02T16:41:27,802439+0800 DEBUG (motion_controller_device.cpp:1486) sys/motion/3 [SMC] smc_check_done() returned: 0 (0=moving, 1=stopped)
2026-02-02T16:41:27,803018+0800 INFO (motion_controller_device.cpp:1482) sys/motion/3 [SMC] Checking axis 3 motion status...
2026-02-02T16:41:27,803034+0800 DEBUG (motion_controller_device.cpp:1483) sys/motion/3 [SMC] smc_check_done(card_id=2, axis=3) [always_executed_hook]
2026-02-02T16:41:27,803601+0800 DEBUG (motion_controller_device.cpp:1486) sys/motion/3 [SMC] smc_check_done() returned: 0 (0=moving, 1=stopped)
2026-02-02T16:41:27,804268+0800 INFO (motion_controller_device.cpp:1482) sys/motion/3 [SMC] Checking axis 4 motion status...
2026-02-02T16:41:27,804275+0800 DEBUG (motion_controller_device.cpp:1483) sys/motion/3 [SMC] smc_check_done(card_id=2, axis=4) [always_executed_hook]
2026-02-02T16:41:27,804867+0800 DEBUG (motion_controller_device.cpp:1486) sys/motion/3 [SMC] smc_check_done() returned: 0 (0=moving, 1=stopped)
2026-02-02T16:41:27,805351+0800 INFO (motion_controller_device.cpp:1482) sys/motion/3 [SMC] Checking axis 5 motion status...
2026-02-02T16:41:27,805363+0800 DEBUG (motion_controller_device.cpp:1483) sys/motion/3 [SMC] smc_check_done(card_id=2, axis=5) [always_executed_hook]
2026-02-02T16:41:27,805835+0800 DEBUG (motion_controller_device.cpp:1486) sys/motion/3 [SMC] smc_check_done() returned: 0 (0=moving, 1=stopped)
2026-02-02T16:41:28,308184+0800 INFO (motion_controller_device.cpp:1482) sys/motion/3 [SMC] Checking axis 0 motion status...
2026-02-02T16:41:28,308266+0800 DEBUG (motion_controller_device.cpp:1483) sys/motion/3 [SMC] smc_check_done(card_id=2, axis=0) [always_executed_hook]
2026-02-02T16:41:28,309159+0800 DEBUG (motion_controller_device.cpp:1486) sys/motion/3 [SMC] smc_check_done() returned: 0 (0=moving, 1=stopped)
2026-02-02T16:41:28,309721+0800 INFO (motion_controller_device.cpp:1482) sys/motion/3 [SMC] Checking axis 1 motion status...
2026-02-02T16:41:28,309736+0800 DEBUG (motion_controller_device.cpp:1483) sys/motion/3 [SMC] smc_check_done(card_id=2, axis=1) [always_executed_hook]
2026-02-02T16:41:28,310459+0800 DEBUG (motion_controller_device.cpp:1486) sys/motion/3 [SMC] smc_check_done() returned: 0 (0=moving, 1=stopped)
2026-02-02T16:41:28,311021+0800 INFO (motion_controller_device.cpp:1482) sys/motion/3 [SMC] Checking axis 2 motion status...
2026-02-02T16:41:28,311034+0800 DEBUG (motion_controller_device.cpp:1483) sys/motion/3 [SMC] smc_check_done(card_id=2, axis=2) [always_executed_hook]
2026-02-02T16:41:28,311540+0800 DEBUG (motion_controller_device.cpp:1486) sys/motion/3 [SMC] smc_check_done() returned: 0 (0=moving, 1=stopped)
2026-02-02T16:41:28,312013+0800 INFO (motion_controller_device.cpp:1482) sys/motion/3 [SMC] Checking axis 3 motion status...
2026-02-02T16:41:28,312028+0800 DEBUG (motion_controller_device.cpp:1483) sys/motion/3 [SMC] smc_check_done(card_id=2, axis=3) [always_executed_hook]
2026-02-02T16:41:28,312597+0800 DEBUG (motion_controller_device.cpp:1486) sys/motion/3 [SMC] smc_check_done() returned: 0 (0=moving, 1=stopped)
2026-02-02T16:41:28,313059+0800 INFO (motion_controller_device.cpp:1482) sys/motion/3 [SMC] Checking axis 4 motion status...
2026-02-02T16:41:28,313071+0800 DEBUG (motion_controller_device.cpp:1483) sys/motion/3 [SMC] smc_check_done(card_id=2, axis=4) [always_executed_hook]
2026-02-02T16:41:28,313547+0800 DEBUG (motion_controller_device.cpp:1486) sys/motion/3 [SMC] smc_check_done() returned: 0 (0=moving, 1=stopped)
2026-02-02T16:41:28,314071+0800 INFO (motion_controller_device.cpp:1482) sys/motion/3 [SMC] Checking axis 5 motion status...
2026-02-02T16:41:28,314081+0800 DEBUG (motion_controller_device.cpp:1483) sys/motion/3 [SMC] smc_check_done(card_id=2, axis=5) [always_executed_hook]
2026-02-02T16:41:28,314890+0800 DEBUG (motion_controller_device.cpp:1486) sys/motion/3 [SMC] smc_check_done() returned: 0 (0=moving, 1=stopped)
2026-02-02T16:41:28,316051+0800 DEBUG (motion_controller_device.cpp:1102) sys/motion/3 [SMC] smc_read_eln_pin(card_id=2, axis=0)
2026-02-02T16:41:28,316072+0800 DEBUG (motion_controller_device.cpp:1103) sys/motion/3 [SMC] smc_read_elp_pin() returned: 1
2026-02-02T16:41:28,316587+0800 DEBUG (motion_controller_device.cpp:1105) sys/motion/3 [SMC] smc_read_eln_pin(card_id=2, axis=0)
2026-02-02T16:41:28,316601+0800 DEBUG (motion_controller_device.cpp:1106) sys/motion/3 [SMC] smc_read_eln_pin() returned: 1
2026-02-02T16:41:28,317022+0800 INFO (motion_controller_device.cpp:1482) sys/motion/3 [SMC] Checking axis 0 motion status...
2026-02-02T16:41:28,317125+0800 DEBUG (motion_controller_device.cpp:1483) sys/motion/3 [SMC] smc_check_done(card_id=2, axis=0) [always_executed_hook]
2026-02-02T16:41:28,317879+0800 DEBUG (motion_controller_device.cpp:1486) sys/motion/3 [SMC] smc_check_done() returned: 0 (0=moving, 1=stopped)
2026-02-02T16:41:28,318530+0800 INFO (motion_controller_device.cpp:1482) sys/motion/3 [SMC] Checking axis 1 motion status...
2026-02-02T16:41:28,318544+0800 DEBUG (motion_controller_device.cpp:1483) sys/motion/3 [SMC] smc_check_done(card_id=2, axis=1) [always_executed_hook]
2026-02-02T16:41:28,319127+0800 DEBUG (motion_controller_device.cpp:1486) sys/motion/3 [SMC] smc_check_done() returned: 0 (0=moving, 1=stopped)
2026-02-02T16:41:28,319837+0800 INFO (motion_controller_device.cpp:1482) sys/motion/3 [SMC] Checking axis 2 motion status...
2026-02-02T16:41:28,319844+0800 DEBUG (motion_controller_device.cpp:1483) sys/motion/3 [SMC] smc_check_done(card_id=2, axis=2) [always_executed_hook]
2026-02-02T16:41:28,320407+0800 DEBUG (motion_controller_device.cpp:1486) sys/motion/3 [SMC] smc_check_done() returned: 0 (0=moving, 1=stopped)
2026-02-02T16:41:28,320993+0800 INFO (motion_controller_device.cpp:1482) sys/motion/3 [SMC] Checking axis 3 motion status...
2026-02-02T16:41:28,321005+0800 DEBUG (motion_controller_device.cpp:1483) sys/motion/3 [SMC] smc_check_done(card_id=2, axis=3) [always_executed_hook]
2026-02-02T16:41:28,321723+0800 DEBUG (motion_controller_device.cpp:1486) sys/motion/3 [SMC] smc_check_done() returned: 0 (0=moving, 1=stopped)
2026-02-02T16:41:28,322837+0800 INFO (motion_controller_device.cpp:1482) sys/motion/3 [SMC] Checking axis 4 motion status...
2026-02-02T16:41:28,322851+0800 DEBUG (motion_controller_device.cpp:1483) sys/motion/3 [SMC] smc_check_done(card_id=2, axis=4) [always_executed_hook]
2026-02-02T16:41:28,323810+0800 DEBUG (motion_controller_device.cpp:1486) sys/motion/3 [SMC] smc_check_done() returned: 0 (0=moving, 1=stopped)
2026-02-02T16:41:28,324418+0800 INFO (motion_controller_device.cpp:1482) sys/motion/3 [SMC] Checking axis 5 motion status...
2026-02-02T16:41:28,324437+0800 DEBUG (motion_controller_device.cpp:1483) sys/motion/3 [SMC] smc_check_done(card_id=2, axis=5) [always_executed_hook]
2026-02-02T16:41:28,325347+0800 DEBUG (motion_controller_device.cpp:1486) sys/motion/3 [SMC] smc_check_done() returned: 0 (0=moving, 1=stopped)
2026-02-02T16:41:28,326801+0800 DEBUG (motion_controller_device.cpp:1102) sys/motion/3 [SMC] smc_read_eln_pin(card_id=2, axis=1)
2026-02-02T16:41:28,326819+0800 DEBUG (motion_controller_device.cpp:1103) sys/motion/3 [SMC] smc_read_elp_pin() returned: 1
2026-02-02T16:41:28,327347+0800 DEBUG (motion_controller_device.cpp:1105) sys/motion/3 [SMC] smc_read_eln_pin(card_id=2, axis=1)
2026-02-02T16:41:28,327422+0800 DEBUG (motion_controller_device.cpp:1106) sys/motion/3 [SMC] smc_read_eln_pin() returned: 1
2026-02-02T16:41:28,327842+0800 INFO (motion_controller_device.cpp:1482) sys/motion/3 [SMC] Checking axis 0 motion status...
2026-02-02T16:41:28,327894+0800 DEBUG (motion_controller_device.cpp:1483) sys/motion/3 [SMC] smc_check_done(card_id=2, axis=0) [always_executed_hook]
2026-02-02T16:41:28,329006+0800 DEBUG (motion_controller_device.cpp:1486) sys/motion/3 [SMC] smc_check_done() returned: 0 (0=moving, 1=stopped)
2026-02-02T16:41:28,330058+0800 INFO (motion_controller_device.cpp:1482) sys/motion/3 [SMC] Checking axis 1 motion status...
2026-02-02T16:41:28,330080+0800 DEBUG (motion_controller_device.cpp:1483) sys/motion/3 [SMC] smc_check_done(card_id=2, axis=1) [always_executed_hook]
2026-02-02T16:41:28,331802+0800 DEBUG (motion_controller_device.cpp:1486) sys/motion/3 [SMC] smc_check_done() returned: 0 (0=moving, 1=stopped)
2026-02-02T16:41:28,333278+0800 INFO (motion_controller_device.cpp:1482) sys/motion/3 [SMC] Checking axis 2 motion status...
2026-02-02T16:41:28,333362+0800 DEBUG (motion_controller_device.cpp:1483) sys/motion/3 [SMC] smc_check_done(card_id=2, axis=2) [always_executed_hook]
2026-02-02T16:41:28,334553+0800 DEBUG (motion_controller_device.cpp:1486) sys/motion/3 [SMC] smc_check_done() returned: 0 (0=moving, 1=stopped)
2026-02-02T16:41:28,335472+0800 INFO (motion_controller_device.cpp:1482) sys/motion/3 [SMC] Checking axis 3 motion status...
2026-02-02T16:41:28,335554+0800 DEBUG (motion_controller_device.cpp:1483) sys/motion/3 [SMC] smc_check_done(card_id=2, axis=3) [always_executed_hook]
2026-02-02T16:41:28,336194+0800 DEBUG (motion_controller_device.cpp:1486) sys/motion/3 [SMC] smc_check_done() returned: 0 (0=moving, 1=stopped)
2026-02-02T16:41:28,336909+0800 INFO (motion_controller_device.cpp:1482) sys/motion/3 [SMC] Checking axis 4 motion status...
2026-02-02T16:41:28,336945+0800 DEBUG (motion_controller_device.cpp:1483) sys/motion/3 [SMC] smc_check_done(card_id=2, axis=4) [always_executed_hook]
2026-02-02T16:41:28,338040+0800 DEBUG (motion_controller_device.cpp:1486) sys/motion/3 [SMC] smc_check_done() returned: 0 (0=moving, 1=stopped)
2026-02-02T16:41:28,338733+0800 INFO (motion_controller_device.cpp:1482) sys/motion/3 [SMC] Checking axis 5 motion status...
2026-02-02T16:41:28,338749+0800 DEBUG (motion_controller_device.cpp:1483) sys/motion/3 [SMC] smc_check_done(card_id=2, axis=5) [always_executed_hook]
2026-02-02T16:41:28,339505+0800 DEBUG (motion_controller_device.cpp:1486) sys/motion/3 [SMC] smc_check_done() returned: 0 (0=moving, 1=stopped)
2026-02-02T16:41:28,341384+0800 DEBUG (motion_controller_device.cpp:1102) sys/motion/3 [SMC] smc_read_eln_pin(card_id=2, axis=2)
2026-02-02T16:41:28,341403+0800 DEBUG (motion_controller_device.cpp:1103) sys/motion/3 [SMC] smc_read_elp_pin() returned: 1
2026-02-02T16:41:28,342200+0800 DEBUG (motion_controller_device.cpp:1105) sys/motion/3 [SMC] smc_read_eln_pin(card_id=2, axis=2)
2026-02-02T16:41:28,342225+0800 DEBUG (motion_controller_device.cpp:1106) sys/motion/3 [SMC] smc_read_eln_pin() returned: 1
2026-02-02T16:41:28,342771+0800 INFO (motion_controller_device.cpp:1482) sys/motion/3 [SMC] Checking axis 0 motion status...
2026-02-02T16:41:28,342780+0800 DEBUG (motion_controller_device.cpp:1483) sys/motion/3 [SMC] smc_check_done(card_id=2, axis=0) [always_executed_hook]
2026-02-02T16:41:28,343626+0800 DEBUG (motion_controller_device.cpp:1486) sys/motion/3 [SMC] smc_check_done() returned: 0 (0=moving, 1=stopped)
2026-02-02T16:41:28,344500+0800 INFO (motion_controller_device.cpp:1482) sys/motion/3 [SMC] Checking axis 1 motion status...
2026-02-02T16:41:28,344577+0800 DEBUG (motion_controller_device.cpp:1483) sys/motion/3 [SMC] smc_check_done(card_id=2, axis=1) [always_executed_hook]
2026-02-02T16:41:28,345190+0800 DEBUG (motion_controller_device.cpp:1486) sys/motion/3 [SMC] smc_check_done() returned: 1 (0=moving, 1=stopped)
2026-02-02T16:41:28,345223+0800 INFO (motion_controller_device.cpp:1482) sys/motion/3 [SMC] Checking axis 2 motion status...
2026-02-02T16:41:28,345231+0800 DEBUG (motion_controller_device.cpp:1483) sys/motion/3 [SMC] smc_check_done(card_id=2, axis=2) [always_executed_hook]
2026-02-02T16:41:28,345927+0800 DEBUG (motion_controller_device.cpp:1486) sys/motion/3 [SMC] smc_check_done() returned: 0 (0=moving, 1=stopped)
2026-02-02T16:41:28,346472+0800 INFO (motion_controller_device.cpp:1482) sys/motion/3 [SMC] Checking axis 3 motion status...
2026-02-02T16:41:28,346488+0800 DEBUG (motion_controller_device.cpp:1483) sys/motion/3 [SMC] smc_check_done(card_id=2, axis=3) [always_executed_hook]
2026-02-02T16:41:28,346990+0800 DEBUG (motion_controller_device.cpp:1486) sys/motion/3 [SMC] smc_check_done() returned: 1 (0=moving, 1=stopped)
2026-02-02T16:41:28,347002+0800 INFO (motion_controller_device.cpp:1482) sys/motion/3 [SMC] Checking axis 4 motion status...
2026-02-02T16:41:28,347009+0800 DEBUG (motion_controller_device.cpp:1483) sys/motion/3 [SMC] smc_check_done(card_id=2, axis=4) [always_executed_hook]
2026-02-02T16:41:28,347644+0800 DEBUG (motion_controller_device.cpp:1486) sys/motion/3 [SMC] smc_check_done() returned: 0 (0=moving, 1=stopped)
2026-02-02T16:41:28,348152+0800 INFO (motion_controller_device.cpp:1482) sys/motion/3 [SMC] Checking axis 5 motion status...
2026-02-02T16:41:28,348161+0800 DEBUG (motion_controller_device.cpp:1483) sys/motion/3 [SMC] smc_check_done(card_id=2, axis=5) [always_executed_hook]
2026-02-02T16:41:28,348681+0800 DEBUG (motion_controller_device.cpp:1486) sys/motion/3 [SMC] smc_check_done() returned: 0 (0=moving, 1=stopped)
2026-02-02T16:41:28,349951+0800 DEBUG (motion_controller_device.cpp:1102) sys/motion/3 [SMC] smc_read_eln_pin(card_id=2, axis=3)
2026-02-02T16:41:28,349960+0800 DEBUG (motion_controller_device.cpp:1103) sys/motion/3 [SMC] smc_read_elp_pin() returned: 1
2026-02-02T16:41:28,350459+0800 DEBUG (motion_controller_device.cpp:1105) sys/motion/3 [SMC] smc_read_eln_pin(card_id=2, axis=3)
2026-02-02T16:41:28,350468+0800 DEBUG (motion_controller_device.cpp:1106) sys/motion/3 [SMC] smc_read_eln_pin() returned: 1
2026-02-02T16:41:28,350785+0800 INFO (motion_controller_device.cpp:1482) sys/motion/3 [SMC] Checking axis 0 motion status...
2026-02-02T16:41:28,350838+0800 DEBUG (motion_controller_device.cpp:1483) sys/motion/3 [SMC] smc_check_done(card_id=2, axis=0) [always_executed_hook]
2026-02-02T16:41:28,351416+0800 DEBUG (motion_controller_device.cpp:1486) sys/motion/3 [SMC] smc_check_done() returned: 0 (0=moving, 1=stopped)
2026-02-02T16:41:28,352229+0800 INFO (motion_controller_device.cpp:1482) sys/motion/3 [SMC] Checking axis 2 motion status...
2026-02-02T16:41:28,352246+0800 DEBUG (motion_controller_device.cpp:1483) sys/motion/3 [SMC] smc_check_done(card_id=2, axis=2) [always_executed_hook]
2026-02-02T16:41:28,352984+0800 DEBUG (motion_controller_device.cpp:1486) sys/motion/3 [SMC] smc_check_done() returned: 0 (0=moving, 1=stopped)
2026-02-02T16:41:28,353539+0800 INFO (motion_controller_device.cpp:1482) sys/motion/3 [SMC] Checking axis 4 motion status...
2026-02-02T16:41:28,353548+0800 DEBUG (motion_controller_device.cpp:1483) sys/motion/3 [SMC] smc_check_done(card_id=2, axis=4) [always_executed_hook]
2026-02-02T16:41:28,354152+0800 DEBUG (motion_controller_device.cpp:1486) sys/motion/3 [SMC] smc_check_done() returned: 0 (0=moving, 1=stopped)
2026-02-02T16:41:28,354607+0800 INFO (motion_controller_device.cpp:1482) sys/motion/3 [SMC] Checking axis 5 motion status...
2026-02-02T16:41:28,354616+0800 DEBUG (motion_controller_device.cpp:1483) sys/motion/3 [SMC] smc_check_done(card_id=2, axis=5) [always_executed_hook]
2026-02-02T16:41:28,357897+0800 DEBUG (motion_controller_device.cpp:1486) sys/motion/3 [SMC] smc_check_done() returned: 0 (0=moving, 1=stopped)
2026-02-02T16:41:28,359933+0800 DEBUG (motion_controller_device.cpp:1102) sys/motion/3 [SMC] smc_read_eln_pin(card_id=2, axis=4)
2026-02-02T16:41:28,360028+0800 DEBUG (motion_controller_device.cpp:1103) sys/motion/3 [SMC] smc_read_elp_pin() returned: 1
2026-02-02T16:41:28,360694+0800 DEBUG (motion_controller_device.cpp:1105) sys/motion/3 [SMC] smc_read_eln_pin(card_id=2, axis=4)
2026-02-02T16:41:28,360735+0800 DEBUG (motion_controller_device.cpp:1106) sys/motion/3 [SMC] smc_read_eln_pin() returned: 1
2026-02-02T16:41:28,361110+0800 INFO (motion_controller_device.cpp:1482) sys/motion/3 [SMC] Checking axis 0 motion status...
2026-02-02T16:41:28,361162+0800 DEBUG (motion_controller_device.cpp:1483) sys/motion/3 [SMC] smc_check_done(card_id=2, axis=0) [always_executed_hook]
2026-02-02T16:41:28,361941+0800 DEBUG (motion_controller_device.cpp:1486) sys/motion/3 [SMC] smc_check_done() returned: 0 (0=moving, 1=stopped)
2026-02-02T16:41:28,362754+0800 INFO (motion_controller_device.cpp:1482) sys/motion/3 [SMC] Checking axis 2 motion status...
2026-02-02T16:41:28,362826+0800 DEBUG (motion_controller_device.cpp:1483) sys/motion/3 [SMC] smc_check_done(card_id=2, axis=2) [always_executed_hook]
2026-02-02T16:41:28,363784+0800 DEBUG (motion_controller_device.cpp:1486) sys/motion/3 [SMC] smc_check_done() returned: 0 (0=moving, 1=stopped)
2026-02-02T16:41:28,364608+0800 INFO (motion_controller_device.cpp:1482) sys/motion/3 [SMC] Checking axis 4 motion status...
2026-02-02T16:41:28,364647+0800 DEBUG (motion_controller_device.cpp:1483) sys/motion/3 [SMC] smc_check_done(card_id=2, axis=4) [always_executed_hook]
2026-02-02T16:41:28,365484+0800 DEBUG (motion_controller_device.cpp:1486) sys/motion/3 [SMC] smc_check_done() returned: 0 (0=moving, 1=stopped)
2026-02-02T16:41:28,366086+0800 INFO (motion_controller_device.cpp:1482) sys/motion/3 [SMC] Checking axis 5 motion status...
2026-02-02T16:41:28,366095+0800 DEBUG (motion_controller_device.cpp:1483) sys/motion/3 [SMC] smc_check_done(card_id=2, axis=5) [always_executed_hook]
2026-02-02T16:41:28,366742+0800 DEBUG (motion_controller_device.cpp:1486) sys/motion/3 [SMC] smc_check_done() returned: 1 (0=moving, 1=stopped)
2026-02-02T16:41:28,367283+0800 DEBUG (motion_controller_device.cpp:1102) sys/motion/3 [SMC] smc_read_eln_pin(card_id=2, axis=5)
2026-02-02T16:41:28,367297+0800 DEBUG (motion_controller_device.cpp:1103) sys/motion/3 [SMC] smc_read_elp_pin() returned: 1
2026-02-02T16:41:28,367821+0800 DEBUG (motion_controller_device.cpp:1105) sys/motion/3 [SMC] smc_read_eln_pin(card_id=2, axis=5)
2026-02-02T16:41:28,367836+0800 DEBUG (motion_controller_device.cpp:1106) sys/motion/3 [SMC] smc_read_eln_pin() returned: 1
2026-02-02T16:41:28,368098+0800 INFO (motion_controller_device.cpp:1482) sys/motion/3 [SMC] Checking axis 0 motion status...
2026-02-02T16:41:28,368168+0800 DEBUG (motion_controller_device.cpp:1483) sys/motion/3 [SMC] smc_check_done(card_id=2, axis=0) [always_executed_hook]
2026-02-02T16:41:28,368757+0800 DEBUG (motion_controller_device.cpp:1486) sys/motion/3 [SMC] smc_check_done() returned: 0 (0=moving, 1=stopped)
2026-02-02T16:41:28,369356+0800 INFO (motion_controller_device.cpp:1482) sys/motion/3 [SMC] Checking axis 2 motion status...
2026-02-02T16:41:28,369401+0800 DEBUG (motion_controller_device.cpp:1483) sys/motion/3 [SMC] smc_check_done(card_id=2, axis=2) [always_executed_hook]
2026-02-02T16:41:28,370020+0800 DEBUG (motion_controller_device.cpp:1486) sys/motion/3 [SMC] smc_check_done() returned: 0 (0=moving, 1=stopped)
2026-02-02T16:41:28,370535+0800 INFO (motion_controller_device.cpp:1482) sys/motion/3 [SMC] Checking axis 4 motion status...
2026-02-02T16:41:28,370552+0800 DEBUG (motion_controller_device.cpp:1483) sys/motion/3 [SMC] smc_check_done(card_id=2, axis=4) [always_executed_hook]
2026-02-02T16:41:28,371162+0800 DEBUG (motion_controller_device.cpp:1486) sys/motion/3 [SMC] smc_check_done() returned: 0 (0=moving, 1=stopped)
2026-02-02T16:41:28,878817+0800 INFO (motion_controller_device.cpp:1482) sys/motion/3 [SMC] Checking axis 0 motion status...
2026-02-02T16:41:28,878928+0800 DEBUG (motion_controller_device.cpp:1483) sys/motion/3 [SMC] smc_check_done(card_id=2, axis=0) [always_executed_hook]
2026-02-02T16:41:28,879803+0800 DEBUG (motion_controller_device.cpp:1486) sys/motion/3 [SMC] smc_check_done() returned: 1 (0=moving, 1=stopped)
2026-02-02T16:41:28,879847+0800 INFO (motion_controller_device.cpp:1482) sys/motion/3 [SMC] Checking axis 2 motion status...
2026-02-02T16:41:28,879854+0800 DEBUG (motion_controller_device.cpp:1483) sys/motion/3 [SMC] smc_check_done(card_id=2, axis=2) [always_executed_hook]
2026-02-02T16:41:28,880381+0800 DEBUG (motion_controller_device.cpp:1486) sys/motion/3 [SMC] smc_check_done() returned: 1 (0=moving, 1=stopped)
2026-02-02T16:41:28,880400+0800 INFO (motion_controller_device.cpp:1482) sys/motion/3 [SMC] Checking axis 4 motion status...
2026-02-02T16:41:28,880405+0800 DEBUG (motion_controller_device.cpp:1483) sys/motion/3 [SMC] smc_check_done(card_id=2, axis=4) [always_executed_hook]
2026-02-02T16:41:28,881020+0800 DEBUG (motion_controller_device.cpp:1486) sys/motion/3 [SMC] smc_check_done() returned: 1 (0=moving, 1=stopped)
2026-02-02T16:41:28,881799+0800 DEBUG (motion_controller_device.cpp:1102) sys/motion/3 [SMC] smc_read_eln_pin(card_id=2, axis=0)
2026-02-02T16:41:28,881814+0800 DEBUG (motion_controller_device.cpp:1103) sys/motion/3 [SMC] smc_read_elp_pin() returned: 1
2026-02-02T16:41:28,882445+0800 DEBUG (motion_controller_device.cpp:1105) sys/motion/3 [SMC] smc_read_eln_pin(card_id=2, axis=0)
2026-02-02T16:41:28,882455+0800 DEBUG (motion_controller_device.cpp:1106) sys/motion/3 [SMC] smc_read_eln_pin() returned: 1
2026-02-02T16:41:28,883235+0800 DEBUG (motion_controller_device.cpp:1102) sys/motion/3 [SMC] smc_read_eln_pin(card_id=2, axis=1)
2026-02-02T16:41:28,883255+0800 DEBUG (motion_controller_device.cpp:1103) sys/motion/3 [SMC] smc_read_elp_pin() returned: 1
2026-02-02T16:41:28,883814+0800 DEBUG (motion_controller_device.cpp:1105) sys/motion/3 [SMC] smc_read_eln_pin(card_id=2, axis=1)
2026-02-02T16:41:28,883834+0800 DEBUG (motion_controller_device.cpp:1106) sys/motion/3 [SMC] smc_read_eln_pin() returned: 1
2026-02-02T16:41:28,884444+0800 DEBUG (motion_controller_device.cpp:1102) sys/motion/3 [SMC] smc_read_eln_pin(card_id=2, axis=2)
2026-02-02T16:41:28,884463+0800 DEBUG (motion_controller_device.cpp:1103) sys/motion/3 [SMC] smc_read_elp_pin() returned: 1
2026-02-02T16:41:28,884871+0800 DEBUG (motion_controller_device.cpp:1105) sys/motion/3 [SMC] smc_read_eln_pin(card_id=2, axis=2)
2026-02-02T16:41:28,884876+0800 DEBUG (motion_controller_device.cpp:1106) sys/motion/3 [SMC] smc_read_eln_pin() returned: 1
2026-02-02T16:41:28,885495+0800 DEBUG (motion_controller_device.cpp:1102) sys/motion/3 [SMC] smc_read_eln_pin(card_id=2, axis=3)
2026-02-02T16:41:28,885507+0800 DEBUG (motion_controller_device.cpp:1103) sys/motion/3 [SMC] smc_read_elp_pin() returned: 1
2026-02-02T16:41:28,886063+0800 DEBUG (motion_controller_device.cpp:1105) sys/motion/3 [SMC] smc_read_eln_pin(card_id=2, axis=3)
2026-02-02T16:41:28,886075+0800 DEBUG (motion_controller_device.cpp:1106) sys/motion/3 [SMC] smc_read_eln_pin() returned: 1
2026-02-02T16:41:28,886575+0800 DEBUG (motion_controller_device.cpp:1102) sys/motion/3 [SMC] smc_read_eln_pin(card_id=2, axis=4)
2026-02-02T16:41:28,886591+0800 DEBUG (motion_controller_device.cpp:1103) sys/motion/3 [SMC] smc_read_elp_pin() returned: 1
2026-02-02T16:41:28,887106+0800 DEBUG (motion_controller_device.cpp:1105) sys/motion/3 [SMC] smc_read_eln_pin(card_id=2, axis=4)
2026-02-02T16:41:28,887119+0800 DEBUG (motion_controller_device.cpp:1106) sys/motion/3 [SMC] smc_read_eln_pin() returned: 1
2026-02-02T16:41:28,887708+0800 DEBUG (motion_controller_device.cpp:1102) sys/motion/3 [SMC] smc_read_eln_pin(card_id=2, axis=5)
2026-02-02T16:41:28,887727+0800 DEBUG (motion_controller_device.cpp:1103) sys/motion/3 [SMC] smc_read_elp_pin() returned: 1
2026-02-02T16:41:28,888478+0800 DEBUG (motion_controller_device.cpp:1105) sys/motion/3 [SMC] smc_read_eln_pin(card_id=2, axis=5)
2026-02-02T16:41:28,888494+0800 DEBUG (motion_controller_device.cpp:1106) sys/motion/3 [SMC] smc_read_eln_pin() returned: 1
